200
0.653696 0.618038 0.396872 0.183102 0.807194 0.025580 0.779714 0.805044 0.908452 0.001680 0.975163 0.251518 0.652955 0.225923 0.186112 0.156056 0.822059 0.107596 0.838660 0.947919 0.457883 0.488686 0.448978 0.878753 0.115524 0.750419 0.846723 0.715186 0.644367 0.903435 0.974164 0.516572 0.451276 0.510204 0.549224 0.004389 0.175878 0.119929 0.756084 0.794403 0.733975 0.769844 0.439678 0.967106 0.003908 0.417518 0.014415 0.876775 0.574906 0.664602 0.050939 0.663559 0.728915 0.156594 0.444484 0.054485 0.525703 0.755752 0.567715 0.163361 0.230456 0.010126 0.277091 0.735608 0.862536 0.862244 0.303832 0.695917 0.534306 0.364049 0.480941 0.877615 0.485385 0.938110 0.861789 0.121640 0.048412 0.489541 0.006763 0.902007 0.926339 0.328929 0.824390 0.961140 0.376145 0.334320 0.712279 0.401612 0.384337 0.456841 0.837688 0.028785 0.182721 0.351643 0.222876 0.587521 0.227318 0.694172 0.362690 0.614787 0.889999 0.239451 0.479207 0.397974 0.323385 0.239650 0.504503 0.093553 0.102094 0.769355 0.935664 0.463842 0.870605 0.967007 0.915790 0.001600 0.196935 0.892706 0.152380 0.965456 0.766614 0.846593 0.914487 0.183572 0.551555 0.504932 0.324807 0.847239 0.531836 0.780232 0.530802 0.982941 0.359714 0.428871 0.794011 0.521820 0.089471 0.008900 0.395065 0.341402 0.606456 0.331800 0.632589 0.354317 0.038438 0.272490 0.779107 0.182315 0.628207 0.770781 0.925458 0.132740 0.113006 0.367518 0.586555 0.959016 0.673884 0.080669 0.968598 0.106884 0.992224 0.027112 0.249230 0.423965 0.797032 0.267571 0.308861 0.901034 0.616580 0.790706 0.257256 0.546981 0.688184 0.181206 0.760203 0.599703 0.605511 0.595185 0.888835 0.450712 0.062307 0.343382 0.163933 0.579897 0.713955 0.903146 0.022766 0.922624 0.282173 0.978919 0.843839 0.577857 0.392479 0.062914 0.856038 0.259095 0.502243 0.898893 0.370560 0.733338
0.568981 0.688705 0.900633 0.099572 0.144629 0.665504 0.626764 0.856838 0.890360 0.702003 0.761388 0.680480 0.680425 0.456156 0.760117 0.513431 0.692814 0.724011 0.860810 0.182490 0.915278 0.566889 0.844236 0.468994 0.536938 0.944491 0.668920 0.209407 0.276869 0.469826 0.184273 0.656806 0.644672 0.527390 0.187951 0.272702 0.175954 0.343734 0.052113 0.377631 0.118390 0.118103 0.637307 0.610180 0.192479 0.880238 0.537806 0.978886 0.008380 0.574621 0.440003 0.630306 0.707788 0.718239 0.552976 0.239584 0.991880 0.848502 0.224480 0.118392 0.677700 0.711279 0.428346 0.765456 0.951874 0.854063 0.906831 0.041601 0.708234 0.494677 0.456815 0.030634 0.406405 0.302322 0.275889 0.844945 0.348348 0.815488 0.711345 0.471696 0.873989 0.266479 0.501585 0.448029 0.664994 0.446841 0.564246 0.187678 0.412455 0.242026 0.972230 0.045754 0.339913 0.721773 0.231378 0.907110 0.739594 0.072984 0.304821 0.351715 0.656936 0.775875 0.601154 0.382739 0.588466 0.952381 0.904552 0.018218 0.190671 0.316515 0.822874 0.729229 0.346621 0.844250 0.580828 0.995106 0.530114 0.133001 0.536097 0.583018 0.774961 0.349802 0.284107 0.174844 0.894007 0.787809 0.108798 0.079609 0.839595 0.800287 0.920496 0.043777 0.761133 0.914614 0.626693 0.770589 0.971048 0.306267 0.002257 0.942699 0.655077 0.252611 0.929659 0.639064 0.830111 0.518834 0.518918 0.155675 0.238771 0.146706 0.344038 0.944698 0.036580 0.951307 0.025121 0.703716 0.607734 0.930080 0.583180 0.056935 0.917405 0.747430 0.637002 0.528832 0.784538 0.059410 0.327368 0.602873 0.666951 0.280046 0.444381 0.406885 0.737793 0.101863 0.587259 0.520095 0.218189 0.062275 0.259168 0.984045 0.642592 0.199556 0.412990 0.176823 0.859973 0.557351 0.708359 0.699461 0.968211 0.735769 0.667458 0.303082 0.968135 0.439375 0.225294 0.753958 0.468886 0.258486 0.273781 0.121482
0.357075 0.890893 0.400997 0.742714 0.932582 0.407322 0.794103 0.504089 0.802805 0.739471 0.893130 0.790195 0.070313 0.471263 0.273942 0.295552 0.826174 0.383623 0.782426 0.621026 0.608551 0.363022 0.170047 0.713123 0.356134 0.136084 0.235969 0.961866 0.951529 0.753133 0.992185 0.717947 0.027393 0.433135 0.163187 0.167712 0.840551 0.883042 0.154492 0.413338 0.965578 0.283874 0.147960 0.502251 0.330426 0.634580 0.101886 0.933859 0.724813 0.040137 0.610701 0.976286 0.331218 0.494175 0.634601 0.564202 0.063308 0.208568 0.294181 0.790407 0.979067 0.985779 0.204144 0.366065 0.319588 0.758634 0.856027 0.569626 0.074223 0.054235 0.494137 0.533238 0.293562 0.189167 0.954638 0.685830 0.125625 0.437692 0.300924 0.225514 0.182614 0.525365 0.415486 0.320654 0.684030 0.851146 0.611999 0.534450 0.753596 0.243484 0.815060 0.310699 0.316211 0.105844 0.529059 0.739169 0.193601 0.906870 0.935072 0.544604 0.911955 0.554385 0.215198 0.159558 0.490287 0.199534 0.400534 0.006989 0.797518 0.046348 0.495176 0.463993 0.992482 0.457206 0.233668 0.851580 0.103367 0.393243 0.276121 0.204346 0.048409 0.867496 0.204142 0.829900 0.029649 0.437750 0.745932 0.884250 0.623592 0.437064 0.298242 0.392362 0.312433 0.475505 0.508138 0.754726 0.199993 0.285642 0.083375 0.384964 0.814100 0.543443 0.370289 0.251453 0.247173 0.958095 0.918266 0.098008 0.036445 0.712698 0.227105 0.745284 0.138386 0.186524 0.070825 0.725241 0.167533 0.071063 0.336452 0.874262 0.004300 0.199551 0.002736 0.603217 0.911859 0.922878 0.546265 0.689557 0.185768 0.212008 0.327445 0.463777 0.912325 0.739540 0.781753 0.097840 0.567913 0.805083 0.123916 0.822778 0.855185 0.193630 0.829765 0.679702 0.538635 0.889696 0.068123 0.285457 0.466241 0.070076 0.530077 0.623940 0.583242 0.636268 0.429201 0.033868 0.097182 0.225601 0.903222 0.927854
0.377811 0.115401 0.456092 0.511716 0.232499 0.975100 0.469819 0.706220 0.775332 0.968360 0.943761 0.147490 0.564037 0.866616 0.422834 0.520207 0.400172 0.696565 0.695207 0.214252 0.565806 0.762505 0.694563 0.792479 0.461503 0.081692 0.935221 0.615746 0.528078 0.422290 0.545510 0.232167 0.208363 0.628487 0.976439 0.214069 0.653457 0.700442 0.451806 0.872383 0.361403 0.003136 0.750221 0.418113 0.707674 0.226833 0.763538 0.019515 0.563904 0.959831 0.891909 0.587969 0.233849 0.504934 0.769486 0.621835 0.122423 0.599395 0.523968 0.424407 0.530260 0.413579 0.395413 0.991719 0.052023 0.338149 0.035176 0.672503 0.539503 0.537878 0.220149 0.193218 0.168375 0.787882 0.576082 0.095062 0.351879 0.964762 0.394851 0.831639 0.233640 0.756261 0.006236 0.520525 0.751513 0.578507 0.265598 0.261081 0.366520 0.096565 0.396313 0.864987 0.462885 0.053991 0.277371 0.358601 0.129406 0.379945 0.173454 0.541215 0.542167 0.867067 0.853621 0.135686 0.795174 0.012028 0.315820 0.066358 0.044159 0.908765 0.343299 0.550383 0.038947 0.896749 0.811881 0.639040 0.553681 0.673357 0.589179 0.024623 0.010506 0.855972 0.881566 0.403590 0.367497 0.019082 0.436007 0.163571 0.644746 0.920979 0.406591 0.319130 0.204348 0.934642 0.782771 0.814841 0.186551 0.167325 0.756394 0.823151 0.349739 0.338756 0.373315 0.243943 0.091017 0.604660 0.893262 0.264075 0.266752 0.921202 0.074684 0.679779 0.306279 0.523179 0.023527 0.119169 0.521056 0.412888 0.794103 0.039340 0.550770 0.469058 0.837164 0.836898 0.761430 0.432572 0.379937 0.856309 0.269566 0.240466 0.923277 0.629594 0.653809 0.146448 0.836833 0.603491 0.950579 0.281423 0.510794 0.801804 0.180820 0.188852 0.996098 0.821328 0.506731 0.687034 0.390183 0.721892 0.562162 0.240900 0.029489 0.108115 0.762514 0.493053 0.166298 0.407091 0.754789 0.188291 0.214780 0.089114
0.885849 0.193426 0.720066 0.177049 0.963124 0.491290 0.400425 0.346999 0.483711 0.142095 0.879957 0.501431 0.394035 0.870797 0.802148 0.684060 0.841704 0.996125 0.587941 0.412849 0.583361 0.002313 0.878913 0.254712 0.274136 0.411508 0.176827 0.393775 0.253936 0.929805 0.072026 0.771992 0.812384 0.731688 0.075041 0.878646 0.028164 0.461860 0.968389 0.409312 0.965671 0.794855 0.176935 0.140630 0.571643 0.416582 0.249307 0.659836 0.298713 0.760596 0.377329 0.650971 0.193769 0.119435 0.047172 0.498321 0.461596 0.817118 0.959454 0.822391 0.759021 0.652412 0.803784 0.088024 0.169073 0.055197 0.246975 0.570932 0.933231 0.265237 0.101351 0.743927 0.837449 0.317018 0.322365 0.684997 0.015265 0.252331 0.324491 0.297083 0.341390 0.551184 0.742633 0.048945 0.009607 0.824148 0.844420 0.168882 0.033787 0.927532 0.353527 0.515978 0.509347 0.566056 0.733536 0.148745 0.908135 0.934078 0.584289 0.576699 0.844055 0.926158 0.116431 0.622872 0.745213 0.231100 0.104170 0.838492 0.437579 0.364409 0.622787 0.155719 0.106222 0.670296 0.387605 0.893691 0.104240 0.339569 0.409922 0.572828 0.976855 0.133415 0.158411 0.794083 0.041761 0.309140 0.243652 0.675442 0.758177 0.268282 0.767017 0.004166 0.592208 0.473720 0.184024 0.877386 0.787662 0.599989 0.238201 0.553664 0.341929 0.928567 0.446644 0.830725 0.135121 0.708861 0.658755 0.299723 0.890477 0.948819 0.571249 0.172847 0.013358 0.086309 0.573804 0.588894 0.028483 0.971330 0.178285 0.195882 0.254187 0.111521 0.217448 0.364629 0.300695 0.315864 0.039891 0.002738 0.665155 0.198893 0.748733 0.417645 0.681010 0.690017 0.688166 0.239706 0.069775 0.059739 0.043880 0.962703 0.601780 0.039510 0.908298 0.450097 0.803418 0.766284 0.625187 0.482762 0.954317 0.245142 0.460871 0.183651 0.929008 0.843518 0.450010 0.204881 0.795058 0.734249 0.613750 0.793526
0.305227 0.269926 0.866725 0.058446 0.522025 0.057314 0.913393 0.203105 0.346744 0.519263 0.397820 0.579156 0.808940 0.787221 0.767866 0.208497 0.118626 0.961363 0.437014 0.119413 0.769099 0.496416 0.070975 0.782884 0.254443 0.344234 0.898943 0.629727 0.453460 0.058841 0.620379 0.864028 0.564139 0.591776 0.677536 0.058857 0.660344 0.681555 0.522715 0.353550 0.546147 0.953793 0.910513 0.702494 0.792716 0.026145 0.937838 0.273701 0.008973 0.706050 0.571976 0.562964 0.899909 0.694931 0.626916 0.418789 0.107234 0.109214 0.213141 0.909131 0.955108 0.418280 0.989842 0.979291 0.515586 0.805800 0.949984 0.175952 0.696614 0.567206 0.639457 0.039941 0.094396 0.357421 0.694904 0.730388 0.044378 0.165393 0.351808 0.979986 0.737375 0.256000 0.008883 0.226593 0.791130 0.019573 0.459492 0.991511 0.764649 0.210229 0.908679 0.512949 0.828594 0.940871 0.912911 0.919529 0.180733 0.719250 0.562205 0.311109 0.107665 0.438973 0.150379 0.698508 0.102227 0.874469 0.799409 0.387031 0.360651 0.953309 0.224293 0.092108 0.480348 0.881177 0.450920 0.415679 0.200329 0.996744 0.707061 0.707983 0.679351 0.651480 0.873570 0.324680 0.033094 0.043386 0.259099 0.732962 0.485389 0.115504 0.907059 0.287292 0.765404 0.215428 0.132801 0.316719 0.695530 0.874912 0.642927 0.243998 0.195610 0.807763 0.645972 0.329012 0.509984 0.021764 0.290862 0.627041 0.233950 0.435542 0.681114 0.590857 0.506537 0.185452 0.926738 0.223265 0.862876 0.755654 0.707428 0.342493 0.056658 0.270575 0.832234 0.789654 0.864182 0.875106 0.845533 0.558710 0.579543 0.341062 0.710056 0.753673 0.470960 0.293785 0.615405 0.793412 0.866396 0.580978 0.285399 0.828453 0.511477 0.610350 0.540369 0.614212 0.553043 0.639949 0.630386 0.939639 0.949274 0.284011 0.252741 0.664648 0.539826 0.901474 0.165386 0.467349 0.530205 0.736387 0.530623 0.328361
0.379889 0.198950 0.946378 0.973746 0.694928 0.896161 0.198275 0.341582 0.293114 0.997240 0.460288 0.819845 0.737592 0.336499 0.782483 0.629490 0.299157 0.670846 0.075573 0.632043 0.560454 0.672323 0.125670 0.243554 0.636953 0.040658 0.940677 0.772119 0.141262 0.600001 0.087165 0.900146 0.577168 0.560734 0.130123 0.444784 0.393768 0.732334 0.498491 0.447578 0.512754 0.985627 0.851161 0.295721 0.721243 0.449727 0.868963 0.301347 0.482835 0.195134 0.003800 0.709508 0.569116 0.457591 0.528517 0.572866 0.100137 0.116905 0.654280 0.786843 0.683099 0.825492 0.035150 0.170644 0.885850 0.943714 0.850539 0.941163 0.344759 0.554683 0.808608 0.257280 0.488132 0.774002 0.150788 0.726262 0.510223 0.158674 0.647348 0.995524 0.475346 0.735884 0.321699 0.270077 0.943249 0.769694 0.813905 0.024507 0.143221 0.033797 0.764451 0.299414 0.848646 0.690556 0.501643 0.136453 0.151683 0.343637 0.102477 0.375342 0.254780 0.549069 0.133813 0.705477 0.120055 0.082138 0.188335 0.625290 0.908994 0.868147 0.845849 0.365343 0.538855 0.360916 0.704643 0.461858 0.564384 0.362167 0.592184 0.331582 0.601458 0.449639 0.370829 0.903269 0.131644 0.058772 0.265317 0.573019 0.038996 0.007300 0.039738 0.979019 0.421126 0.528123 0.899844 0.694535 0.510678 0.690372 0.203287 0.710151 0.135269 0.748311 0.868388 0.672827 0.351101 0.357491 0.260417 0.793532 0.930566 0.116988 0.790410 0.773321 0.272427 0.924644 0.974183 0.971501 0.239445 0.527454 0.212864 0.930909 0.180258 0.128305 0.604639 0.283675 0.234205 0.779150 0.213661 0.043649 0.470771 0.174789 0.830481 0.226979 0.650925 0.083120 0.998223 0.207301 0.707601 0.294748 0.351962 0.109282 0.968864 0.190027 0.198604 0.726615 0.297732 0.056242 0.036473 0.517082 0.958471 0.805739 0.103733 0.674253 0.959269 0.511007 0.235330 0.011907 0.416721 0.082674 0.858058 0.392850
0.253989 0.109594 0.564061 0.496384 0.524430 0.722988 0.978114 0.612803 0.884247 0.557623 0.996701 0.073463 0.592905 0.251472 0.192093 0.060861 0.974200 0.013348 0.383398 0.149530 0.261035 0.805204 0.535553 0.655025 0.567082 0.513802 0.833971 0.917630 0.465270 0.578122 0.139624 0.478597 0.408329 0.122221 0.522948 0.676538 0.117818 0.445794 0.977589 0.242123 0.418497 0.294317 0.880162 0.188573 0.376648 0.415513 0.309568 0.838379 0.765055 0.013119 0.833437 0.625236 0.408679 0.060707 0.607889 0.283999 0.061762 0.176816 0.520410 0.773143 0.586114 0.983641 0.456085 0.870759 0.558543 0.640591 0.667768 0.852818 0.159313 0.495063 0.857147 0.934635 0.008854 0.811068 0.705614 0.108531 0.367390 0.562067 0.327970 0.845205 0.612559 0.005207 0.690542 0.969744 0.960186 0.662335 0.631275 0.206835 0.189271 0.272383 0.581346 0.386503 0.939378 0.732828 0.311407 0.018907 0.990660 0.752915 0.112144 0.409126 0.018564 0.841210 0.915622 0.726734 0.398021 0.838075 0.199245 0.717393 0.786319 0.487818 0.360516 0.735029 0.551361 0.504753 0.480234 0.900995 0.656153 0.639313 0.727899 0.829263 0.878307 0.750611 0.299610 0.224335 0.706658 0.389277 0.146261 0.431497 0.549176 0.795281 0.658727 0.240242 0.987301 0.550299 0.253020 0.801041 0.080428 0.476035 0.342499 0.143193 0.868736 0.709277 0.873647 0.864241 0.613796 0.313668 0.172628 0.583512 0.284758 0.547205 0.447940 0.905216 0.530656 0.635944 0.805735 0.234668 0.641792 0.486635 0.783980 0.468563 0.770389 0.076702 0.878505 0.309686 0.227363 0.133769 0.100862 0.205053 0.097340 0.511253 0.842369 0.645614 0.014777 0.761933 0.939145 0.087050 0.188708 0.563205 0.413215 0.694291 0.314427 0.674695 0.662145 0.824202 0.750219 0.025437 0.771015 0.740319 0.728191 0.260107 0.227019 0.112364 0.630532 0.363084 0.656610 0.117520 0.201554 0.273116 0.753417 0.378949
0.901472 0.060209 0.653872 0.098583 0.465043 0.997788 0.040063 0.817342 0.386350 0.174174 0.428635 0.953980 0.623347 0.050478 0.340334 0.840421 0.382651 0.964983 0.984975 0.781365 0.286081 0.920255 0.940603 0.683305 0.985732 0.667496 0.208394 0.807500 0.052282 0.016466 0.811591 0.488582 0.975968 0.518273 0.935755 0.414789 0.336700 0.546081 0.657778 0.798329 0.776351 0.212178 0.690144 0.229087 0.309198 0.846495 0.630534 0.481989 0.129706 0.218132 0.621591 0.369709 0.470684 0.986890 0.929789 0.598859 0.239919 0.764848 0.184739 0.604813 0.657008 0.739984 0.627580 0.632610 0.981244 0.667828 0.479029 0.258169 0.569997 0.359134 0.172216 0.819556 0.544491 0.559893 0.630476 0.941043 0.828661 0.679054 0.725324 0.184915 0.728671 0.807314 0.166211 0.523994 0.890869 0.530790 0.515904 0.056567 0.951004 0.497657 0.178026 0.561531 0.301808 0.263012 0.407495 0.268553 0.642780 0.811314 0.400970 0.543232 0.254602 0.856864 0.727941 0.777902 0.473768 0.180253 0.909697 0.214410 0.371642 0.435107 0.592942 0.137740 0.742022 0.996475 0.571113 0.634053 0.932867 0.747470 0.117113 0.411892 0.251793 0.858218 0.964810 0.064125 0.725044 0.439865 0.718668 0.826329 0.958966 0.776626 0.755377 0.623915 0.539556 0.033282 0.079105 0.958591 0.754626 0.899082 0.687670 0.980266 0.862786 0.039717 0.276274 0.844188 0.845295 0.788473 0.611744 0.089682 0.307014 0.277453 0.938034 0.531080 0.010259 0.233682 0.833714 0.979749 0.169540 0.110279 0.278105 0.556258 0.258248 0.314725 0.367287 0.698414 0.246957 0.153181 0.983729 0.162298 0.019482 0.394486 0.577093 0.314185 0.871313 0.817700 0.413860 0.287318 0.990880 0.093202 0.613610 0.918691 0.209063 0.157162 0.269676 0.152025 0.758997 0.483862 0.369379 0.215215 0.453894 0.592327 0.472384 0.860611 0.263439 0.527754 0.485052 0.566418 0.222108 0.745866 0.419411 0.230769
0.467431 0.500235 0.880431 0.999437 0.877671 0.647457 0.514483 0.958324 0.160378 0.196878 0.809966 0.669139 0.366160 0.348947 0.453310 0.666176 0.382829 0.929270 0.667947 0.635929 0.097255 0.523674 0.621456 0.745974 0.322628 0.992669 0.942165 0.426277 0.922643 0.210354 0.344708 0.598958 0.265372 0.788352 0.171488 0.959257 0.917341 0.420180 0.530847 0.518190 0.633468 0.907523 0.334256 0.717712 0.825122 0.726562 0.022981 0.987472 0.316648 0.190903 0.378361 0.156348 0.964122 0.481491 0.573142 0.100824 0.787750 0.221018 0.261488 0.044152 0.704842 0.333545 0.746477 0.210714 0.707271 0.113798 0.042914 0.658026 0.998293 0.811306 0.989807 0.102343 0.841683 0.727813 0.650460 0.848147 0.278501 0.059315 0.347382 0.775918 0.892366 0.414469 0.937808 0.839516 0.961011 0.842538 0.390434 0.604506 0.166427 0.919279 0.394185 0.961656 0.806956 0.925925 0.259762 0.203548 0.555108 0.036698 0.171445 0.554728 0.385573 0.295526 0.722277 0.318269 0.374047 0.586390 0.057959 0.236785 0.023874 0.447081 0.836928 0.795971 0.580161 0.653116 0.370371 0.911281 0.736745 0.787437 0.805081 0.543729 0.952601 0.121021 0.063548 0.060338 0.212945 0.071238 0.265111 0.071533 0.188999 0.395875 0.270927 0.750127 0.636075 0.643907 0.733385 0.932813 0.995697 0.699614 0.192253 0.515342 0.118518 0.979235 0.913799 0.437340 0.342281 0.074350 0.163666 0.033580 0.752163 0.796100 0.492949 0.300680 0.275328 0.555245 0.969862 0.238743 0.339760 0.222840 0.747279 0.894439 0.900128 0.548449 0.889048 0.359947 0.256776 0.104792 0.706947 0.905902 0.981575 0.254351 0.593472 0.110238 0.516254 0.434524 0.513612 0.490022 0.782384 0.371095 0.521089 0.917048 0.591464 0.445785 0.363010 0.564941 0.824496 0.348866 0.989262 0.975427 0.811115 0.720961 0.825396 0.659731 0.148160 0.745066 0.329328 0.222512 0.042073 0.696868 0.049543 0.577790
0.609969 0.552197 0.033712 0.007407 0.791788 0.605105 0.574868 0.043223 0.767265 0.760432 0.799312 0.993784 0.732763 0.463140 0.811280 0.574749 0.727528 0.533104 0.347123 0.034935 0.251222 0.811166 0.737838 0.287919 0.017791 0.210468 0.350247 0.595564 0.881727 0.669533 0.689480 0.377314 0.618660 0.822271 0.077428 0.090804 0.472645 0.607044 0.656816 0.243346 0.003101 0.443667 0.996385 0.723563 0.312224 0.184046 0.851200 0.790612 0.782649 0.341897 0.989414 0.518718 0.384840 0.848570 0.005042 0.833833 0.282298 0.085178 0.590678 0.734661 0.310142 0.198382 0.419785 0.674340 0.266730 0.330963 0.808724 0.949026 0.899192 0.806233 0.432638 0.579930 0.626972 0.219216 0.354458 0.806723 0.529151 0.860914 0.072193 0.979222 0.663435 0.178790 0.813771 0.383557 0.529155 0.788566 0.441763 0.049997 0.110947 0.282350 0.438936 0.788629 0.741100 0.493007 0.114294 0.266306 0.053184 0.675111 0.451820 0.265490 0.025130 0.385277 0.420605 0.041922 0.299528 0.794689 0.293144 0.127091 0.462693 0.127187 0.948083 0.789571 0.545512 0.924538 0.944893 0.779542 0.678872 0.905280 0.184929 0.846834 0.445591 0.267892 0.017277 0.641177 0.651741 0.145101 0.255391 0.304006 0.542044 0.699890 0.831676 0.581351 0.337601 0.235304 0.835430 0.219781 0.121294 0.411639 0.798130 0.547533 0.472991 0.987494 0.475779 0.050825 0.797748 0.568005 0.204996 0.153991 0.766383 0.656805 0.919511 0.704155 0.757767 0.403497 0.206852 0.173482 0.197175 0.400865 0.278438 0.387617 0.720152 0.818971 0.557394 0.828970 0.852969 0.544068 0.004963 0.725840 0.727159 0.807495 0.430570 0.736464 0.072494 0.248958 0.648804 0.217013 0.390809 0.334542 0.406860 0.967954 0.780869 0.237452 0.037172 0.888487 0.234512 0.971943 0.543485 0.335426 0.092310 0.090765 0.472141 0.729206 0.283553 0.433264 0.618817 0.071076 0.849685 0.794615 0.454822 0.392485
0.882928 0.700426 0.620784 0.524240 0.167374 0.054205 0.143440 0.906497 0.291671 0.870214 0.797912 0.363681 0.468695 0.735213 0.224038 0.031516 0.329286 0.182281 0.686715 0.194107 0.009291 0.567536 0.492770 0.609136 0.882066 0.900554 0.624892 0.609316 0.447737 0.002837 0.648179 0.475179 0.263252 0.014952 0.037821 0.423630 0.643618 0.130612 0.884649 0.794079 0.063158 0.695767 0.949755 0.840994 0.468783 0.031899 0.506775 0.854359 0.427177 0.725497 0.408001 0.799695 0.258539 0.053944 0.243698 0.856691 0.338857 0.124599 0.699797 0.419082 0.919341 0.072896 0.249134 0.896562 0.887800 0.330126 0.279933 0.008303 0.556883 0.914580 0.236896 0.905878 0.788582 0.812952 0.111518 0.520371 0.241416 0.693018 0.826288 0.326611 0.683910 0.317741 0.414554 0.594641 0.926929 0.611327 0.235383 0.450788 0.506641 0.069255 0.487513 0.840558 0.845887 0.944561 0.961764 0.095885 0.085394 0.499771 0.254623 0.964403 0.309154 0.790727 0.394194 0.337014 0.125335 0.178524 0.815382 0.392006 0.490332 0.495638 0.267914 0.198957 0.881728 0.968414 0.792995 0.138074 0.950528 0.992665 0.392335 0.732111 0.730867 0.233703 0.246926 0.882449 0.686880 0.042236 0.565321 0.550406 0.608443 0.196468 0.126786 0.774716 0.994224 0.971708 0.102271 0.510878 0.848682 0.376732 0.149647 0.156698 0.074732 0.049636 0.425167 0.573529 0.599372 0.519004 0.261230 0.142763 0.733346 0.281763 0.364129 0.331543 0.311842 0.745009 0.935049 0.058178 0.707164 0.811848 0.433984 0.675179 0.663719 0.910124 0.576382 0.001944 0.875933 0.492974 0.206875 0.274921 0.669527 0.214785 0.565916 0.244530 0.748841 0.542929 0.259503 0.233140 0.085026 0.590124 0.380822 0.477959 0.271185 0.725124 0.514585 0.956407 0.762064 0.974375 0.529327 0.914114 0.283251 0.619292 0.364681 0.271679 0.310344 0.753012 0.260282 0.054786 0.126127 0.344963 0.451575 0.061081
0.698304 0.996302 0.693227 0.495645 0.788670 0.984103 0.362521 0.974547 0.239565 0.619709 0.216440 0.019134 0.053009 0.681576 0.023245 0.371945 0.938753 0.061152 0.525724 0.697526 0.975392 0.714992 0.289382 0.951379 0.893004 0.008569 0.629024 0.342696 0.196221 0.438398 0.742523 0.792037 0.563633 0.277593 0.523237 0.565336 0.287821 0.196859 0.448558 0.260338 0.277712 0.749146 0.836679 0.283495 0.661343 0.332922 0.954310 0.272592 0.797874 0.723612 0.520421 0.040142 0.336395 0.736626 0.240113 0.392016 0.787736 0.263060 0.638792 0.307260 0.360761 0.093979 0.125226 0.494724 0.607028 0.245155 0.094723 0.106367 0.282507 0.714404 0.858518 0.982929 0.093327 0.613169 0.453941 0.251310 0.376855 0.381588 0.345051 0.132547 0.817890 0.271355 0.956675 0.444957 0.426829 0.621248 0.274132 0.494338 0.807007 0.762689 0.656834 0.832446 0.535640 0.464836 0.742560 0.587769 0.585095 0.004415 0.029960 0.049494 0.178715 0.562954 0.553756 0.588524 0.903104 0.218699 0.048876 0.429365 0.825106 0.764313 0.200225 0.299179 0.246647 0.118986 0.924494 0.829088 0.694874 0.207928 0.251756 0.673000 0.734654 0.515831 0.919670 0.756553 0.359356 0.894360 0.460003 0.829017 0.821264 0.799611 0.291232 0.574554 0.691761 0.274237 0.124178 0.232057 0.348023 0.029288 0.353069 0.539008 0.583541 0.635190 0.829495 0.670249 0.670354 0.487311 0.033407 0.946159 0.030766 0.208063 0.638708 0.267844 0.353332 0.162758 0.734587 0.508374 0.224627 0.046310 0.431898 0.630505 0.926638 0.110320 0.452654 0.913162 0.493549 0.839328 0.610089 0.738684 0.095472 0.392486 0.907260 0.087063 0.599342 0.225537 0.031540 0.788066 0.873773 0.855553 0.366845 0.476495 0.082275 0.695216 0.224901 0.855141 0.244951 0.760724 0.399040 0.808737 0.746048 0.509091 0.719579 0.270578 0.728351 0.762162 0.519287 0.999534 0.950728 0.881136 0.696564 0.243975
0.140839 0.602046 0.161060 0.074812 0.471635 0.358899 0.984145 0.689029 0.786231 0.729772 0.716357 0.727166 0.780660 0.322328 0.808005 0.633408 0.768097 0.183021 0.258745 0.061523 0.954992 0.778546 0.561681 0.777884 0.969783 0.812123 0.458377 0.183533 0.374597 0.463326 0.977059 0.730148 0.319732 0.641006 0.817785 0.545933 0.588888 0.749990 0.465847 0.335446 0.147636 0.295582 0.765705 0.053751 0.661281 0.045685 0.190791 0.701762 0.215307 0.970965 0.632975 0.563215 0.973890 0.680405 0.083649 0.023912 0.392395 0.700354 0.854067 0.827438 0.983501 0.678704 0.987203 0.272454 0.838206 0.702245 0.394383 0.081436 0.277834 0.392070 0.687694 0.215234 0.669984 0.698114 0.429087 0.800634 0.079691 0.054888 0.871323 0.505774 0.240108 0.087096 0.725909 0.509155 0.164845 0.362495 0.407100 0.483663 0.890406 0.624505 0.413001 0.517604 0.450015 0.753783 0.010469 0.636058 0.082282 0.750437 0.839617 0.188975 0.593290 0.024837 0.440434 0.421783 0.912735 0.366077 0.667565 0.080290 0.114812 0.711744 0.859278 0.194209 0.236957 0.379763 0.911739 0.255746 0.737078 0.772404 0.178724 0.249863 0.435832 0.070763 0.618272 0.986296 0.980092 0.105515 0.782310 0.494337 0.574134 0.726654 0.433341 0.833039 0.974080 0.436898 0.635514 0.273700 0.591189 0.216660 0.282675 0.935332 0.927398 0.087586 0.303329 0.249621 0.165641 0.361039 0.299608 0.031873 0.961327 0.844482 0.079686 0.827217 0.844188 0.825686 0.580562 0.578394 0.054929 0.482609 0.652577 0.199600 0.977809 0.088638 0.944720 0.572603 0.269111 0.507438 0.197452 0.815551 0.971343 0.354451 0.599797 0.489199 0.062334 0.664443 0.691090 0.545694 0.550901 0.943276 0.021029 0.104622 0.628913 0.532911 0.956812 0.402418 0.755496 0.200425 0.959210 0.104801 0.260443 0.086957 0.296163 0.458793 0.960869 0.229795 0.373084 0.472999 0.556564 0.082688 0.673936 0.068043
0.024600 0.126865 0.647775 0.043077 0.698893 0.971260 0.767408 0.764299 0.891691 0.687705 0.722292 0.891195 0.165595 0.733078 0.940009 0.438004 0.085124 0.462957 0.157102 0.284166 0.035169 0.980095 0.274425 0.399765 0.118528 0.069155 0.892200 0.890385 0.957110 0.995203 0.158325 0.539525 0.814265 0.713934 0.439008 0.096676 0.699550 0.276264 0.289256 0.975598 0.367289 0.877823 0.790174 0.641167 0.012802 0.669914 0.043875 0.659591 0.754806 0.751440 0.074913 0.494616 0.890407 0.111792 0.400663 0.864986 0.612316 0.527628 0.925540 0.048153 0.357185 0.583601 0.230028 0.813007 0.116885 0.325132 0.343179 0.303229 0.924984 0.851878 0.552483 0.107312 0.271748 0.360623 0.335555 0.653077 0.641658 0.741334 0.517674 0.542306 0.807361 0.677842 0.669232 0.096579 0.518734 0.992940 0.469995 0.607243 0.713491 0.884456 0.170457 0.790051 0.929217 0.783648 0.381896 0.087046 0.396954 0.033513 0.387657 0.464443 0.309527 0.622417 0.095643 0.879802 0.035658 0.992185 0.545521 0.075656 0.663473 0.173001 0.053612 0.471571 0.558147 0.343984 0.598928 0.535665 0.283921 0.463198 0.939564 0.151637 0.564198 0.089374 0.024019 0.853755 0.220814 0.199462 0.928519 0.758741 0.287435 0.859345 0.233011 0.051583 0.998221 0.711788 0.670579 0.601490 0.322974 0.037097 0.268633 0.574259 0.989545 0.330744 0.035953 0.214338 0.034475 0.689650 0.657935 0.394821 0.047068 0.250943 0.999325 0.886085 0.487162 0.389771 0.381741 0.528884 0.459717 0.636090 0.442121 0.935331 0.367730 0.123858 0.530301 0.080547 0.619747 0.365823 0.342902 0.466072 0.102010 0.350297 0.482338 0.153394 0.416244 0.620569 0.615294 0.399221 0.924177 0.739425 0.950219 0.188778 0.220628 0.367964 0.860316 0.197858 0.485659 0.790285 0.078395 0.840251 0.775908 0.746346 0.940412 0.411292 0.408757 0.339436 0.067854 0.653843 0.224049 0.300904 0.620765 0.600092
0.427605 0.871300 0.464668 0.401138 0.811352 0.245389 0.437008 0.378004 0.973571 0.052268 0.429905 0.664977 0.550222 0.399162 0.349895 0.433442 0.007004 0.402416 0.398814 0.361607 0.460625 0.039004 0.599560 0.105562 0.049444 0.253082 0.424533 0.011946 0.592347 0.847200 0.357275 0.426473 0.911349 0.451283 0.630930 0.689620 0.489863 0.193785 0.600005 0.148547 0.512015 0.033458 0.497201 0.499237 0.757271 0.075240 0.004864 0.513742 0.771829 0.447194 0.041703 0.136558 0.445816 0.739933 0.053910 0.889309 0.533852 0.939325 0.837527 0.777192 0.240467 0.788747 0.866192 0.664611 0.835667 0.202527 0.776815 0.118443 0.377205 0.144617 0.718392 0.560875 0.106688 0.332133 0.019156 0.096721 0.226839 0.570686 0.171007 0.784289 0.448354 0.718412 0.100685 0.602745 0.442735 0.985353 0.525293 0.804991 0.514149 0.445201 0.492134 0.102210 0.552154 0.400744 0.687334 0.417583 0.259311 0.819830 0.395626 0.048205 0.243194 0.863667 0.101922 0.916965 0.047585 0.452473 0.562808 0.715985 0.139586 0.147525 0.164217 0.678011 0.034143 0.720435 0.348120 0.473947 0.978228 0.875579 0.440917 0.235473 0.223448 0.859326 0.130983 0.001164 0.953194 0.535802 0.084588 0.946665 0.132190 0.882044 0.449913 0.395289 0.870924 0.073248 0.836374 0.972312 0.999100 0.250784 0.630614 0.196873 0.527947 0.354396 0.060540 0.837053 0.559269 0.996640 0.475329 0.400072 0.742378 0.328052 0.100335 0.720341 0.463961 0.874934 0.022433 0.158371 0.404895 0.630203 0.046045 0.340680 0.007720 0.371637 0.974419 0.906559 0.637066 0.515843 0.088750 0.314768 0.790153 0.325255 0.343373 0.121064 0.070734 0.978907 0.628822 0.689398 0.932083 0.867734 0.596871 0.574185 0.798256 0.824239 0.463683 0.837313 0.056676 0.372242 0.651128 0.624381 0.625580 0.823905 0.816594 0.811121 0.590391 0.536138 0.746099 0.482236 0.037009 0.020702 0.485717 0.486562
0.937282 0.546625 0.181510 0.550599 0.440611 0.653207 0.950142 0.133612 0.324265 0.146950 0.874870 0.995644 0.563691 0.837033 0.017913 0.005704 0.678684 0.774749 0.023090 0.140314 0.345456 0.809496 0.777770 0.387502 0.182371 0.354821 0.594718 0.755351 0.404605 0.360826 0.506861 0.171742 0.041718 0.568357 0.429795 0.787979 0.401671 0.953398 0.337219 0.054999 0.571688 0.491653 0.628530 0.421117 0.000680 0.915634 0.754455 0.342624 0.711461 0.555758 0.219114 0.108921 0.655159 0.074419 0.948078 0.422666 0.543257 0.674705 0.838222 0.540248 0.898237 0.321581 0.120589 0.190463 0.657919 0.119873 0.567985 0.483356 0.128154 0.837404 0.095151 0.465481 0.342535 0.748013 0.050184 0.282186 0.920753 0.160740 0.558672 0.383569 0.823244 0.633727 0.412361 0.352888 0.043935 0.657328 0.942652 0.304796 0.412544 0.332934 0.970835 0.197795 0.294345 0.170895 0.317749 0.598905 0.591588 0.743715 0.606335 0.499264 0.369024 0.977529 0.320171 0.561076 0.474188 0.040477 0.515052 0.620640 0.472030 0.516757 0.654944 0.179034 0.519343 0.764669 0.879928 0.598878 0.400778 0.073806 0.243596 0.694534 0.443322 0.892186 0.004404 0.077847 0.447977 0.308684 0.840805 0.774501 0.554642 0.667612 0.091486 0.475339 0.514782 0.598230 0.764484 0.059871 0.125361 0.223926 0.673654 0.379296 0.532263 0.189446 0.575141 0.617010 0.197948 0.371131 0.798202 0.823672 0.330794 0.430512 0.659219 0.529397 0.716921 0.282739 0.928954 0.653844 0.503789 0.143860 0.391891 0.499297 0.491928 0.220273 0.069377 0.866112 0.591131 0.684354 0.639521 0.859872 0.512242 0.552707 0.604810 0.852456 0.289598 0.059775 0.202389 0.698140 0.508230 0.269313 0.820703 0.095158 0.495329 0.120105 0.403400 0.005249 0.835378 0.927620 0.022771 0.890889 0.945624 0.633766 0.541788 0.036944 0.043913 0.407231 0.412433 0.861370 0.162301 0.901832 0.588491 0.334370
0.322181 0.835759 0.808185 0.672444 0.695273 0.356912 0.480458 0.345589 0.756185 0.605407 0.137191 0.992712 0.107586 0.014629 0.352231 0.641074 0.889016 0.119011 0.333131 0.211622 0.483138 0.981889 0.212117 0.116625 0.736902 0.291546 0.673477 0.869218 0.116983 0.831610 0.392601 0.232446 0.975949 0.824382 0.462155 0.782286 0.392773 0.562095 0.786439 0.695816 0.616272 0.836989 0.012647 0.435925 0.847090 0.182053 0.192200 0.007624 0.954704 0.962917 0.493437 0.491657 0.029151 0.574592 0.703570 0.746807 0.935149 0.127213 0.724981 0.825905 0.858636 0.579061 0.591184 0.169026 0.119897 0.541200 0.404215 0.829849 0.647756 0.264385 0.186801 0.245043 0.847280 0.525948 0.681424 0.216657 0.025193 0.348845 0.155135 0.199134 0.611660 0.478975 0.200422 0.137875 0.443057 0.090017 0.776233 0.071145 0.407722 0.154034 0.215564 0.444531 0.134784 0.947286 0.291893 0.455772 0.744036 0.028837 0.225161 0.261457 0.082500 0.831068 0.579328 0.149163 0.294374 0.355741 0.667197 0.525057 0.794287 0.239311 0.414472 0.122251 0.900071 0.802195 0.406272 0.334754 0.959843 0.458725 0.185501 0.316851 0.193878 0.623896 0.244836 0.809117 0.192317 0.154357 0.673590 0.331783 0.514434 0.460844 0.098359 0.423334 0.872301 0.778280 0.233799 0.869926 0.374375 0.492562 0.371436 0.259611 0.670643 0.037111 0.759665 0.187082 0.152442 0.022641 0.030517 0.549601 0.376844 0.690913 0.117476 0.371340 0.144897 0.475952 0.480274 0.231173 0.154839 0.075187 0.021432 0.387224 0.006151 0.663227 0.737636 0.458691 0.303678 0.102347 0.334049 0.634669 0.562548 0.031526 0.442860 0.555423 0.639155 0.167156 0.766169 0.325966 0.707924 0.604492 0.825225 0.328021 0.691011 0.661913 0.591643 0.559607 0.724141 0.725699 0.224022 0.861010 0.837392 0.895229 0.197750 0.092681 0.310474 0.098927 0.412522 0.383619 0.085666 0.571792 0.250853 0.122843
0.481735 0.419105 0.884340 0.412475 0.065716 0.686572 0.607972 0.441613 0.126666 0.226475 0.634637 0.464288 0.664242 0.072353 0.797170 0.947310 0.623635 0.112294 0.587281 0.530713 0.638027 0.625222 0.742822 0.580296 0.676307 0.594799 0.519544 0.188925 0.284456 0.856203 0.990696 0.844136 0.301614 0.049837 0.265505 0.518853 0.935235 0.709438 0.292840 0.217567 0.382508 0.545309 0.309304 0.641204 0.394728 0.010948 0.990081 0.645803 0.776572 0.906265 0.974102 0.443156 0.515987 0.790222 0.020167 0.053393 0.252309 0.140882 0.644746 0.389092 0.380335 0.211528 0.786089 0.555164 0.893868 0.431702 0.701051 0.714813 0.727456 0.084907 0.946450 0.605722 0.688236 0.565262 0.480254 0.465745 0.295555 0.857250 0.539118 0.248753 0.631410 0.972255 0.573137 0.527003 0.574523 0.787883 0.927891 0.762017 0.407034 0.525720 0.479650 0.039246 0.129926 0.572978 0.982650 0.841564 0.031552 0.239138 0.336961 0.957712 0.632985 0.531259 0.643917 0.188612 0.842803 0.479988 0.150188 0.318737 0.469438 0.028554 0.701177 0.025069 0.601629 0.770568 0.801357 0.198695 0.713806 0.385055 0.940244 0.005575 0.832262 0.901806 0.958017 0.863980 0.016318 0.489865 0.356973 0.538203 0.418501 0.647199 0.037780 0.979543 0.776686 0.355759 0.982520 0.557878 0.226384 0.552707 0.576383 0.027125 0.446116 0.485677 0.662441 0.147679 0.494584 0.665617 0.078451 0.980138 0.477334 0.816812 0.230368 0.760858 0.647835 0.563733 0.175787 0.367732 0.752229 0.283412 0.753800 0.836471 0.937077 0.570665 0.975142 0.808464 0.500539 0.624018 0.222215 0.528126 0.943456 0.084111 0.579135 0.911161 0.676746 0.721526 0.158787 0.031693 0.201002 0.812673 0.869273 0.518082 0.104604 0.712982 0.387963 0.754548 0.603595 0.063696 0.480564 0.599559 0.394952 0.584213 0.317042 0.090994 0.035047 0.554479 0.378206 0.950240 0.515904 0.582184 0.510604 0.966453
0.993263 0.605874 0.110363 0.497117 0.879028 0.187136 0.984003 0.274554 0.872872 0.882914 0.486932 0.204334 0.867790 0.063119 0.622095 0.421608 0.353469 0.640172 0.343484 0.112152 0.937485 0.171481 0.979826 0.511588 0.968320 0.066417 0.376999 0.043074 0.401117 0.656807 0.575592 0.661853 0.846181 0.572553 0.904179 0.808499 0.515176 0.196119 0.909840 0.618986 0.186775 0.627632 0.937237 0.477608 0.030465 0.452141 0.088507 0.268237 0.291398 0.983918 0.123022 0.786090 0.067375 0.578788 0.191930 0.378004 0.799174 0.946651 0.184870 0.379306 0.416865 0.248080 0.814790 0.160801 0.656526 0.389439 0.765633 0.598447 0.090755 0.406859 0.841942 0.530709 0.879147 0.428457 0.957497 0.521358 0.034314 0.956931 0.576181 0.480078 0.166295 0.000555 0.813460 0.898495 0.086240 0.001030 0.759944 0.491691 0.417454 0.802527 0.018995 0.218323 0.479596 0.706416 0.200339 0.717389 0.157174 0.450417 0.566976 0.444013 0.405816 0.390208 0.543770 0.096795 0.753354 0.892822 0.347216 0.892152 0.541840 0.624276 0.037907 0.376088 0.696021 0.509014 0.480939 0.326711 0.825225 0.638509 0.203604 0.279341 0.341775 0.955408 0.665902 0.659148 0.368781 0.279827 0.517711 0.883702 0.727642 0.005704 0.249810 0.826588 0.527315 0.784169 0.341346 0.556782 0.651412 0.742339 0.774617 0.249789 0.937992 0.750590 0.834991 0.492077 0.013789 0.720878 0.809955 0.448158 0.307751 0.549247 0.156258 0.780821 0.222941 0.347704 0.942078 0.258231 0.607871 0.169508 0.302915 0.239634 0.440866 0.740006 0.634544 0.312379 0.649332 0.284560 0.762037 0.220501 0.568400 0.864164 0.838963 0.600426 0.700420 0.430060 0.876941 0.999126 0.770766 0.629826 0.288818 0.713317 0.612690 0.760848 0.046335 0.008435 0.261414 0.993309 0.761367 0.581353 0.856786 0.085621 0.549778 0.900406 0.426675 0.969281 0.150793 0.243015 0.425729 0.629655 0.156504 0.556025
0.897535 0.508122 0.603018 0.258791 0.532528 0.581774 0.581291 0.398737 0.614295 0.640105 0.120249 0.808033 0.977679 0.638995 0.597084 0.712728 0.777304 0.525751 0.429522 0.751294 0.391593 0.444779 0.016710 0.552773 0.915436 0.125425 0.323647 0.445885 0.081636 0.829689 0.893040 0.800693 0.412248 0.258890 0.076542 0.199315 0.883492 0.991387 0.922440 0.433917 0.526470 0.452960 0.780283 0.051508 0.061733 0.807165 0.782663 0.843730 0.191334 0.070598 0.527611 0.415350 0.923254 0.438923 0.395085 0.065909 0.399328 0.675612 0.680187 0.772812 0.302275 0.313242 0.218896 0.367985 0.401725 0.291569 0.968604 0.020110 0.594384 0.763891 0.972230 0.067780 0.706155 0.373616 0.381697 0.309995 0.386100 0.270772 0.146898 0.864559 0.657840 0.787227 0.989609 0.746873 0.823494 0.861181 0.175246 0.157166 0.243716 0.174139 0.054313 0.500265 0.930791 0.814267 0.097885 0.922868 0.981658 0.785870 0.390867 0.632459 0.077455 0.719173 0.919264 0.295527 0.357187 0.072067 0.123933 0.538128 0.593014 0.771362 0.258331 0.295310 0.585694 0.141923 0.315355 0.982446 0.532946 0.194232 0.330857 0.117585 0.330913 0.736019 0.320813 0.630372 0.331561 0.517226 0.728265 0.566917 0.815945 0.904606 0.456872 0.281139 0.598172 0.129404 0.152986 0.260046 0.101377 0.024190 0.499368 0.046613 0.646265 0.461869 0.768638 0.116754 0.756739 0.554069 0.124437 0.876210 0.530371 0.931687 0.055137 0.004827 0.715648 0.566124 0.409657 0.430826 0.046433 0.632090 0.348731 0.166648 0.451054 0.057963 0.993857 0.519340 0.081509 0.308563 0.950145 0.705853 0.830206 0.631902 0.335537 0.822138 0.451176 0.903478 0.446157 0.429446 0.391017 0.967441 0.010200 0.611422 0.380690 0.002110 0.399982 0.970526 0.085681 0.121543 0.099698 0.665189 0.457229 0.957808 0.982515 0.287326 0.728848 0.420666 0.029518 0.797871 0.808155 0.546709 0.369618 0.242864
0.925159 0.184665 0.658797 0.880924 0.506589 0.759707 0.369713 0.956958 0.952891 0.497226 0.717426 0.579673 0.216986 0.214790 0.532424 0.731266 0.946812 0.346745 0.871688 0.575690 0.951136 0.051952 0.751677 0.956850 0.612759 0.942831 0.751885 0.035576 0.322878 0.513809 0.648427 0.869210 0.757656 0.172452 0.812619 0.755982 0.437819 0.970776 0.681203 0.333949 0.912242 0.449460 0.107617 0.371898 0.627674 0.059293 0.344756 0.737199 0.826162 0.548794 0.362175 0.725403 0.283784 0.299183 0.224511 0.018256 0.661977 0.770356 0.803212 0.174232 0.890908 0.405168 0.964260 0.861916 0.657353 0.056836 0.125482 0.026766 0.889153 0.145452 0.248292 0.105990 0.490593 0.316255 0.717984 0.070154 0.625284 0.835904 0.638809 0.544221 0.629001 0.712249 0.146230 0.496466 0.871637 0.548420 0.497194 0.430120 0.270538 0.526035 0.130349 0.611654 0.946621 0.872407 0.574763 0.525934 0.380520 0.147997 0.471006 0.211618 0.917603 0.922881 0.523750 0.902578 0.210628 0.249155 0.263838 0.850304 0.369278 0.253268 0.486222 0.037450 0.450719 0.674004 0.921810 0.503527 0.587570 0.687682 0.994350 0.485848 0.800554 0.207485 0.632949 0.375195 0.780239 0.981446 0.747642 0.926881 0.054288 0.640550 0.528643 0.406804 0.794470 0.565357 0.365954 0.362275 0.625924 0.271574 0.645270 0.368977 0.758386 0.920217 0.146835 0.508117 0.940169 0.358188 0.955102 0.659837 0.187410 0.563485 0.961630 0.404664 0.440788 0.234005 0.353131 0.364023 0.718175 0.295270 0.194167 0.630922 0.791378 0.710033 0.992290 0.228252 0.885798 0.367686 0.448946 0.626083 0.827715 0.644073 0.181103 0.277469 0.226417 0.560771 0.816967 0.333855 0.445229 0.397727 0.739782 0.099634 0.634819 0.761931 0.595940 0.983382 0.473741 0.898654 0.250745 0.383221 0.535513 0.959133 0.367754 0.298768 0.787938 0.662249 0.597064 0.180366 0.627756 0.787764 0.514488 0.565399
0.494131 0.948517 0.830651 0.318717 0.385165 0.015633 0.017849 0.209376 0.534170 0.644296 0.228958 0.511580 0.185804 0.794930 0.293024 0.530516 0.336377 0.370933 0.826865 0.001655 0.558008 0.936949 0.264266 0.338425 0.404438 0.618917 0.623461 0.267917 0.816159 0.781610 0.120561 0.167423 0.275417 0.174193 0.878992 0.837256 0.208748 0.788911 0.126898 0.501468 0.884320 0.925401 0.726931 0.933736 0.299599 0.337639 0.811920 0.689127 0.302373 0.088726 0.563863 0.994869 0.601876 0.364424 0.900341 0.542447 0.942522 0.251610 0.424970 0.531079 0.765291 0.436247 0.573444 0.271714 0.540030 0.770026 0.457258 0.622257 0.454863 0.482015 0.820507 0.391174 0.701185 0.457504 0.221569 0.831493 0.617474 0.672887 0.438733 0.509248 0.058810 0.888040 0.155151 0.488965 0.169849 0.594705 0.999178 0.648518 0.750625 0.190273 0.800521 0.210740 0.656532 0.158296 0.083841 0.152973 0.852339 0.863813 0.672435 0.400468 0.971103 0.480438 0.577858 0.210668 0.368873 0.490043 0.594246 0.475464 0.853235 0.488674 0.448053 0.722547 0.817234 0.474639 0.457356 0.759609 0.625416 0.383801 0.492774 0.861794 0.717719 0.888892 0.675915 0.895874 0.674859 0.689003 0.576218 0.995662 0.386729 0.065697 0.997278 0.776383 0.123757 0.983746 0.402007 0.856240 0.191316 0.641408 0.094063 0.998796 0.711077 0.935729 0.635430 0.273539 0.768022 0.941529 0.969545 0.501139 0.121651 0.722900 0.201642 0.510766 0.321069 0.367969 0.098312 0.165188 0.002723 0.973354 0.601692 0.583048 0.844694 0.570214 0.313469 0.488739 0.630947 0.595247 0.417526 0.078316 0.842191 0.869865 0.595537 0.870381 0.784086 0.349195 0.013005 0.853563 0.574257 0.742777 0.794963 0.486377 0.741097 0.910211 0.553306 0.388692 0.533293 0.762849 0.333595 0.869740 0.194380 0.800905 0.419399 0.120430 0.157446 0.646564 0.849599 0.560164 0.524230 0.338800 0.232926 0.919307
0.619475 0.174667 0.657144 0.472661 0.171884 0.343694 0.160303 0.614632 0.941272 0.249555 0.535100 0.703525 0.640827 0.835285 0.603789 0.560700 0.277675 0.539348 0.134622 0.240830 0.857336 0.395492 0.511000 0.644102 0.457768 0.885185 0.751895 0.554118 0.860913 0.235642 0.933543 0.903680 0.459392 0.596779 0.542629 0.872710 0.567487 0.191101 0.444016 0.088379 0.844913 0.412978 0.238589 0.203855 0.685555 0.923770 0.154425 0.005725 0.383221 0.067131 0.536244 0.524115 0.303518 0.605540 0.562092 0.140113 0.627951 0.264397 0.611842 0.894439 0.158714 0.674892 0.764197 0.097857 0.009246 0.335382 0.426162 0.058007 0.603077 0.540323 0.780036 0.258192 0.478887 0.719527 0.350238 0.970589 0.367056 0.016811 0.020970 0.051005 0.892115 0.689469 0.766128 0.961474 0.002564 0.496437 0.017337 0.598710 0.369831 0.024347 0.396633 0.866196 0.231404 0.612518 0.718691 0.728384 0.125352 0.885126 0.372966 0.466301 0.717698 0.692269 0.569739 0.003284 0.848159 0.335606 0.463077 0.610426 0.018939 0.661048 0.301632 0.364417 0.514435 0.304378 0.524460 0.351311 0.514049 0.251461 0.671164 0.488427 0.662816 0.124392 0.244778 0.329126 0.144737 0.081558 0.693490 0.092032 0.347476 0.621884 0.160144 0.713656 0.792830 0.629294 0.458050 0.501710 0.772236 0.627711 0.131658 0.147384 0.428645 0.105191 0.501240 0.229008 0.706369 0.724169 0.992734 0.999053 0.040373 0.015861 0.289305 0.082295 0.559167 0.348161 0.606500 0.336571 0.067106 0.727013 0.559843 0.738778 0.657106 0.167620 0.444985 0.518602 0.822015 0.711975 0.816074 0.426542 0.205380 0.357218 0.027829 0.325152 0.014515 0.553978 0.890198 0.382888 0.586526 0.670408 0.906273 0.863818 0.165539 0.141566 0.539363 0.768084 0.310599 0.291852 0.764674 0.421158 0.612849 0.504885 0.846752 0.108343 0.935502 0.612315 0.785152 0.669766 0.162882 0.574582 0.617707 0.564853
0.643684 0.777713 0.911752 0.193620 0.337712 0.643676 0.416808 0.512265 0.775720 0.702484 0.074569 0.281607 0.605972 0.081423 0.768517 0.151225 0.404363 0.090357 0.863210 0.389432 0.787567 0.634015 0.371023 0.271172 0.076288 0.630998 0.717758 0.726414 0.526070 0.089882 0.903002 0.109771 0.823383 0.184940 0.144672 0.981333 0.890814 0.126549 0.657165 0.758147 0.399305 0.340347 0.868794 0.647552 0.181537 0.203612 0.470555 0.153353 0.639718 0.461288 0.671199 0.149693 0.212223 0.257416 0.957639 0.369871 0.583291 0.925129 0.003901 0.876600 0.274606 0.145537 0.193771 0.179273 0.468564 0.748483 0.235622 0.317967 0.562423 0.132329 0.545942 0.125765 0.991128 0.667399 0.208079 0.468075 0.583102 0.160001 0.564620 0.559753 0.430245 0.790159 0.953725 0.587758 0.014077 0.360175 0.513593 0.203755 0.959912 0.250339 0.372786 0.372831 0.559836 0.759587 0.372521 0.885796 0.151909 0.067916 0.506108 0.375404 0.490211 0.876594 0.974452 0.348858 0.117738 0.434972 0.067535 0.870018 0.077193 0.388482 0.492208 0.400427 0.919736 0.728403 0.363784 0.483182 0.149823 0.261460 0.403370 0.609898 0.458531 0.860839 0.063393 0.032700 0.544401 0.667954 0.285894 0.970531 0.729914 0.804348 0.859614 0.536268 0.532066 0.432814 0.305831 0.990696 0.985948 0.024245 0.736860 0.449123 0.342477 0.061147 0.019699 0.024212 0.274922 0.130824 0.946927 0.454388 0.881166 0.027450 0.482984 0.926186 0.797505 0.780346 0.161358 0.716027 0.664825 0.013785 0.380143 0.179790 0.311053 0.187919 0.539784 0.295500 0.938686 0.241588 0.197042 0.443674 0.399366 0.995935 0.519763 0.476946 0.348159 0.138400 0.907626 0.906053 0.165071 0.288788 0.618218 0.404444 0.183165 0.565150 0.024778 0.940662 0.752727 0.364423 0.947841 0.063359 0.217577 0.847892 0.093240 0.748468 0.396849 0.148303 0.687534 0.557882 0.287854 0.925375 0.287728 0.604438
0.620274 0.357982 0.331156 0.745349 0.885437 0.632222 0.002101 0.652488 0.516336 0.732727 0.871631 0.084449 0.311614 0.493428 0.008481 0.992866 0.618874 0.339238 0.856060 0.082299 0.800407 0.744565 0.464959 0.232441 0.136909 0.169018 0.435156 0.275242 0.282890 0.212228 0.460062 0.634056 0.575616 0.275274 0.749996 0.665909 0.575442 0.142452 0.463430 0.586320 0.965230 0.490863 0.631624 0.669721 0.628895 0.730410 0.647808 0.518829 0.869031 0.304143 0.373342 0.972039 0.032971 0.765540 0.324592 0.151368 0.129795 0.066356 0.330208 0.498763 0.294308 0.757771 0.217432 0.159728 0.533839 0.561069 0.669283 0.736051 0.127600 0.350740 0.393028 0.916314 0.038113 0.992580 0.517913 0.734679 0.032406 0.764488 0.262038 0.069446 0.517761 0.407254 0.907267 0.043037 0.685580 0.031055 0.230233 0.129903 0.565541 0.395193 0.943667 0.381396 0.837682 0.631019 0.145814 0.245186 0.380786 0.370955 0.675392 0.560318 0.030600 0.999156 0.490448 0.568583 0.186092 0.096298 0.603978 0.359292 0.050507 0.026209 0.205645 0.056372 0.186749 0.954574 0.507777 0.874445 0.648671 0.117753 0.708313 0.490213 0.082352 0.291029 0.259628 0.642915 0.633691 0.469418 0.735211 0.329757 0.978651 0.501593 0.447907 0.667227 0.735352 0.683131 0.714607 0.251101 0.843347 0.644275 0.911879 0.424895 0.428866 0.805128 0.281634 0.356850 0.044614 0.477652 0.511235 0.070631 0.086410 0.046448 0.763570 0.682291 0.649521 0.461834 0.317068 0.557573 0.890773 0.375042 0.936069 0.517852 0.651875 0.594329 0.515424 0.505528 0.681567 0.758818 0.004208 0.680102 0.424790 0.034365 0.790056 0.007034 0.561947 0.403184 0.647926 0.917496 0.040820 0.397223 0.373727 0.032839 0.331334 0.112418 0.409509 0.805439 0.914892 0.358001 0.478478 0.990200 0.436271 0.413056 0.191703 0.471503 0.446988 0.843509 0.570135 0.930821 0.568103 0.444527 0.831648 0.644420
0.475769 0.705228 0.947362 0.219020 0.486629 0.462733 0.851578 0.277765 0.417959 0.817359 0.187486 0.558984 0.169117 0.504391 0.510054 0.077243 0.436025 0.536743 0.452241 0.184738 0.544634 0.880263 0.203608 0.127608 0.225015 0.880070 0.741869 0.788840 0.748609 0.082339 0.949986 0.757215 0.477437 0.103316 0.081827 0.709359 0.706074 0.173858 0.672075 0.277173 0.128478 0.129725 0.252960 0.898892 0.872412 0.163153 0.100021 0.222046 0.107082 0.528350 0.505858 0.002489 0.554176 0.929513 0.221995 0.313000 0.222860 0.337937 0.758753 0.332417 0.376972 0.390397 0.282522 0.763518 0.237572 0.764126 0.230824 0.688198 0.032199 0.127948 0.709699 0.970998 0.115692 0.216680 0.048046 0.948415 0.029375 0.821837 0.591665 0.926970 0.843666 0.235390 0.049929 0.116974 0.983374 0.479251 0.513108 0.044754 0.008108 0.707985 0.225625 0.718696 0.818314 0.738112 0.153805 0.397929 0.802598 0.460402 0.974252 0.639011 0.609346 0.911216 0.154451 0.005457 0.413043 0.161186 0.428435 0.084516 0.642792 0.606469 0.032244 0.754233 0.992270 0.486033 0.007870 0.584355 0.220523 0.043913 0.045059 0.988087 0.277682 0.538674 0.863681 0.975518 0.425943 0.765472 0.408952 0.696073 0.399872 0.994944 0.012355 0.233036 0.983244 0.645115 0.403485 0.607914 0.003319 0.277373 0.645884 0.914246 0.326064 0.946380 0.482474 0.521925 0.492241 0.054492 0.998427 0.430102 0.934619 0.003155 0.898911 0.017391 0.322177 0.977654 0.443256 0.433338 0.390129 0.479652 0.301284 0.965609 0.984315 0.069867 0.279545 0.456963 0.571305 0.524593 0.094538 0.604755 0.537172 0.713783 0.708483 0.539662 0.701050 0.193509 0.553766 0.271371 0.192706 0.954905 0.880365 0.508805 0.265691 0.312271 0.048355 0.653155 0.412635 0.929974 0.065240 0.683001 0.080122 0.096343 0.983619 0.213336 0.903886 0.211872 0.644046 0.805171 0.184140 0.265182 0.317685 0.589442
0.184371 0.932500 0.100111 0.540065 0.599371 0.817833 0.840745 0.101217 0.002314 0.907083 0.348210 0.873808 0.576134 0.850346 0.196450 0.602364 0.777496 0.117684 0.778575 0.144420 0.974300 0.574179 0.530709 0.207833 0.935401 0.105118 0.105877 0.851786 0.560595 0.994814 0.431924 0.401537 0.944993 0.348633 0.623118 0.799657 0.295155 0.237243 0.270017 0.942966 0.220288 0.988959 0.197579 0.536617 0.111143 0.768599 0.672498 0.808313 0.869436 0.726478 0.319187 0.698327 0.531511 0.209035 0.428630 0.593736 0.312999 0.916929 0.125699 0.098684 0.925463 0.936363 0.383649 0.396810 0.971750 0.690709 0.633527 0.112991 0.122468 0.362935 0.411944 0.734968 0.018067 0.470871 0.813397 0.132000 0.250672 0.076881 0.571394 0.335055 0.996637 0.932559 0.960236 0.704371 0.959722 0.605803 0.092311 0.793056 0.762269 0.221220 0.531898 0.363279 0.064694 0.826829 0.065792 0.437024 0.213213 0.173028 0.358045 0.748959 0.704232 0.530237 0.092507 0.200628 0.324234 0.164825 0.705550 0.235993 0.593081 0.780245 0.588812 0.373114 0.000124 0.253689 0.925569 0.951964 0.988836 0.022276 0.738760 0.997994 0.754407 0.948589 0.183436 0.314299 0.789807 0.467426 0.676019 0.185012 0.481363 0.062626 0.196885 0.453667 0.402419 0.020240 0.759731 0.063761 0.240037 0.272383 0.972940 0.179030 0.673830 0.762470 0.220278 0.077625 0.565653 0.865904 0.042739 0.782867 0.493037 0.700771 0.723324 0.605233 0.322219 0.279380 0.390905 0.976726 0.641034 0.013330 0.133961 0.103148 0.076407 0.096907 0.498958 0.036257 0.703798 0.201957 0.920543 0.267852 0.990887 0.487737 0.079298 0.488744 0.438580 0.177455 0.218109 0.827494 0.657563 0.775593 0.630118 0.246380 0.382121 0.705274 0.382511 0.673392 0.112597 0.974702 0.700652 0.816806 0.745129 0.978851 0.410941 0.302262 0.012683 0.335113 0.697085 0.121594 0.560986 0.156612 0.377996 0.516202
0.490041 0.618193 0.205138 0.031667 0.633065 0.859558 0.656053 0.610673 0.560858 0.567997 0.597858 0.639383 0.931909 0.700089 0.750485 0.007268 0.572892 0.108663 0.262560 0.085073 0.797795 0.241011 0.855723 0.949527 0.951773 0.993886 0.119652 0.122668 0.863854 0.027733 0.913955 0.037959 0.267093 0.598219 0.271936 0.642517 0.137057 0.377418 0.649404 0.947674 0.349448 0.232299 0.294789 0.734259 0.150904 0.819046 0.278965 0.473959 0.446876 0.964063 0.364300 0.294736 0.179114 0.061144 0.021588 0.656228 0.110405 0.297606 0.511689 0.292751 0.944909 0.309369 0.247908 0.060453 0.008730 0.323774 0.422061 0.540497 0.669364 0.527462 0.012845 0.711920 0.697363 0.233996 0.982672 0.085456 0.857283 0.363853 0.446155 0.721320 0.978761 0.158534 0.410635 0.326761 0.427109 0.745245 0.642163 0.899736 0.057445 0.606315 0.290874 0.114229 0.845713 0.489463 0.203629 0.717310 0.932606 0.683005 0.917901 0.559374 0.604695 0.226307 0.598036 0.597559 0.224824 0.199960 0.363070 0.802091 0.719081 0.845115 0.918780 0.076948 0.995192 0.945734 0.575206 0.280947 0.497855 0.744994 0.744769 0.766062 0.468469 0.703349 0.739282 0.782858 0.799230 0.661498 0.106824 0.407956 0.058781 0.128095 0.750802 0.335528 0.501089 0.501640 0.233494 0.734178 0.263682 0.378787 0.072579 0.831509 0.862796 0.946124 0.461458 0.718964 0.996731 0.195913 0.882290 0.430417 0.934891 0.486352 0.120731 0.591227 0.767741 0.911455 0.795529 0.022303 0.267863 0.535186 0.430982 0.620047 0.428828 0.135763 0.845054 0.104039 0.860921 0.560007 0.697878 0.901366 0.001004 0.771923 0.848373 0.974898 0.247204 0.365210 0.133384 0.581435 0.997254 0.805338 0.452163 0.670829 0.569720 0.640644 0.432811 0.815476 0.311019 0.888743 0.060791 0.264967 0.065808 0.357801 0.300632 0.248760 0.458312 0.492783 0.732630 0.994781 0.386683 0.122134 0.977688 0.183923
0.687398 0.359424 0.172017 0.325914 0.643782 0.528244 0.824751 0.915807 0.436299 0.945558 0.023067 0.425918 0.008308 0.928587 0.680018 0.196912 0.065926 0.115989 0.876190 0.963677 0.521804 0.982660 0.009474 0.972857 0.936133 0.589135 0.693286 0.936673 0.303154 0.438071 0.578325 0.235748 0.428236 0.449267 0.684847 0.562210 0.759818 0.079958 0.461925 0.025744 0.634765 0.860776 0.366102 0.896185 0.047984 0.748819 0.524339 0.085806 0.055236 0.042196 0.428441 0.821562 0.382613 0.948416 0.284767 0.027575 0.674072 0.665963 0.980505 0.860402 0.135957 0.805987 0.263127 0.925571 0.527893 0.732019 0.838398 0.638371 0.211307 0.829610 0.476760 0.562533 0.188180 0.525134 0.446864 0.059500 0.420450 0.669758 0.434993 0.418571 0.757757 0.799699 0.309272 0.254476 0.439464 0.991860 0.084516 0.911171 0.313132 0.539591 0.797929 0.217628 0.107157 0.784098 0.200631 0.948866 0.524376 0.234622 0.700148 0.979891 0.455399 0.450800 0.659186 0.100959 0.012769 0.062156 0.777763 0.932739 0.792580 0.106690 0.919861 0.049805 0.720672 0.096406 0.429550 0.243442 0.224308 0.372128 0.781087 0.954557 0.744139 0.450961 0.757225 0.850439 0.140523 0.380263 0.716915 0.027347 0.162428 0.838233 0.082559 0.646005 0.582475 0.786618 0.827353 0.277162 0.897295 0.413054 0.800027 0.571787 0.909903 0.130572 0.987543 0.119456 0.609209 0.236517 0.471637 0.179405 0.924299 0.815514 0.062399 0.850820 0.560060 0.040412 0.132562 0.355369 0.589626 0.228890 0.838922 0.049640 0.085948 0.164500 0.728547 0.183522 0.527346 0.584144 0.942207 0.543821 0.266934 0.208829 0.169407 0.495412 0.481731 0.479330 0.128741 0.885457 0.052673 0.049092 0.835642 0.690811 0.633630 0.674033 0.253576 0.073371 0.670068 0.693995 0.780130 0.519838 0.944054 0.370044 0.908213 0.213352 0.960339 0.276848 0.956943 0.585369 0.393127 0.142878 0.952389 0.512923
0.531973 0.902774 0.754321 0.808324 0.055846 0.107707 0.258286 0.047819 0.245669 0.212708 0.610523 0.000687 0.577737 0.900076 0.803696 0.722584 0.410260 0.700677 0.941840 0.625662 0.782788 0.362006 0.048910 0.290412 0.196922 0.384590 0.520047 0.236152 0.805698 0.928443 0.611204 0.338106 0.435914 0.589944 0.918368 0.540417 0.757672 0.283727 0.107502 0.794419 0.868958 0.334063 0.614343 0.160682 0.506357 0.972607 0.946371 0.369988 0.606037 0.909137 0.610368 0.410286 0.046741 0.329123 0.768651 0.074034 0.644703 0.532516 0.223888 0.676448 0.174509 0.605256 0.453176 0.963178 0.838533 0.794666 0.379811 0.100742 0.360802 0.285849 0.356785 0.301783 0.432717 0.888453 0.309558 0.200644 0.760288 0.170841 0.121310 0.243840 0.075671 0.400618 0.563707 0.943413 0.742277 0.337055 0.243467 0.463660 0.211797 0.630384 0.254524 0.956657 0.830460 0.893438 0.087842 0.929387 0.253399 0.628746 0.261073 0.166475 0.335602 0.020509 0.199295 0.270056 0.048968 0.197654 0.104272 0.507492 0.274144 0.937064 0.249500 0.165470 0.752013 0.077199 0.575610 0.004476 0.238506 0.610850 0.217890 0.873810 0.179743 0.968911 0.130795 0.784136 0.169907 0.236014 0.241922 0.403758 0.065906 0.840390 0.610543 0.601524 0.536325 0.986048 0.062060 0.337279 0.744587 0.009759 0.456333 0.125460 0.642545 0.589291 0.511027 0.281423 0.474422 0.219549 0.347727 0.293230 0.409598 0.175077 0.200464 0.800249 0.364390 0.490465 0.618178 0.620333 0.673061 0.344703 0.413915 0.493937 0.918803 0.746616 0.116027 0.464507 0.279469 0.949418 0.407517 0.150370 0.579200 0.051935 0.145212 0.774681 0.549726 0.320718 0.871711 0.052167 0.303543 0.555734 0.312685 0.015314 0.692032 0.704523 0.151971 0.580553 0.701237 0.957874 0.711148 0.475242 0.623635 0.619617 0.339060 0.531014 0.830374 0.411757 0.376818 0.030845 0.064962 0.493278 0.010870 0.227702
0.577160 0.013911 0.178907 0.537131 0.550782 0.852570 0.217422 0.664620 0.903056 0.043006 0.507413 0.652037 0.352241 0.373798 0.332846 0.157544 0.384865 0.538046 0.843566 0.220787 0.284456 0.181635 0.956479 0.365293 0.940811 0.334878 0.569385 0.095173 0.554822 0.501476 0.487884 0.609487 0.458670 0.449665 0.634221 0.468404 0.726391 0.966159 0.302164 0.642728 0.929112 0.426577 0.898174 0.498127 0.367612 0.132117 0.909359 0.797818 0.653424 0.316229 0.061340 0.922325 0.439367 0.585917 0.043316 0.850601 0.849702 0.511467 0.916211 0.994373 0.954080 0.673412 0.280128 0.242390 0.064677 0.426954 0.498604 0.179437 0.462001 0.488859 0.563542 0.054313 0.704387 0.491080 0.061449 0.587438 0.785986 0.560756 0.534979 0.694060 0.008482 0.752999 0.052277 0.096368 0.455168 0.547934 0.175333 0.917575 0.475995 0.410790 0.909206 0.806321 0.361369 0.445304 0.988676 0.747290 0.438690 0.549933 0.317690 0.849629 0.540139 0.836393 0.369604 0.527788 0.781199 0.484167 0.000896 0.553096 0.800947 0.382249 0.731163 0.307143 0.880993 0.774978 0.994180 0.345740 0.405273 0.562242 0.390536 0.067978 0.655797 0.544721 0.973160 0.231127 0.023605 0.702948 0.206076 0.776702 0.618710 0.817407 0.402452 0.797640 0.837293 0.681736 0.959025 0.835717 0.897466 0.817416 0.188511 0.948524 0.450934 0.500243 0.455658 0.641333 0.418833 0.375469 0.648074 0.021347 0.341931 0.632569 0.202511 0.227337 0.386412 0.426837 0.704552 0.523851 0.020609 0.299777 0.253781 0.301895 0.264704 0.854148 0.444219 0.635415 0.704661 0.780868 0.212415 0.452657 0.295764 0.241053 0.517587 0.122268 0.482611 0.708309 0.088520 0.921718 0.439225 0.857636 0.512428 0.243695 0.057338 0.197940 0.248747 0.606408 0.415686 0.980750 0.777997 0.802005 0.602559 0.389952 0.368303 0.836082 0.086491 0.189601 0.411907 0.354582 0.470850 0.403169 0.053930 0.230472
0.831421 0.954159 0.621219 0.567074 0.094554 0.759152 0.709636 0.946491 0.848396 0.980386 0.188736 0.674655 0.720731 0.753094 0.179497 0.309045 0.255155 0.392369 0.110124 0.782685 0.507122 0.364092 0.621162 0.598232 0.667508 0.393882 0.226664 0.478608 0.359638 0.607018 0.412359 0.840394 0.502016 0.284177 0.492561 0.088620 0.829757 0.999609 0.045985 0.525187 0.169238 0.821373 0.169093 0.876539 0.875779 0.463171 0.258923 0.073725 0.524919 0.254553 0.193522 0.124082 0.197286 0.667446 0.458832 0.117001 0.124082 0.355251 0.850794 0.409011 0.837760 0.990229 0.902564 0.398318 0.647385 0.488207 0.050983 0.730865 0.017338 0.364068 0.605472 0.412928 0.646840 0.540335 0.972152 0.730976 0.551040 0.886890 0.083024 0.560319 0.356337 0.139429 0.033379 0.386867 0.133946 0.035391 0.647696 0.322569 0.130049 0.863319 0.433520 0.158729 0.323055 0.773573 0.053273 0.071202 0.461199 0.475279 0.514475 0.754048 0.710221 0.958984 0.763033 0.962069 0.380837 0.044306 0.049790 0.687791 0.207478 0.118338 0.103869 0.887841 0.287635 0.736887 0.831097 0.010463 0.104721 0.681016 0.027901 0.619152 0.938600 0.830867 0.621353 0.233442 0.030855 0.751214 0.811067 0.612346 0.114925 0.163429 0.120579 0.526688 0.554139 0.248818 0.413505 0.022183 0.981155 0.091372 0.064959 0.821634 0.980943 0.784849 0.626193 0.920238 0.231787 0.668121 0.079195 0.046085 0.128804 0.570045 0.921463 0.350193 0.681381 0.081140 0.625989 0.577507 0.444509 0.007443 0.581638 0.150943 0.121379 0.374976 0.063374 0.686257 0.729247 0.659344 0.587301 0.335884 0.466249 0.802961 0.674338 0.473844 0.818771 0.330251 0.549013 0.589435 0.858410 0.336435 0.697413 0.782125 0.932421 0.105619 0.974248 0.659094 0.341756 0.950301 0.298116 0.840964 0.362378 0.117490 0.353493 0.035980 0.999689 0.726668 0.982559 0.973877 0.831910 0.832962 0.318492 0.636660
0.020764 0.088541 0.070707 0.425628 0.609625 0.004556 0.173512 0.128094 0.164792 0.449615 0.470515 0.081179 0.283959 0.004724 0.178442 0.543913 0.826053 0.978485 0.764692 0.207865 0.298351 0.108577 0.949519 0.366799 0.954135 0.908410 0.601103 0.428361 0.417294 0.383707 0.745463 0.898787 0.776888 0.684478 0.219164 0.177545 0.420612 0.552883 0.183321 0.384786 0.374121 0.514464 0.886706 0.758152 0.769347 0.980280 0.923279 0.141212 0.593912 0.458952 0.664343 0.581028 0.153563 0.847290 0.715716 0.022334 0.267883 0.981598 0.300084 0.251173 0.318513 0.210472 0.460190 0.058988 0.691725 0.670626 0.908175 0.652545 0.994229 0.784623 0.936821 0.616407 0.979839 0.753566 0.089490 0.794904 0.857737 0.109355 0.599717 0.855156 0.403425 0.297142 0.657957 0.056007 0.294353 0.209687 0.774813 0.464723 0.869487 0.650825 0.644323 0.924414 0.536515 0.559220 0.024467 0.560318 0.568722 0.767932 0.644319 0.675996 0.333761 0.855953 0.692900 0.402379 0.716305 0.396513 0.814409 0.873080 0.473874 0.410056 0.679707 0.455914 0.119134 0.452851 0.108212 0.412948 0.439984 0.751075 0.376114 0.629804 0.865828 0.635060 0.834167 0.415229 0.904704 0.705637 0.329612 0.032867 0.161564 0.393869 0.112085 0.245123 0.306857 0.311085 0.086116 0.925030 0.166678 0.774140 0.188608 0.376215 0.604197 0.683610 0.984816 0.632994 0.481455 0.591572 0.736332 0.250297 0.208555 0.042026 0.308083 0.091521 0.471463 0.296972 0.799327 0.998607 0.168088 0.442899 0.081407 0.189726 0.540520 0.387542 0.985961 0.118616 0.706623 0.159126 0.424475 0.197595 0.752141 0.971582 0.047834 0.510709 0.313597 0.924377 0.508146 0.631631 0.513529 0.207878 0.058181 0.459139 0.616683 0.992800 0.497811 0.584840 0.316777 0.073417 0.487325 0.370574 0.618356 0.502628 0.448923 0.414090 0.840680 0.888887 0.400382 0.041046 0.258721 0.439809 0.794956 0.864311
0.273105 0.494858 0.460468 0.253156 0.626817 0.990738 0.759320 0.396482 0.354798 0.002114 0.295525 0.089344 0.372872 0.235195 0.529397 0.176805 0.517870 0.663817 0.030276 0.269492 0.148092 0.484467 0.682869 0.953116 0.516956 0.936103 0.624167 0.168053 0.286581 0.335514 0.068613 0.983626 0.765727 0.315715 0.491942 0.131635 0.751423 0.809814 0.956007 0.722199 0.514895 0.051338 0.881112 0.222375 0.393351 0.164284 0.215259 0.765252 0.027821 0.007147 0.918091 0.704648 0.314802 0.475442 0.942768 0.080507 0.278920 0.889098 0.045874 0.497598 0.540058 0.780940 0.032744 0.215511 0.739137 0.584226 0.044549 0.846918 0.683096 0.563123 0.439408 0.793337 0.571413 0.027841 0.872243 0.629926 0.157387 0.254090 0.894424 0.395709 0.127385 0.765660 0.926046 0.598569 0.118415 0.528532 0.784775 0.308067 0.446287 0.550438 0.378413 0.808935 0.190493 0.548164 0.161866 0.597491 0.815218 0.850383 0.218894 0.136402 0.503457 0.015207 0.695735 0.604927 0.782671 0.236453 0.733941 0.385637 0.507935 0.299772 0.168677 0.127321 0.083430 0.707166 0.177419 0.408134 0.034082 0.198823 0.010277 0.213776 0.007170 0.178546 0.217524 0.824671 0.512181 0.431861 0.199538 0.922401 0.859949 0.113045 0.778904 0.593883 0.308205 0.618494 0.473349 0.235720 0.724941 0.118084 0.061585 0.880220 0.869533 0.187820 0.939147 0.256688 0.219031 0.837327 0.033180 0.013932 0.666947 0.316254 0.490734 0.170428 0.138790 0.836331 0.460403 0.773080 0.033037 0.225687 0.333888 0.490638 0.693835 0.167549 0.506360 0.642755 0.600036 0.474645 0.475671 0.779363 0.116631 0.505294 0.143626 0.574674 0.342448 0.682923 0.861758 0.486469 0.154936 0.348166 0.227816 0.816544 0.377370 0.637495 0.313406 0.902261 0.937633 0.037396 0.758003 0.031335 0.884180 0.838022 0.299368 0.162980 0.056732 0.167557 0.310096 0.031009 0.244858 0.457272 0.615993 0.872720
0.703029 0.547055 0.490109 0.828049 0.785415 0.718486 0.486131 0.375923 0.618516 0.538414 0.506616 0.678420 0.349640 0.093156 0.243500 0.812908 0.162726 0.572027 0.881650 0.501468 0.996692 0.993290 0.403889 0.628410 0.038421 0.015391 0.336202 0.462156 0.841288 0.648876 0.777816 0.328385 0.325379 0.533221 0.824717 0.496695 0.690998 0.415527 0.102551 0.989129 0.140983 0.032020 0.848265 0.839343 0.040048 0.644177 0.779577 0.324550 0.714968 0.305414 0.307874 0.695624 0.473154 0.315167 0.232080 0.450207 0.938004 0.602902 0.764146 0.013214 0.987169 0.841159 0.345318 0.251067 0.755608 0.856932 0.428598 0.866161 0.356419 0.161228 0.522454 0.575448 0.238007 0.539855 0.319553 0.348973 0.080302 0.069348 0.265650 0.551420 0.491951 0.107958 0.871929 0.195359 0.595495 0.872590 0.674098 0.115713 0.034733 0.650750 0.141489 0.564030 0.546832 0.343640 0.062632 0.513991 0.979795 0.183890 0.837826 0.470537 0.859507 0.013622 0.355842 0.114478 0.569295 0.205902 0.524383 0.970622 0.821370 0.132744 0.392205 0.656231 0.247523 0.414950 0.419112 0.859968 0.836233 0.215316 0.462572 0.069823 0.518999 0.318553 0.540779 0.633370 0.471434 0.594422 0.963845 0.594305 0.837510 0.867823 0.289586 0.645851 0.906946 0.155169 0.869127 0.050131 0.965176 0.937174 0.750875 0.120355 0.921933 0.181833 0.092416 0.576957 0.610813 0.373295 0.424209 0.398333 0.139352 0.469001 0.043113 0.950092 0.771702 0.069670 0.480571 0.432157 0.430417 0.657933 0.099243 0.333594 0.038967 0.729616 0.762717 0.717162 0.377933 0.448385 0.497900 0.466779 0.960508 0.328645 0.456463 0.476156 0.517896 0.736951 0.669508 0.360066 0.312972 0.311873 0.383699 0.905095 0.032274 0.182655 0.359546 0.210677 0.957807 0.650280 0.806819 0.818936 0.515364 0.272006 0.932375 0.373246 0.843766 0.877967 0.871203 0.217807 0.842589 0.308531 0.803857 0.499802
0.692900 0.142828 0.454573 0.105186 0.474655 0.673428 0.975148 0.119667 0.016744 0.331814 0.505655 0.821885 0.913068 0.210086 0.819603 0.429156 0.244772 0.572871 0.504780 0.669580 0.453386 0.639576 0.247873 0.367714 0.113056 0.805646 0.627120 0.939769 0.255853 0.226293 0.373376 0.993748 0.464214 0.244188 0.174417 0.027070 0.296285 0.660004 0.675393 0.995319 0.306525 0.838602 0.141263 0.647769 0.492729 0.495920 0.532658 0.882819 0.652098 0.301152 0.901039 0.406007 0.256028 0.099017 0.975720 0.898901 0.962967 0.821372 0.027411 0.522716 0.093039 0.454834 0.973958 0.851975 0.560870 0.716944 0.881563 0.785778 0.485974 0.359171 0.655505 0.215605 0.341568 0.523623 0.877404 0.246135 0.586747 0.582779 0.061626 0.661863 0.640913 0.813277 0.652421 0.949782 0.939932 0.833519 0.303086 0.697586 0.136961 0.056129 0.785229 0.021410 0.958531 0.318715 0.817132 0.389039 0.351672 0.328011 0.914169 0.905538 0.171828 0.493923 0.329663 0.493810 0.369591 0.392042 0.187178 0.144715 0.085021 0.520528 0.329476 0.340029 0.973061 0.226693 0.679800 0.951961 0.995835 0.786856 0.082205 0.413524 0.068125 0.640614 0.543272 0.902364 0.312440 0.306112 0.740911 0.078639 0.122381 0.447966 0.472278 0.634857 0.048148 0.189630 0.172022 0.632563 0.853830 0.291340 0.941128 0.333787 0.843377 0.075296 0.525006 0.909823 0.294784 0.884986 0.842001 0.693001 0.571094 0.654814 0.709685 0.981755 0.568435 0.733405 0.322420 0.226966 0.592680 0.321047 0.282157 0.719056 0.828932 0.499653 0.273914 0.999659 0.855735 0.325383 0.825311 0.100549 0.700055 0.732978 0.912284 0.512186 0.703813 0.753512 0.983965 0.617734 0.996072 0.089651 0.160144 0.665637 0.846020 0.218914 0.593422 0.661707 0.409021 0.656661 0.447831 0.773858 0.186444 0.383271 0.761410 0.053554 0.479984 0.300166 0.766041 0.557078 0.631753 0.917199 0.483666 0.834789
0.086107 0.637124 0.714942 0.556743 0.414226 0.929146 0.455005 0.489431 0.675442 0.061332 0.264774 0.214604 0.943161 0.060957 0.113846 0.845571 0.319331 0.042564 0.560789 0.223698 0.988021 0.849189 0.966452 0.380208 0.925323 0.183589 0.626045 0.293958 0.801518 0.012155 0.177712 0.135054 0.944777 0.553862 0.560753 0.725450 0.016257 0.815428 0.469259 0.105754 0.230173 0.821617 0.450701 0.858783 0.366720 0.564055 0.331641 0.823710 0.835116 0.290508 0.824725 0.707098 0.285934 0.957040 0.314467 0.814416 0.887674 0.773389 0.886466 0.114452 0.731553 0.098498 0.762984 0.772533 0.839077 0.965072 0.555948 0.193691 0.168632 0.336334 0.012508 0.026344 0.868063 0.820178 0.874096 0.937397 0.624581 0.739371 0.981659 0.074453 0.943168 0.654183 0.141757 0.823796 0.029864 0.478333 0.789919 0.364509 0.323534 0.305982 0.793792 0.197259 0.661935 0.279635 0.657302 0.388536 0.981396 0.215387 0.923206 0.619528 0.504625 0.518119 0.001177 0.010760 0.037183 0.398620 0.865858 0.638513 0.689446 0.836164 0.904845 0.696374 0.358176 0.176360 0.859587 0.932231 0.336559 0.236156 0.623095 0.316576 0.423514 0.720269 0.847002 0.125882 0.236396 0.668779 0.959264 0.051189 0.999210 0.081404 0.713107 0.018251 0.414625 0.589444 0.003331 0.445534 0.123696 0.624804 0.630817 0.582198 0.019658 0.007281 0.117157 0.695292 0.836151 0.522815 0.229292 0.663207 0.861719 0.416747 0.335717 0.693445 0.918895 0.672025 0.760811 0.237674 0.032499 0.202327 0.952507 0.654162 0.486133 0.482055 0.295525 0.491094 0.660771 0.927337 0.444782 0.827077 0.577853 0.098915 0.887103 0.613827 0.994612 0.096260 0.225652 0.717808 0.285582 0.886564 0.585470 0.821365 0.976358 0.008521 0.742276 0.163952 0.430525 0.630592 0.943729 0.340691 0.726543 0.885786 0.709399 0.547304 0.342962 0.758699 0.493483 0.206006 0.798815 0.539728 0.785143 0.084440
0.558937 0.070336 0.093593 0.385173 0.147503 0.007964 0.257437 0.900807 0.145326 0.144065 0.564364 0.203468 0.153975 0.151952 0.684347 0.921182 0.116196 0.390192 0.553648 0.322437 0.497185 0.120186 0.113108 0.926158 0.090645 0.861343 0.771289 0.681112 0.419382 0.150266 0.951299 0.271465 0.782149 0.368344 0.018772 0.527120 0.329718 0.516995 0.131759 0.360122 0.571863 0.278815 0.358744 0.811780 0.342894 0.534594 0.824290 0.476600 0.723290 0.828139 0.254603 0.220443 0.028569 0.363577 0.291054 0.545857 0.977580 0.589384 0.871070 0.438993 0.850469 0.637021 0.609466 0.457500 0.342164 0.019808 0.973585 0.722298 0.843414 0.659513 0.123424 0.090386 0.954808 0.078226 0.880861 0.145877 0.280775 0.304354 0.532295 0.187131 0.072286 0.416891 0.175325 0.106802 0.544178 0.605870 0.222394 0.084347 0.324403 0.981438 0.969235 0.642235 0.420102 0.880607 0.975335 0.319003 0.099650 0.666673 0.285275 0.845644 0.076538 0.505678 0.215376 0.903554 0.958346 0.252871 0.973338 0.656935 0.551313 0.223168 0.691433 0.914545 0.843927 0.374532 0.078806 0.613947 0.893604 0.339888 0.357050 0.720229 0.755594 0.205532 0.267796 0.336045 0.042804 0.321290 0.124358 0.521548 0.526311 0.814613 0.314340 0.985043 0.182715 0.191585 0.217934 0.697848 0.982495 0.573194 0.673746 0.525952 0.928695 0.486615 0.997731 0.272998 0.084527 0.246766 0.517455 0.200913 0.281748 0.725178 0.034235 0.254230 0.221951 0.286348 0.790067 0.277854 0.917939 0.567451 0.907634 0.516840 0.319212 0.888125 0.338003 0.258804 0.515085 0.025798 0.228295 0.454735 0.886491 0.962335 0.439458 0.632661 0.279954 0.058019 0.443543 0.502112 0.720862 0.376581 0.311119 0.526231 0.633405 0.992017 0.713620 0.672346 0.602539 0.916114 0.784539 0.749612 0.463882 0.560931 0.301338 0.910976 0.649863 0.278479 0.828809 0.224975 0.628780 0.541920 0.315685 0.424801
0.743822 0.478971 0.686666 0.143196 0.853848 0.653372 0.707493 0.798063 0.059274 0.302281 0.351431 0.724002 0.606696 0.556094 0.527197 0.536411 0.490738 0.590667 0.424006 0.557460 0.265608 0.623294 0.078313 0.682248 0.975464 0.712683 0.312016 0.113487 0.217063 0.439570 0.188398 0.208037 0.608729 0.643623 0.118205 0.684053 0.777287 0.277624 0.161964 0.432715 0.833248 0.117668 0.398683 0.718811 0.748659 0.189850 0.270701 0.941814 0.191275 0.155705 0.072242 0.450641 0.442428 0.209403 0.172962 0.156959 0.287042 0.067727 0.800302 0.816147 0.533671 0.933321 0.839460 0.461448 0.220330 0.516803 0.582954 0.685107 0.498579 0.535019 0.515130 0.783355 0.494568 0.707965 0.027003 0.075931 0.909172 0.545063 0.067431 0.825919 0.863174 0.353745 0.980715 0.835395 0.272720 0.945208 0.317896 0.026531 0.256867 0.778537 0.238920 0.667466 0.479056 0.073085 0.873926 0.130419 0.318363 0.055811 0.851204 0.723916 0.150886 0.489729 0.796183 0.425951 0.463830 0.403494 0.933877 0.424920 0.277538 0.312913 0.168046 0.753421 0.214988 0.242915 0.198003 0.959769 0.776890 0.107815 0.454876 0.489320 0.600351 0.918360 0.573551 0.523143 0.865150 0.932194 0.123625 0.410248 0.247382 0.276766 0.926388 0.606027 0.287231 0.386085 0.473721 0.024540 0.434929 0.605477 0.042101 0.280891 0.564791 0.775449 0.274587 0.049294 0.849657 0.383649 0.831626 0.793889 0.503693 0.613407 0.048118 0.600877 0.755182 0.400740 0.985925 0.927885 0.396948 0.084030 0.750138 0.589602 0.694387 0.504696 0.666445 0.214673 0.957824 0.567956 0.772919 0.120440 0.637014 0.716779 0.973359 0.976395 0.131381 0.940602 0.146364 0.874668 0.635403 0.380320 0.471487 0.510758 0.282436 0.197127 0.814275 0.998298 0.936671 0.081197 0.373284 0.489865 0.682827 0.540504 0.014203 0.432405 0.933381 0.340150 0.041366 0.933942 0.305725 0.906467 0.837226 0.245636
0.804098 0.865303 0.653793 0.727677 0.818320 0.781198 0.065647 0.352755 0.185758 0.282425 0.708704 0.485287 0.256460 0.427178 0.642516 0.344246 0.498842 0.405696 0.499863 0.057972 0.978038 0.426382 0.359677 0.031178 0.284292 0.380069 0.809477 0.385286 0.686192 0.340015 0.222229 0.670535 0.637409 0.790678 0.470617 0.336144 0.935136 0.091064 0.557437 0.242045 0.042963 0.692170 0.293183 0.389387 0.049336 0.061846 0.712803 0.710658 0.593086 0.981934 0.025366 0.363279 0.161848 0.502145 0.507531 0.244435 0.129529 0.577524 0.534200 0.011735 0.899908 0.788830 0.766119 0.191953 0.980094 0.282897 0.930794 0.871022 0.677112 0.629775 0.355711 0.604726 0.636220 0.997373 0.166757 0.130654 0.493540 0.902149 0.506634 0.589297 0.783922 0.142246 0.019903 0.313326 0.243799 0.979727 0.302097 0.028498 0.650488 0.179478 0.133745 0.973075 0.665926 0.877894 0.558118 0.073720 0.481310 0.522754 0.591976 0.563720 0.793436 0.568752 0.065772 0.341570 0.457564 0.465214 0.074791 0.785904 0.690047 0.991027 0.029161 0.128222 0.539602 0.833543 0.469243 0.166652 0.934956 0.696870 0.099642 0.299272 0.699297 0.296404 0.096986 0.157207 0.022875 0.769498 0.434524 0.695392 0.739375 0.921274 0.660560 0.701666 0.667790 0.925392 0.075706 0.918826 0.489654 0.170993 0.290729 0.676268 0.840841 0.727131 0.864813 0.786286 0.676897 0.723222 0.694497 0.878903 0.630221 0.635433 0.905003 0.401696 0.917502 0.221138 0.566329 0.893554 0.851786 0.426012 0.023523 0.501849 0.112339 0.999854 0.603898 0.620935 0.265922 0.385500 0.848197 0.559277 0.133842 0.625368 0.196159 0.459309 0.564999 0.366692 0.930247 0.039807 0.006465 0.266186 0.076126 0.081934 0.100907 0.109702 0.717290 0.860127 0.915054 0.156679 0.066906 0.517926 0.682375 0.506180 0.427418 0.856513 0.574860 0.972063 0.773142 0.176250 0.634662 0.630064 0.704021 0.998523
0.293100 0.981574 0.699673 0.864356 0.962314 0.013529 0.480203 0.762309 0.484275 0.942887 0.922634 0.501183 0.809747 0.378075 0.550048 0.392374 0.728453 0.050337 0.478573 0.489592 0.476149 0.984334 0.944393 0.317668 0.802873 0.277705 0.849963 0.099314 0.414227 0.792486 0.161006 0.182561 0.570863 0.891254 0.888285 0.944008 0.273497 0.682707 0.777764 0.223986 0.754270 0.675493 0.499041 0.564785 0.259099 0.491552 0.196679 0.178947 0.852779 0.824313 0.609774 0.533003 0.014504 0.553264 0.437328 0.108533 0.881473 0.842694 0.785770 0.845095 0.837756 0.043094 0.428149 0.514925 0.257518 0.966898 0.032055 0.873880 0.978586 0.418501 0.270787 0.912015 0.861098 0.076956 0.687066 0.956792 0.302963 0.112526 0.089910 0.805607 0.518710 0.297645 0.697709 0.636431 0.628423 0.891024 0.703595 0.211040 0.703706 0.117296 0.089221 0.909349 0.435319 0.336866 0.691135 0.878237 0.626729 0.596491 0.078772 0.390924 0.027988 0.655289 0.466868 0.369892 0.548778 0.127523 0.326905 0.557296 0.268794 0.271528 0.196738 0.131684 0.447833 0.987418 0.522247 0.878313 0.273327 0.104960 0.909521 0.797654 0.961455 0.558795 0.906958 0.417447 0.919989 0.958818 0.555243 0.138062 0.069619 0.676589 0.870461 0.794829 0.856838 0.754341 0.633562 0.816064 0.907523 0.600328 0.886611 0.829774 0.502627 0.481615 0.942073 0.731748 0.038609 0.473735 0.923107 0.433514 0.285737 0.774026 0.405982 0.608965 0.500951 0.333131 0.058711 0.707534 0.638603 0.840122 0.258166 0.982104 0.240317 0.103242 0.647664 0.793991 0.004503 0.462486 0.130395 0.694829 0.645679 0.874211 0.657106 0.937229 0.280307 0.080224 0.922383 0.308993 0.526952 0.456628 0.830028 0.589979 0.195972 0.133857 0.860387 0.248195 0.080097 0.223901 0.541719 0.533918 0.128921 0.734080 0.462716 0.112269 0.467867 0.359193 0.577870 0.509904 0.593969 0.002505 0.043480 0.525736
0.616873 0.974687 0.525977 0.258672 0.304421 0.344617 0.220607 0.685924 0.427376 0.867586 0.872714 0.369544 0.611633 0.168794 0.713905 0.665119 0.576930 0.684205 0.379634 0.545058 0.966504 0.782147 0.221204 0.512859 0.326085 0.816433 0.980960 0.119228 0.905300 0.429062 0.028197 0.712300 0.810737 0.746321 0.844294 0.008352 0.514301 0.539879 0.238101 0.679507 0.701794 0.652394 0.343527 0.945333 0.358593 0.073211 0.331036 0.944907 0.081947 0.337498 0.012597 0.312659 0.144269 0.978131 0.446850 0.559318 0.263189 0.059957 0.897871 0.927178 0.592883 0.027252 0.426277 0.951408 0.006203 0.161006 0.114470 0.728903 0.555479 0.061251 0.270155 0.153482 0.508670 0.217157 0.902021 0.726342 0.010243 0.482141 0.694315 0.278580 0.483020 0.765719 0.430229 0.636343 0.980280 0.278633 0.949141 0.157207 0.360030 0.238668 0.799598 0.965621 0.077323 0.976319 0.204164 0.503078 0.040408 0.039630 0.916313 0.086727 0.551464 0.400210 0.639898 0.025732 0.331431 0.860439 0.163055 0.718332 0.316218 0.017576 0.417727 0.087455 0.569618 0.244615 0.832844 0.686158 0.038190 0.334851 0.432913 0.162426 0.721245 0.242012 0.126537 0.971985 0.195096 0.037931 0.797648 0.859030 0.092617 0.386563 0.909316 0.980840 0.460144 0.365624 0.634710 0.830484 0.419496 0.210010 0.255613 0.896982 0.750840 0.252189 0.249917 0.031387 0.282742 0.663002 0.703273 0.361814 0.585628 0.039561 0.335694 0.863528 0.012480 0.425161 0.239883 0.928842 0.591193 0.460836 0.751070 0.735381 0.792159 0.633710 0.373905 0.086484 0.420071 0.454064 0.920310 0.198949 0.145738 0.292752 0.340945 0.386048 0.803411 0.959170 0.660621 0.406849 0.132646 0.855993 0.082035 0.687654 0.457659 0.564854 0.803622 0.251039 0.811210 0.196394 0.925096 0.027402 0.133139 0.737702 0.292077 0.866256 0.727198 0.521422 0.271467 0.245702 0.277046 0.194793 0.900199 0.399183
0.328486 0.227004 0.022125 0.816497 0.331821 0.425420 0.479127 0.630802 0.284984 0.804201 0.762340 0.518524 0.688976 0.140900 0.563032 0.875791 0.080941 0.272257 0.738329 0.749770 0.482156 0.819871 0.593834 0.829442 0.144176 0.918419 0.372996 0.666130 0.898311 0.732779 0.757609 0.883805 0.274154 0.671001 0.214744 0.105971 0.943742 0.908688 0.757505 0.294664 0.934270 0.054863 0.292192 0.383032 0.675634 0.490625 0.501322 0.628457 0.205507 0.396300 0.809707 0.305139 0.328843 0.951687 0.135391 0.380291 0.190014 0.206695 0.767498 0.757326 0.945241 0.401757 0.515051 0.666842 0.269298 0.742940 0.374041 0.759016 0.808014 0.967012 0.227540 0.669556 0.829267 0.545650 0.672361 0.361206 0.841962 0.571199 0.583460 0.912759 0.390389 0.993549 0.201993 0.057354 0.192072 0.985412 0.588215 0.634119 0.157233 0.700759 0.913084 0.517768 0.872574 0.640448 0.805123 0.166205 0.801544 0.327432 0.108988 0.607897 0.536440 0.677039 0.904314 0.589666 0.810343 0.248115 0.579873 0.643692 0.370832 0.710702 0.584136 0.923497 0.127197 0.144174 0.053954 0.953713 0.289696 0.887350 0.756179 0.400760 0.441587 0.713869 0.557927 0.327847 0.739260 0.918432 0.775347 0.699763 0.246008 0.364308 0.779783 0.839903 0.464035 0.764207 0.601147 0.557285 0.738829 0.689289 0.314939 0.208687 0.001332 0.250353 0.866293 0.217427 0.561098 0.287105 0.398414 0.005850 0.353952 0.762118 0.176375 0.346546 0.035300 0.491772 0.507515 0.727030 0.904449 0.176403 0.963846 0.062751 0.905063 0.681395 0.025888 0.825587 0.520447 0.043359 0.928509 0.603501 0.970391 0.661264 0.080235 0.431066 0.954370 0.833918 0.173381 0.917647 0.714025 0.828569 0.302760 0.406152 0.775343 0.679346 0.065769 0.531080 0.776908 0.138794 0.984574 0.387673 0.247923 0.089427 0.331079 0.981727 0.619964 0.767485 0.287690 0.857217 0.595164 0.678249 0.299446 0.882113
0.767266 0.968464 0.504836 0.437150 0.686190 0.082020 0.129431 0.650375 0.409606 0.243464 0.968324 0.041460 0.504408 0.723295 0.408558 0.592553 0.653649 0.671999 0.078291 0.111287 0.061904 0.562646 0.477796 0.770160 0.573278 0.271976 0.810588 0.477324 0.864714 0.593741 0.939206 0.485342 0.094168 0.498889 0.500757 0.924247 0.999510 0.787548 0.831724 0.083481 0.585374 0.547972 0.545817 0.334151 0.059371 0.942010 0.991964 0.118753 0.735736 0.988356 0.716730 0.617773 0.729943 0.833785 0.706682 0.910724 0.739982 0.676522 0.433133 0.436772 0.999329 0.605510 0.440498 0.022252 0.270388 0.287601 0.121207 0.237528 0.335631 0.341396 0.513120 0.722075 0.121037 0.920906 0.910029 0.574687 0.784831 0.872456 0.889700 0.199017 0.849085 0.398178 0.383234 0.680629 0.455222 0.051069 0.126623 0.225266 0.807125 0.831306 0.520218 0.724445 0.791601 0.148224 0.559592 0.572809 0.366992 0.350451 0.923655 0.802641 0.725250 0.202186 0.242086 0.064658 0.674477 0.823271 0.287379 0.295674 0.908306 0.465445 0.931565 0.788594 0.252697 0.584277 0.100510 0.359148 0.228896 0.849296 0.808329 0.269567 0.211222 0.814064 0.284630 0.864087 0.937624 0.048597 0.838120 0.196364 0.504241 0.267634 0.616411 0.924619 0.510990 0.830746 0.440216 0.098897 0.423683 0.112719 0.220214 0.898028 0.948930 0.485236 0.855760 0.258954 0.854836 0.711471 0.308962 0.226764 0.468802 0.662397 0.588749 0.889951 0.498180 0.571611 0.378982 0.056028 0.577477 0.462001 0.699765 0.682272 0.745980 0.472975 0.860554 0.874599 0.828152 0.916379 0.115367 0.101780 0.545269 0.340985 0.952107 0.012651 0.172139 0.460677 0.159733 0.562469 0.891887 0.855473 0.414281 0.144537 0.921042 0.813655 0.448537 0.141007 0.606017 0.668336 0.274815 0.410324 0.981902 0.393428 0.700706 0.691419 0.393567 0.697045 0.457938 0.996159 0.496103 0.692381 0.095063 0.902799
0.081222 0.073709 0.678796 0.861988 0.476881 0.629242 0.369986 0.844404 0.653466 0.605984 0.192173 0.724247 0.344913 0.190663 0.003844 0.013647 0.848965 0.592889 0.577384 0.903529 0.223241 0.600117 0.213601 0.490152 0.844973 0.183326 0.328111 0.769660 0.513701 0.727434 0.845128 0.392232 0.207301 0.118641 0.392927 0.619990 0.078925 0.676873 0.259525 0.507890 0.701845 0.393939 0.938887 0.711181 0.915701 0.074964 0.148952 0.307425 0.655809 0.514579 0.751179 0.600246 0.057671 0.648252 0.722261 0.567129 0.930550 0.736797 0.495445 0.732689 0.148546 0.847126 0.078881 0.579997 0.281807 0.191485 0.774046 0.038242 0.481487 0.663533 0.253229 0.220035 0.668844 0.021062 0.774177 0.023200 0.428092 0.993620 0.745223 0.591054 0.133107 0.315382 0.534623 0.571089 0.555077 0.403496 0.509139 0.327241 0.402504 0.833121 0.278504 0.987944 0.148371 0.240879 0.642756 0.377452 0.318703 0.996890 0.421627 0.988749 0.268192 0.948190 0.045101 0.099542 0.428968 0.439773 0.177083 0.148436 0.643204 0.719216 0.502416 0.592849 0.509649 0.726336 0.258993 0.698254 0.530343 0.210811 0.927629 0.124600 0.298082 0.798149 0.916963 0.523487 0.095866 0.080812 0.973129 0.618226 0.985213 0.071181 0.491928 0.690704 0.914030 0.893003 0.152425 0.683708 0.634641 0.434000 0.289038 0.788773 0.222239 0.485970 0.295522 0.186612 0.997897 0.655999 0.269841 0.252092 0.374963 0.480456 0.526471 0.418832 0.816335 0.637583 0.162235 0.484670 0.917457 0.517331 0.089372 0.576248 0.227664 0.322032 0.894025 0.830293 0.989594 0.362416 0.221164 0.510470 0.542107 0.331036 0.521574 0.328691 0.122966 0.648154 0.551801 0.456384 0.088778 0.240039 0.809481 0.660803 0.858315 0.304140 0.534237 0.281037 0.530693 0.597447 0.842669 0.771410 0.739865 0.186866 0.249321 0.768883 0.995424 0.777601 0.803534 0.687568 0.065789 0.613278 0.178487 0.358922
0.958048 0.446658 0.813956 0.915980 0.693140 0.749718 0.317064 0.100595 0.784874 0.161877 0.247175 0.843002 0.533257 0.692736 0.594919 0.661312 0.487386 0.002628 0.736375 0.008374 0.592784 0.757435 0.072487 0.371279 0.373970 0.860802 0.212750 0.079826 0.770656 0.395651 0.335673 0.982288 0.119166 0.905906 0.971335 0.667556 0.644243 0.889064 0.014356 0.264549 0.728508 0.802548 0.557421 0.840789 0.405402 0.907478 0.631861 0.927621 0.560024 0.890363 0.671016 0.469278 0.133446 0.314704 0.354062 0.339069 0.897769 0.796452 0.137396 0.272166 0.217553 0.325461 0.884448 0.879430 0.109496 0.845249 0.938271 0.167709 0.929530 0.527138 0.269843 0.054479 0.664469 0.210018 0.779349 0.281499 0.760373 0.134640 0.480841 0.183901 0.729427 0.704075 0.610256 0.663770 0.812883 0.018610 0.411230 0.572335 0.031356 0.541236 0.466694 0.888508 0.224203 0.892522 0.619043 0.097789 0.391140 0.059059 0.342395 0.443361 0.572296 0.686172 0.319371 0.938421 0.307239 0.072807 0.823805 0.954832 0.062688 0.821340 0.796335 0.225341 0.825024 0.723454 0.179074 0.380372 0.442781 0.214378 0.452344 0.817662 0.862485 0.516816 0.638852 0.654105 0.032757 0.650071 0.116049 0.947376 0.365557 0.278172 0.080905 0.670340 0.034036 0.431986 0.344630 0.798866 0.682738 0.854999 0.813862 0.624659 0.648708 0.818488 0.939344 0.846213 0.867627 0.888222 0.093036 0.696419 0.968533 0.696522 0.862988 0.773973 0.924881 0.165888 0.027325 0.710755 0.118282 0.735550 0.430345 0.612435 0.784540 0.478001 0.559350 0.305687 0.180621 0.034427 0.217995 0.426504 0.997143 0.795841 0.131329 0.392672 0.501466 0.158455 0.128049 0.684069 0.229123 0.374453 0.971826 0.811969 0.840868 0.244104 0.592799 0.478723 0.840644 0.290774 0.356758 0.833860 0.939826 0.027436 0.708535 0.860458 0.989614 0.793435 0.490903 0.224390 0.627374 0.243702 0.813955 0.188384
0.185033 0.631335 0.076263 0.693712 0.720402 0.562278 0.146751 0.935049 0.639565 0.381510 0.125033 0.734831 0.047723 0.022726 0.639731 0.879860 0.699359 0.338952 0.867237 0.635312 0.676211 0.654849 0.362419 0.020916 0.167094 0.536016 0.766658 0.216281 0.890130 0.558082 0.329089 0.647993 0.718416 0.371601 0.643024 0.628195 0.798952 0.871430 0.131084 0.717846 0.251490 0.431351 0.625947 0.464682 0.950198 0.319363 0.734294 0.601963 0.784436 0.101054 0.315938 0.526461 0.863050 0.432548 0.149901 0.974563 0.286345 0.260830 0.265888 0.112782 0.161945 0.807652 0.434192 0.929021 0.355132 0.202208 0.484554 0.883509 0.043112 0.574508 0.758684 0.484091 0.014544 0.568337 0.074805 0.624184 0.490551 0.206120 0.466800 0.156963 0.095555 0.476809 0.747754 0.587638 0.450989 0.876221 0.557389 0.171938 0.836785 0.533199 0.015409 0.409268 0.977074 0.586261 0.627197 0.048700 0.682530 0.419378 0.279451 0.064511 0.216955 0.579403 0.320212 0.886908 0.778992 0.740267 0.473307 0.146478 0.545533 0.173855 0.312293 0.622638 0.921382 0.915699 0.939382 0.747594 0.932072 0.035269 0.174367 0.792009 0.562196 0.548525 0.326624 0.745144 0.249688 0.702051 0.016266 0.866426 0.688845 0.909584 0.314226 0.436475 0.649209 0.159897 0.278552 0.417845 0.655965 0.537447 0.106589 0.191156 0.631002 0.359633 0.027886 0.012359 0.087602 0.853405 0.987806 0.360820 0.459055 0.351379 0.336543 0.327472 0.441467 0.036001 0.610887 0.098433 0.567319 0.933904 0.670772 0.264546 0.225394 0.590217 0.676708 0.616504 0.719073 0.734956 0.212844 0.621637 0.193809 0.203868 0.734190 0.440756 0.543212 0.835281 0.727671 0.992179 0.887299 0.008816 0.243436 0.518975 0.995360 0.688536 0.667928 0.932024 0.689658 0.089600 0.932261 0.556431 0.201005 0.735701 0.158245 0.175133 0.488095 0.240328 0.370703 0.979436 0.840784 0.348394 0.883490 0.456891
0.524461 0.092656 0.082921 0.495412 0.845047 0.192600 0.770984 0.724014 0.066685 0.224977 0.830173 0.376627 0.335420 0.599804 0.459527 0.227837 0.073642 0.136066 0.195443 0.887470 0.424844 0.688952 0.534254 0.089825 0.797978 0.093438 0.400860 0.858495 0.506029 0.559820 0.029109 0.473482 0.522141 0.441131 0.227062 0.770379 0.943135 0.713045 0.220175 0.170272 0.226269 0.436888 0.598568 0.302793 0.992545 0.547743 0.725326 0.943007 0.420975 0.951583 0.499567 0.371729 0.415182 0.614020 0.511929 0.741012 0.228849 0.004589 0.777091 0.394608 0.662398 0.650672 0.186685 0.515679 0.547563 0.879276 0.546471 0.976105 0.520008 0.310033 0.442652 0.454960 0.350424 0.354825 0.232761 0.251653 0.499131 0.537127 0.292965 0.524832 0.287122 0.241538 0.692194 0.289057 0.376211 0.256694 0.676546 0.924169 0.105930 0.675944 0.236223 0.799774 0.789774 0.098753 0.592646 0.309426 0.105142 0.590146 0.593156 0.683565 0.188642 0.855525 0.280719 0.224630 0.229307 0.295204 0.895931 0.856747 0.932312 0.019025 0.228914 0.305441 0.799332 0.646176 0.784963 0.135281 0.999137 0.346572 0.312324 0.337377 0.835140 0.737493 0.218121 0.959589 0.909231 0.910042 0.701363 0.176428 0.686856 0.722088 0.443785 0.605557 0.743161 0.218174 0.856561 0.605691 0.802062 0.253643 0.265830 0.576776 0.757993 0.794785 0.552348 0.017661 0.273206 0.242033 0.170040 0.058149 0.731559 0.329104 0.541547 0.901574 0.880695 0.606508 0.735744 0.160982 0.262529 0.802626 0.015599 0.056618 0.395643 0.475005 0.625574 0.231023 0.920525 0.247668 0.236006 0.939397 0.570628 0.952674 0.438976 0.123030 0.795911 0.168665 0.091699 0.974055 0.694667 0.463726 0.270720 0.105194 0.556955 0.430874 0.159170 0.769701 0.448964 0.924835 0.242726 0.551480 0.675353 0.872080 0.134953 0.856432 0.834945 0.947147 0.338682 0.509749 0.008436 0.848539 0.730415 0.591670
0.185351 0.943298 0.438829 0.286447 0.005474 0.614217 0.970796 0.571234 0.254076 0.318534 0.312008 0.169501 0.899116 0.496906 0.458640 0.144220 0.554563 0.343922 0.588725 0.027049 0.540733 0.056045 0.441542 0.505546 0.918540 0.094545 0.954343 0.162741 0.119939 0.730566 0.575410 0.831655 0.239496 0.801094 0.680482 0.354174 0.570190 0.477992 0.719410 0.658545 0.852071 0.728755 0.870459 0.018350 0.824968 0.086638 0.072638 0.656355 0.240280 0.594681 0.429795 0.736048 0.900756 0.744722 0.952202 0.328811 0.883058 0.780950 0.547572 0.869152 0.003671 0.942179 0.092672 0.827235 0.759823 0.898072 0.315504 0.838878 0.222276 0.736381 0.587087 0.954801 0.476769 0.458636 0.961416 0.967898 0.084725 0.361425 0.983416 0.869127 0.931019 0.790693 0.546722 0.751279 0.882984 0.511130 0.072631 0.785104 0.417592 0.790333 0.247608 0.984737 0.909241 0.298404 0.936708 0.596637 0.293142 0.370147 0.937866 0.173308 0.714799 0.199084 0.616924 0.570489 0.567554 0.364707 0.643796 0.605044 0.726432 0.064183 0.902480 0.850531 0.800381 0.517423 0.805200 0.936640 0.805644 0.870014 0.080150 0.663528 0.662701 0.173448 0.118786 0.459728 0.078209 0.243206 0.046554 0.002561 0.444188 0.182789 0.023052 0.811784 0.092414 0.046977 0.242845 0.958780 0.022012 0.833387 0.723857 0.338618 0.820245 0.757781 0.274922 0.448000 0.765283 0.040093 0.666865 0.213478 0.510892 0.492763 0.750836 0.725629 0.171658 0.777436 0.790937 0.712565 0.166683 0.894015 0.204963 0.605147 0.883685 0.323643 0.675323 0.223712 0.510426 0.739977 0.040526 0.140854 0.722824 0.597209 0.654749 0.258837 0.565372 0.558334 0.013073 0.963986 0.470357 0.978087 0.926323 0.553781 0.246861 0.967139 0.778018 0.938736 0.436631 0.309676 0.148663 0.504185 0.336538 0.331432 0.919414 0.085090 0.462356 0.425062 0.403395 0.231950 0.518467 0.970305 0.720407 0.515765
0.343627 0.505921 0.408639 0.635246 0.276902 0.726062 0.701298 0.145068 0.342262 0.250135 0.611728 0.663669 0.265982 0.747956 0.548579 0.220658 0.563932 0.977597 0.418606 0.013358 0.994095 0.210791 0.575426 0.738458 0.465579 0.909474 0.342320 0.555329 0.298466 0.975864 0.963808 0.343727 0.051491 0.729337 0.270229 0.138417 0.027540 0.670485 0.653977 0.959353 0.397966 0.159003 0.141102 0.082835 0.655393 0.901173 0.695900 0.162476 0.553963 0.632041 0.210880 0.315170 0.261372 0.551644 0.177099 0.152257 0.904281 0.268892 0.121181 0.891985 0.241030 0.151350 0.497471 0.146408 0.303347 0.540919 0.019033 0.999792 0.089813 0.681703 0.808597 0.957991 0.036126 0.408303 0.226777 0.610077 0.209298 0.522172 0.760918 0.727246 0.652695 0.496410 0.561433 0.365061 0.660612 0.405988 0.135338 0.655141 0.463409 0.397674 0.480132 0.191993 0.135979 0.759833 0.407793 0.293459 0.649832 0.186281 0.796684 0.361167 0.273917 0.660058 0.239982 0.156488 0.450307 0.123428 0.259360 0.045991 0.997426 0.735654 0.634873 0.674748 0.651364 0.615726 0.286224 0.470629 0.478827 0.725454 0.541870 0.324439 0.149646 0.609129 0.965871 0.839020 0.352677 0.571264 0.920122 0.950467 0.766656 0.402586 0.343080 0.735258 0.813449 0.079292 0.518012 0.792207 0.752418 0.652263 0.436244 0.074916 0.911800 0.359339 0.394901 0.827338 0.842452 0.942087 0.258684 0.655471 0.427492 0.247598 0.945760 0.970353 0.586078 0.605543 0.864347 0.168811 0.221647 0.612722 0.775675 0.905686 0.646958 0.681227 0.543803 0.377198 0.298531 0.747175 0.886275 0.009143 0.725133 0.411289 0.667555 0.295904 0.622167 0.232906 0.776113 0.877340 0.693318 0.887158 0.093179 0.430651 0.198070 0.940405 0.306119 0.162053 0.032323 0.734641 0.491728 0.190072 0.594553 0.117041 0.589687 0.717229 0.204234 0.818606 0.774901 0.785240 0.842280 0.661099 0.519384 0.743557
0.350818 0.310980 0.762885 0.367061 0.305559 0.835530 0.624451 0.848758 0.121320 0.818276 0.282855 0.877170 0.436437 0.718956 0.366167 0.862446 0.390738 0.199396 0.792599 0.614337 0.501177 0.165587 0.122400 0.394822 0.265443 0.109565 0.647762 0.772304 0.987917 0.032099 0.223563 0.556942 0.493764 0.139738 0.101666 0.591307 0.426205 0.268939 0.029317 0.436038 0.019847 0.657617 0.518821 0.197003 0.413058 0.607607 0.494523 0.465555 0.928275 0.131696 0.782868 0.564251 0.882077 0.450272 0.197962 0.151135 0.210807 0.913952 0.475117 0.695548 0.345756 0.063304 0.202483 0.368684 0.923142 0.540491 0.476664 0.323635 0.752551 0.291375 0.333082 0.308315 0.940498 0.315333 0.721614 0.209269 0.943564 0.106033 0.503814 0.434714 0.830603 0.840378 0.763410 0.206175 0.602987 0.739577 0.525372 0.201893 0.050717 0.705765 0.278846 0.099628 0.381844 0.735120 0.294524 0.687929 0.947062 0.694899 0.397306 0.757758 0.089764 0.724847 0.099252 0.924498 0.031767 0.218152 0.338247 0.967889 0.081582 0.608983 0.223183 0.657712 0.208941 0.757665 0.325018 0.757923 0.078798 0.737353 0.211155 0.608274 0.371390 0.025819 0.568599 0.969058 0.038854 0.716480 0.309795 0.369416 0.685898 0.844204 0.628812 0.394787 0.377039 0.169624 0.698611 0.164328 0.938938 0.735166 0.458768 0.892114 0.697251 0.568702 0.739095 0.787876 0.759119 0.233926 0.461850 0.602597 0.152565 0.969776 0.113466 0.984631 0.916008 0.087551 0.643457 0.926951 0.533860 0.358935 0.031642 0.099822 0.951342 0.219473 0.758121 0.298988 0.533881 0.096891 0.680157 0.082382 0.643931 0.264821 0.975881 0.083371 0.771063 0.237318 0.452075 0.473758 0.204957 0.062645 0.678998 0.869570 0.181673 0.892930 0.323483 0.355197 0.578040 0.344520 0.761896 0.269721 0.105401 0.467184 0.113733 0.852766 0.297290 0.386606 0.476136 0.529163 0.376576 0.604622 0.143742 0.388382
0.142492 0.444452 0.610963 0.122093 0.409471 0.475876 0.216375 0.433551 0.045705 0.275674 0.398124 0.986245 0.068068 0.082627 0.105454 0.410053 0.189312 0.488909 0.211377 0.551745 0.737844 0.832622 0.517941 0.214077 0.946701 0.789422 0.544206 0.256108 0.795315 0.025277 0.021216 0.633542 0.998513 0.846629 0.041916 0.685912 0.783564 0.760477 0.499515 0.823751 0.476100 0.907179 0.973637 0.089018 0.051612 0.393658 0.579031 0.093884 0.282385 0.955977 0.286028 0.220437 0.106863 0.632742 0.336706 0.875594 0.838555 0.036372 0.356404 0.478530 0.068299 0.804160 0.766198 0.946489 0.294312 0.648018 0.834888 0.806778 0.619963 0.889492 0.231939 0.069170 0.030095 0.535754 0.315273 0.400976 0.660121 0.850547 0.331312 0.811670 0.114619 0.259519 0.281448 0.718147 0.053921 0.316819 0.261329 0.699981 0.885900 0.204530 0.813912 0.452562 0.577082 0.922936 0.740037 0.863977 0.397440 0.460408 0.804650 0.655453 0.110884 0.776328 0.746098 0.636065 0.981116 0.140878 0.948497 0.662833 0.206176 0.522486 0.730305 0.875756 0.176167 0.828321 0.513503 0.599139 0.092940 0.423491 0.767056 0.227033 0.818931 0.191155 0.415018 0.193970 0.752762 0.156814 0.280200 0.685076 0.374168 0.682957 0.941835 0.193408 0.985954 0.047736 0.356693 0.405314 0.693633 0.195267 0.458336 0.827941 0.319193 0.256266 0.518822 0.698582 0.675598 0.909432 0.015931 0.066463 0.752523 0.755391 0.362670 0.509089 0.245129 0.505751 0.151491 0.072337 0.827180 0.895150 0.449219 0.678979 0.430383 0.763897 0.960987 0.573575 0.550540 0.029600 0.345896 0.742266 0.978112 0.454557 0.785845 0.632590 0.375235 0.242240 0.404820 0.766025 0.227154 0.677444 0.431329 0.743701 0.272390 0.966331 0.531488 0.045738 0.587232 0.031129 0.734857 0.238209 0.931960 0.778173 0.651856 0.223106 0.612920 0.365421 0.595797 0.038284 0.362259 0.571319 0.284668 0.718555
0.379466 0.900081 0.719452 0.847456 0.452889 0.055457 0.651663 0.946791 0.093952 0.792691 0.979665 0.011083 0.198250 0.650158 0.972958 0.993353 0.208558 0.446074 0.749982 0.666489 0.038476 0.316036 0.216554 0.055530 0.375445 0.745219 0.616294 0.735446 0.225289 0.150908 0.624274 0.758414 0.761426 0.066145 0.587834 0.869025 0.960486 0.869011 0.332476 0.172788 0.995233 0.948669 0.120991 0.005970 0.916395 0.321556 0.436275 0.561498 0.916205 0.839770 0.107377 0.122151 0.558672 0.555734 0.768546 0.520659 0.094039 0.452779 0.238856 0.182905 0.041053 0.083916 0.470754 0.730554 0.504732 0.825814 0.264185 0.560547 0.023437 0.791489 0.741835 0.184391 0.893416 0.440094 0.422603 0.862012 0.178950 0.092138 0.341470 0.307217 0.354982 0.238368 0.056882 0.646863 0.577193 0.063885 0.870425 0.519969 0.990068 0.913893 0.943814 0.980375 0.046009 0.397732 0.409441 0.401019 0.517790 0.438708 0.305889 0.591892 0.373139 0.947051 0.859012 0.360391 0.154216 0.003393 0.031790 0.010243 0.406378 0.733174 0.100449 0.261282 0.889333 0.158841 0.005484 0.980152 0.690260 0.256995 0.690758 0.632392 0.313137 0.791974 0.971894 0.580939 0.893257 0.720735 0.955985 0.773957 0.379874 0.512166 0.232660 0.321991 0.997552 0.320450 0.464528 0.542618 0.392736 0.761359 0.152987 0.102666 0.899857 0.241277 0.891513 0.273398 0.850677 0.429965 0.311304 0.610737 0.348940 0.819094 0.736528 0.187896 0.156697 0.822080 0.577805 0.890557 0.629502 0.742189 0.750100 0.220288 0.770892 0.867794 0.714530 0.635285 0.782819 0.169191 0.225133 0.817203 0.139680 0.962736 0.670189 0.467169 0.880809 0.095079 0.459953 0.745565 0.671199 0.115212 0.789856 0.143219 0.999225 0.487223 0.070662 0.618382 0.627781 0.701382 0.249553 0.223339 0.732436 0.934235 0.187243 0.898211 0.946045 0.602787 0.708319 0.665765 0.390300 0.297426 0.398477 0.796937
0.516260 0.765333 0.105347 0.808979 0.975031 0.930859 0.405938 0.050310 0.688356 0.504511 0.570274 0.641910 0.769003 0.263291 0.893911 0.048076 0.776204 0.984741 0.175625 0.911228 0.882390 0.501425 0.093337 0.693089 0.712935 0.546231 0.807840 0.266261 0.089371 0.874244 0.970011 0.415083 0.891250 0.626361 0.467657 0.717319 0.125157 0.321670 0.433720 0.714142 0.351012 0.041333 0.668991 0.056619 0.243478 0.209504 0.693329 0.257551 0.457088 0.726449 0.957164 0.042827 0.201911 0.392270 0.923887 0.355894 0.692772 0.658037 0.792905 0.776316 0.740086 0.978531 0.036721 0.756082 0.269859 0.216746 0.474124 0.431460 0.866819 0.275212 0.766564 0.560166 0.344707 0.764577 0.401552 0.110175 0.742051 0.360914 0.253532 0.887902 0.894660 0.854834 0.077927 0.412094 0.819828 0.393289 0.001691 0.634015 0.378767 0.571832 0.839320 0.723348 0.208695 0.398078 0.549306 0.813207 0.150937 0.471503 0.340809 0.711979 0.243536 0.085396 0.607849 0.522405 0.539596 0.437457 0.686880 0.133160 0.833140 0.911641 0.565095 0.145217 0.964390 0.495385 0.453915 0.865832 0.138929 0.109048 0.574487 0.336540 0.368606 0.001257 0.993618 0.151978 0.348234 0.355638 0.504839 0.451503 0.114600 0.096695 0.445045 0.370843 0.915084 0.119943 0.407115 0.424670 0.679123 0.275587 0.273651 0.378528 0.700309 0.057829 0.721806 0.195184 0.450384 0.443845 0.591246 0.480349 0.870141 0.675299 0.352540 0.863831 0.183740 0.029472 0.098249 0.557094 0.336585 0.150899 0.870749 0.008097 0.592198 0.523694 0.014300 0.272398 0.755428 0.135649 0.074509 0.114259 0.708623 0.022044 0.092691 0.461549 0.329584 0.445401 0.055694 0.441679 0.965676 0.257952 0.854469 0.858374 0.989308 0.476499 0.311669 0.856504 0.269581 0.088114 0.282259 0.337250 0.641549 0.877687 0.813694 0.613070 0.191553 0.780803 0.643494 0.869468 0.596530 0.433313 0.740707 0.707195
0.950708 0.853313 0.798226 0.781757 0.482655 0.435820 0.586435 0.046117 0.201224 0.216591 0.566724 0.281104 0.877340 0.227135 0.162603 0.213651 0.163904 0.097938 0.766415 0.233445 0.505391 0.844569 0.565114 0.822175 0.756841 0.682875 0.554274 0.711784 0.753869 0.125436 0.086811 0.557867 0.323208 0.989273 0.756853 0.106579 0.519253 0.779716 0.270165 0.469073 0.121244 0.347102 0.096916 0.349422 0.022564 0.844972 0.837091 0.986034 0.970235 0.952637 0.704256 0.610181 0.722059 0.734437 0.951560 0.320727 0.650284 0.632870 0.648585 0.611657 0.340736 0.161581 0.899566 0.787282 0.109292 0.969573 0.014564 0.430656 0.259544 0.876785 0.655008 0.475362 0.921579 0.162632 0.275172 0.573808 0.753324 0.808032 0.311639 0.187067 0.042900 0.025351 0.638501 0.731674 0.275908 0.571533 0.122484 0.551579 0.519173 0.507273 0.519132 0.244791 0.916278 0.997811 0.346636 0.808728 0.811156 0.048577 0.178123 0.466138 0.515523 0.520555 0.429025 0.514697 0.143468 0.009511 0.921609 0.513295 0.465509 0.025365 0.761204 0.617819 0.466633 0.515360 0.324092 0.294011 0.206369 0.827385 0.850314 0.205471 0.809670 0.326833 0.863028 0.150469 0.881467 0.433391 0.421914 0.635217 0.675634 0.538615 0.574415 0.642205 0.060468 0.103213 0.822942 0.673072 0.994650 0.534557 0.644560 0.267711 0.162280 0.126948 0.090422 0.371293 0.524533 0.153921 0.066761 0.884857 0.271532 0.360720 0.862819 0.388055 0.873526 0.782096 0.854763 0.615936 0.156034 0.638295 0.648465 0.545232 0.082814 0.538260 0.783076 0.705215 0.486575 0.770515 0.603601 0.458481 0.514779 0.722197 0.299449 0.111701 0.132256 0.704915 0.421686 0.398508 0.634636 0.384389 0.382276 0.272256 0.883621 0.872039 0.056674 0.131746 0.831083 0.435830 0.409195 0.443725 0.415563 0.092896 0.143296 0.470294 0.709208 0.119802 0.826250 0.080337 0.955076 0.448891 0.155305 0.993045
0.286280 0.821998 0.336577 0.044589 0.764052 0.928132 0.632338 0.119169 0.586162 0.724565 0.146576 0.747779 0.672761 0.910902 0.907550 0.252783 0.590681 0.547643 0.100876 0.660429 0.825249 0.114832 0.776263 0.565273 0.908563 0.103602 0.160963 0.677402 0.412499 0.053343 0.064551 0.585433 0.914309 0.283447 0.746279 0.594733 0.656514 0.379503 0.022075 0.494033 0.596125 0.044276 0.796207 0.411491 0.736175 0.502451 0.585811 0.969785 0.494701 0.587083 0.703744 0.678730 0.934613 0.226721 0.357499 0.805855 0.031081 0.995759 0.629908 0.227963 0.624636 0.377147 0.153015 0.247738 0.970579 0.220052 0.599943 0.965420 0.275078 0.518306 0.622433 0.965181 0.810491 0.240573 0.374070 0.461708 0.049100 0.774011 0.656635 0.254141 0.458121 0.743493 0.702814 0.011562 0.562317 0.131345 0.218087 0.457900 0.859269 0.664487 0.110555 0.205688 0.849033 0.552036 0.940206 0.862163 0.512891 0.033289 0.759980 0.897213 0.286728 0.946255 0.996016 0.499125 0.876809 0.426788 0.505883 0.032673 0.929298 0.498599 0.539551 0.993893 0.366846 0.054717 0.837683 0.126703 0.448443 0.330921 0.195371 0.922346 0.872125 0.112645 0.434795 0.869261 0.475094 0.370566 0.662675 0.569561 0.866106 0.171227 0.042871 0.994407 0.944769 0.735513 0.574776 0.941291 0.358730 0.816832 0.181448 0.985226 0.084018 0.806895 0.534538 0.601739 0.741170 0.698954 0.512083 0.347489 0.600799 0.777584 0.911427 0.495799 0.091845 0.710500 0.256644 0.250951 0.624240 0.188796 0.459545 0.813865 0.848272 0.304336 0.798583 0.393796 0.999228 0.302275 0.030486 0.763449 0.840387 0.545752 0.368695 0.537567 0.240110 0.638693 0.526154 0.770342 0.025414 0.771880 0.535515 0.168541 0.568259 0.731872 0.135275 0.889471 0.830745 0.508293 0.968666 0.068690 0.928047 0.478108 0.276516 0.009093 0.434730 0.817106 0.497333 0.230652 0.247230 0.326377 0.793114 0.470156
0.327917 0.712445 0.801983 0.546232 0.510175 0.948693 0.457993 0.469688 0.042601 0.237687 0.360702 0.190899 0.378838 0.506576 0.204795 0.868596 0.041001 0.084917 0.217496 0.845811 0.901752 0.818734 0.682802 0.188932 0.284998 0.401949 0.409436 0.350941 0.306259 0.059088 0.460818 0.803554 0.185990 0.005581 0.568056 0.650946 0.766348 0.866451 0.499740 0.655438 0.692379 0.045504 0.309475 0.609312 0.047821 0.426593 0.760510 0.723681 0.253192 0.001922 0.509182 0.615179 0.545513 0.602656 0.783479 0.991872 0.009005 0.470352 0.794338 0.115811 0.831938 0.651926 0.984758 0.117436 0.661950 0.140452 0.281533 0.322664 0.837357 0.403768 0.604758 0.360449 0.476668 0.428172 0.430772 0.875050 0.911742 0.855151 0.453051 0.748341 0.181936 0.137027 0.530260 0.639664 0.241179 0.528904 0.257884 0.206399 0.830333 0.574470 0.008860 0.607351 0.437550 0.839499 0.649540 0.495482 0.222615 0.612915 0.560266 0.901170 0.388752 0.747073 0.845687 0.891436 0.866498 0.022687 0.287777 0.753430 0.149808 0.300087 0.591364 0.877879 0.554371 0.182158 0.099387 0.699602 0.986494 0.875438 0.887350 0.651665 0.893524 0.391532 0.497186 0.626821 0.255191 0.926167 0.847541 0.483625 0.936858 0.615409 0.973621 0.050404 0.956186 0.813600 0.001463 0.645544 0.194525 0.778327 0.879189 0.360188 0.061180 0.347300 0.214885 0.145673 0.505281 0.836312 0.550341 0.113401 0.716476 0.118377 0.226497 0.704217 0.461612 0.097095 0.464954 0.660872 0.986673 0.470294 0.161165 0.646223 0.796512 0.285969 0.639770 0.792608 0.734086 0.302837 0.237966 0.083804 0.261160 0.826340 0.129141 0.420247 0.047516 0.009628 0.786009 0.491138 0.685379 0.520602 0.866748 0.298190 0.832498 0.726613 0.599805 0.023754 0.629223 0.987098 0.636102 0.029076 0.655406 0.979228 0.358349 0.739645 0.034349 0.714366 0.216961 0.318027 0.302432 0.741921 0.895980 0.061247
0.574223 0.373629 0.386482 0.950519 0.632993 0.909114 0.634724 0.111501 0.565434 0.531513 0.196130 0.776734 0.462564 0.449957 0.113952 0.409244 0.044642 0.777644 0.929749 0.212314 0.439839 0.192749 0.836148 0.626563 0.576804 0.166135 0.989110 0.961166 0.759101 0.851576 0.583238 0.630402 0.029050 0.980585 0.190939 0.788491 0.752340 0.660359 0.625103 0.633953 0.573275 0.924304 0.789558 0.956256 0.008682 0.236757 0.396380 0.013115 0.902098 0.942313 0.565043 0.698745 0.783917 0.464955 0.086968 0.579432 0.224369 0.997777 0.517758 0.746373 0.598501 0.922276 0.001222 0.118988 0.381670 0.554760 0.969074 0.844787 0.266444 0.397004 0.446595 0.144981 0.592104 0.894146 0.028278 0.437741 0.973462 0.831183 0.164900 0.743027 0.416281 0.248590 0.136212 0.160514 0.171646 0.434085 0.322603 0.366871 0.626253 0.424076 0.453073 0.688168 0.357352 0.938299 0.468325 0.920409 0.503459 0.148182 0.305689 0.639439 0.828331 0.212344 0.720720 0.099240 0.108484 0.108167 0.152650 0.095988 0.221715 0.433128 0.010783 0.556421 0.441578 0.448258 0.667966 0.002160 0.014818 0.075328 0.318910 0.900430 0.678536 0.184660 0.458897 0.458623 0.612805 0.626158 0.387615 0.542101 0.955862 0.266517 0.105581 0.860354 0.799759 0.264570 0.213882 0.624831 0.067608 0.269716 0.647833 0.737246 0.881814 0.220206 0.419697 0.902682 0.293531 0.334078 0.671642 0.484775 0.307943 0.860653 0.856875 0.139827 0.816948 0.897519 0.049772 0.840039 0.791160 0.316472 0.586933 0.666536 0.369558 0.814986 0.992067 0.271318 0.907853 0.915138 0.887763 0.953496 0.609769 0.668771 0.865894 0.654191 0.308727 0.823161 0.981900 0.164972 0.131607 0.203145 0.248957 0.974741 0.275382 0.030245 0.182667 0.168906 0.181800 0.410837 0.731511 0.528906 0.834609 0.025405 0.456139 0.617911 0.195366 0.654718 0.324019 0.235113 0.302378 0.238488 0.437969 0.052036
0.335649 0.014483 0.988174 0.292621 0.625676 0.547907 0.616735 0.624125 0.698840 0.562593 0.870019 0.909938 0.199849 0.049220 0.390294 0.378753 0.212823 0.508846 0.459038 0.575306 0.222262 0.160306 0.792991 0.192674 0.750291 0.177752 0.186122 0.513316 0.679498 0.813096 0.356010 0.220639 0.118699 0.235211 0.352368 0.827523 0.694719 0.445031 0.221282 0.479776 0.928262 0.468723 0.753093 0.861544 0.392916 0.338165 0.359948 0.308925 0.414776 0.891387 0.459954 0.479139 0.114406 0.408111 0.907681 0.330633 0.450468 0.566724 0.693959 0.302434 0.166416 0.449412 0.591067 0.256292 0.212746 0.864694 0.211849 0.598313 0.677589 0.312806 0.816824 0.782566 0.123395 0.632449 0.039339 0.746797 0.779468 0.630915 0.600890 0.764118 0.089207 0.665665 0.920362 0.462123 0.938490 0.155703 0.930254 0.190781 0.427260 0.506119 0.695301 0.853539 0.855968 0.864175 0.310517 0.237895 0.617819 0.096334 0.987722 0.762121 0.062733 0.734719 0.295403 0.243671 0.982625 0.382309 0.236153 0.034603 0.237590 0.888813 0.107153 0.821900 0.982780 0.957309 0.473138 0.344429 0.958528 0.224869 0.437462 0.670204 0.048852 0.424577 0.990339 0.018133 0.600767 0.153833 0.789978 0.572069 0.419209 0.990335 0.750799 0.498983 0.207307 0.604107 0.817687 0.909699 0.814247 0.641797 0.521921 0.038770 0.266197 0.845420 0.663117 0.284661 0.605789 0.879259 0.159978 0.262941 0.965668 0.858158 0.658184 0.428851 0.000885 0.916545 0.391287 0.902541 0.512241 0.157835 0.775999 0.521656 0.044665 0.717073 0.016894 0.819511 0.208723 0.714214 0.132511 0.237759 0.859004 0.972100 0.962691 0.130844 0.090551 0.179743 0.350652 0.790446 0.666184 0.124436 0.280387 0.036415 0.479127 0.853698 0.927571 0.137638 0.925072 0.446516 0.063153 0.520830 0.769060 0.586180 0.182793 0.215649 0.728256 0.968316 0.925871 0.507686 0.823652 0.837842 0.233401 0.325470
0.212833 0.643585 0.839616 0.020770 0.298023 0.904072 0.979792 0.737823 0.232981 0.111716 0.108746 0.624471 0.704327 0.916549 0.182395 0.103750 0.642096 0.921916 0.813228 0.207506 0.018805 0.184750 0.222317 0.211376 0.112167 0.449570 0.037369 0.871399 0.576366 0.316807 0.086499 0.929614 0.226403 0.631254 0.546849 0.538208 0.145090 0.598145 0.994503 0.952723 0.489996 0.030558 0.863812 0.364183 0.450332 0.405761 0.668510 0.292168 0.723022 0.979249 0.578448 0.030725 0.355059 0.444839 0.475967 0.980565 0.491086 0.948118 0.912127 0.256684 0.294859 0.512567 0.631000 0.208559 0.797305 0.116357 0.989647 0.844389 0.826711 0.144682 0.492959 0.109492 0.944316 0.190220 0.539005 0.293011 0.733461 0.831332 0.842340 0.159862 0.321606 0.310433 0.494492 0.726149 0.407673 0.844780 0.359006 0.539196 0.071610 0.676919 0.352597 0.882777 0.107513 0.403183 0.790753 0.517077 0.865022 0.534502 0.069767 0.741864 0.830797 0.466687 0.446372 0.432331 0.860058 0.512774 0.606692 0.667844 0.009276 0.820006 0.561693 0.540429 0.961835 0.065894 0.553773 0.583675 0.923582 0.484339 0.322813 0.520598 0.144283 0.935399 0.123889 0.596152 0.625205 0.550739 0.087975 0.287517 0.797676 0.784477 0.885208 0.862624 0.870189 0.227313 0.738781 0.286890 0.382714 0.059732 0.705877 0.740879 0.887829 0.157877 0.448801 0.147314 0.509139 0.468887 0.906818 0.619341 0.219292 0.189338 0.372763 0.543812 0.706774 0.726163 0.781950 0.106044 0.545427 0.988523 0.119305 0.876994 0.438469 0.428657 0.464689 0.291145 0.251485 0.759417 0.569084 0.216062 0.936151 0.051772 0.670178 0.070672 0.926764 0.168013 0.025032 0.566541 0.916293 0.902806 0.984282 0.638766 0.331578 0.573538 0.293155 0.418278 0.486873 0.029594 0.728856 0.061877 0.117696 0.990141 0.791858 0.082680 0.433217 0.110034 0.036140 0.448502 0.585940 0.704388 0.478026 0.303459
0.842638 0.122250 0.981300 0.011503 0.481591 0.216019 0.169780 0.561979 0.823401 0.168557 0.468565 0.020771 0.121316 0.620499 0.488679 0.752065 0.120258 0.505970 0.560564 0.810270 0.921126 0.420808 0.264430 0.003249 0.433765 0.113610 0.995052 0.822444 0.917637 0.863595 0.866739 0.599229 0.573673 0.439780 0.870788 0.664519 0.859060 0.561929 0.565861 0.928046 0.070720 0.170546 0.415776 0.258603 0.453668 0.445345 0.547613 0.129306 0.711991 0.933933 0.952857 0.676241 0.836831 0.370416 0.714152 0.991502 0.726987 0.144434 0.429529 0.498842 0.912035 0.773833 0.819919 0.755373 0.357399 0.850502 0.009667 0.228924 0.763723 0.094069 0.276984 0.089792 0.179949 0.609383 0.020186 0.640707 0.339164 0.520883 0.895806 0.158027 0.256701 0.022097 0.716009 0.868128 0.978475 0.309766 0.827613 0.968561 0.916023 0.981138 0.764184 0.778938 0.149079 0.062846 0.326737 0.859856 0.118769 0.463616 0.470459 0.144236 0.346412 0.633095 0.389370 0.076858 0.977514 0.208791 0.012828 0.223620 0.918200 0.059390 0.147915 0.236879 0.134386 0.545869 0.908196 0.064813 0.483779 0.317559 0.995492 0.168134 0.747435 0.420056 0.313002 0.761771 0.933244 0.548110 0.297368 0.710137 0.586362 0.760675 0.298930 0.289529 0.668159 0.213935 0.107353 0.479338 0.914718 0.228351 0.147153 0.832910 0.863804 0.371288 0.547473 0.644774 0.135136 0.898360 0.836795 0.658503 0.737022 0.580349 0.222913 0.974726 0.639761 0.086500 0.507886 0.177653 0.322442 0.852002 0.788080 0.709278 0.349467 0.579715 0.923577 0.249792 0.272001 0.924797 0.760819 0.058914 0.225290 0.519326 0.903949 0.548873 0.374205 0.381757 0.696962 0.973674 0.389322 0.447085 0.458111 0.052015 0.999643 0.992697 0.958619 0.075663 0.176466 0.637409 0.054596 0.242154 0.168505 0.311401 0.279043 0.177161 0.820165 0.688603 0.052430 0.971740 0.914222 0.355470 0.953740 0.209162
0.848485 0.736480 0.330820 0.256894 0.982458 0.907408 0.432293 0.498716 0.001536 0.398639 0.464928 0.131729 0.567317 0.466606 0.927540 0.066589 0.775168 0.042319 0.301511 0.109866 0.783969 0.352383 0.002786 0.568545 0.208404 0.311623 0.360934 0.108806 0.049972 0.660629 0.647240 0.080316 0.509842 0.973403 0.759185 0.002221 0.564299 0.932092 0.897592 0.045845 0.967482 0.429403 0.378485 0.439152 0.043996 0.351196 0.182027 0.387158 0.410656 0.202806 0.249749 0.039315 0.171867 0.324795 0.593080 0.826422 0.260118 0.911264 0.537749 0.805554 0.634475 0.619626 0.649351 0.105726 0.515989 0.080870 0.044228 0.215416 0.753329 0.246431 0.478660 0.520464 0.935248 0.596719 0.310963 0.535075 0.748113 0.275322 0.384437 0.095499 0.600048 0.875617 0.439105 0.768822 0.525411 0.740591 0.010799 0.505155 0.448035 0.642007 0.660010 0.827541 0.866075 0.865783 0.195539 0.243008 0.057337 0.037078 0.458028 0.398494 0.245518 0.779040 0.134960 0.417633 0.881024 0.445943 0.735102 0.681064 0.435155 0.939378 0.779622 0.714806 0.902235 0.418943 0.331799 0.546078 0.494330 0.935869 0.115759 0.528841 0.374198 0.357502 0.239058 0.248173 0.931805 0.778919 0.939286 0.998819 0.216817 0.365923 0.520056 0.436536 0.442894 0.256576 0.840405 0.333107 0.937753 0.446852 0.047421 0.840134 0.664650 0.174009 0.403921 0.910061 0.210337 0.614902 0.141072 0.271649 0.338081 0.134969 0.195965 0.118648 0.518040 0.998725 0.382632 0.595193 0.214338 0.447110 0.010534 0.636584 0.885021 0.518231 0.796699 0.661344 0.030348 0.157307 0.757591 0.571578 0.504532 0.283940 0.634834 0.874371 0.770926 0.644631 0.680693 0.272322 0.720684 0.305303 0.204233 0.310823 0.107989 0.048715 0.345649 0.703727 0.218952 0.770050 0.331943 0.494724 0.074161 0.318969 0.340619 0.222976 0.728644 0.339169 0.521771 0.805369 0.750700 0.694548 0.588291 0.314115
0.839648 0.126666 0.161625 0.247278 0.532839 0.521755 0.347889 0.653366 0.805485 0.620894 0.704366 0.361462 0.822831 0.359470 0.153797 0.287847 0.375467 0.893920 0.384969 0.668563 0.350526 0.167782 0.573134 0.724452 0.057517 0.055995 0.983342 0.765863 0.628136 0.441996 0.566301 0.153959 0.062169 0.035246 0.088761 0.038617 0.904719 0.685591 0.999678 0.653410 0.780411 0.797725 0.984963 0.730594 0.892950 0.715463 0.523974 0.553028 0.901785 0.534190 0.139376 0.821594 0.102746 0.747221 0.655706 0.719569 0.789201 0.711895 0.932952 0.647394 0.512335 0.489551 0.770254 0.201250 0.867670 0.585678 0.677732 0.817380 0.544381 0.082412 0.052667 0.879418 0.526881 0.998500 0.973859 0.480618 0.771768 0.049613 0.239002 0.447738 0.682252 0.609684 0.612321 0.734974 0.561570 0.795714 0.792550 0.920341 0.709006 0.124416 0.217367 0.922566 0.700426 0.085212 0.121976 0.485350 0.075568 0.248061 0.365799 0.620475 0.297561 0.401477 0.219355 0.147867 0.707023 0.058122 0.061187 0.438845 0.213397 0.682876 0.435128 0.618914 0.623274 0.158636 0.017286 0.160684 0.083570 0.444533 0.627875 0.529379 0.750748 0.397096 0.565263 0.550332 0.742797 0.266882 0.463183 0.713445 0.704150 0.155958 0.115609 0.061895 0.647096 0.765472 0.938080 0.343337 0.251785 0.338706 0.456442 0.725358 0.706346 0.199982 0.142540 0.542308 0.994684 0.976158 0.337099 0.005081 0.520472 0.990721 0.262679 0.614923 0.520534 0.273614 0.372986 0.583704 0.974607 0.686060 0.711724 0.445719 0.041474 0.432162 0.129777 0.540836 0.298879 0.983743 0.278411 0.465653 0.812428 0.352188 0.235211 0.403990 0.557974 0.923412 0.332658 0.360465 0.403595 0.790917 0.906004 0.700455 0.341384 0.007596 0.412801 0.897656 0.683098 0.632885 0.127907 0.283204 0.250637 0.522183 0.709711 0.492829 0.576138 0.673702 0.166579 0.217601 0.246138 0.522079 0.201304 0.849898
0.857992 0.649449 0.182112 0.930082 0.532440 0.127016 0.723648 0.819575 0.050717 0.004820 0.240628 0.088690 0.908263 0.914571 0.205016 0.318893 0.540971 0.091145 0.590112 0.422932 0.882826 0.423097 0.644480 0.422677 0.580659 0.377123 0.031707 0.597496 0.151209 0.619903 0.430217 0.328107 0.666371 0.017120 0.497968 0.097973 0.985259 0.712453 0.785292 0.047289 0.422572 0.785736 0.348903 0.090895 0.274019 0.174179 0.542539 0.736899 0.384913 0.106814 0.994576 0.457431 0.993427 0.151482 0.577294 0.298257 0.388958 0.070798 0.476218 0.412298 0.160812 0.864955 0.240163 0.212184 0.235140 0.816985 0.974470 0.356939 0.931827 0.811051 0.762862 0.076882 0.645845 0.705538 0.234080 0.377929 0.483416 0.860575 0.339036 0.929611 0.233200 0.181604 0.373116 0.757561 0.999568 0.746397 0.678831 0.626616 0.168421 0.797744 0.789691 0.755378 0.518720 0.084658 0.618721 0.284903 0.503383 0.610753 0.686699 0.197808 0.359148 0.550563 0.193899 0.700123 0.306888 0.402420 0.392949 0.592381 0.786465 0.354537 0.600513 0.085058 0.202537 0.573116 0.729951 0.138570 0.727029 0.483363 0.182683 0.974525 0.672161 0.649786 0.442255 0.084869 0.454135 0.680013 0.806531 0.677495 0.705827 0.547973 0.238626 0.663988 0.282719 0.572905 0.989651 0.842534 0.792850 0.907551 0.287851 0.026579 0.112675 0.162632 0.224585 0.606520 0.686060 0.017936 0.982301 0.223084 0.749777 0.788635 0.140744 0.797929 0.328067 0.513065 0.621891 0.351700 0.691815 0.735230 0.053940 0.736571 0.524504 0.415642 0.479882 0.769823 0.511503 0.995123 0.887672 0.761369 0.688609 0.852054 0.577450 0.665796 0.746635 0.111521 0.778754 0.902938 0.789510 0.907363 0.931964 0.759957 0.421740 0.355746 0.067763 0.709152 0.430297 0.210558 0.830681 0.866967 0.014875 0.298031 0.811485 0.288845 0.406576 0.763490 0.852652 0.013280 0.823953 0.940307 0.161836 0.096805
0.785595 0.587777 0.782375 0.618420 0.417994 0.282269 0.873134 0.411729 0.245572 0.577045 0.588172 0.319665 0.805620 0.265412 0.326662 0.148017 0.195105 0.125073 0.840944 0.573811 0.279522 0.775937 0.494420 0.033854 0.199993 0.705153 0.455726 0.976415 0.571124 0.607024 0.304788 0.848843 0.877432 0.410567 0.551383 0.303026 0.710178 0.007576 0.361984 0.719752 0.218075 0.582511 0.482894 0.319049 0.215606 0.947650 0.962211 0.328538 0.531995 0.158795 0.951775 0.253648 0.035851 0.690292 0.309000 0.153104 0.370234 0.044954 0.820275 0.370022 0.702578 0.117213 0.158452 0.929803 0.701066 0.007813 0.632744 0.682362 0.223795 0.963174 0.847822 0.560639 0.501920 0.476944 0.817357 0.059721 0.320470 0.515782 0.080925 0.302018 0.702889 0.362192 0.930490 0.644675 0.097751 0.346039 0.955019 0.385013 0.107501 0.692487 0.746546 0.451815 0.924461 0.882268 0.653602 0.427525 0.907852 0.053697 0.985139 0.121356 0.771739 0.448929 0.890926 0.699076 0.664043 0.303948 0.975902 0.051657 0.605028 0.050536 0.112633 0.300241 0.903092 0.664467 0.654473 0.894096 0.645570 0.728867 0.717046 0.059037 0.696452 0.736136 0.616115 0.985236 0.291289 0.469099 0.807686 0.241853 0.077458 0.446047 0.974473 0.134669 0.895480 0.574687 0.533818 0.700124 0.234792 0.977024 0.054536 0.194526 0.574924 0.700685 0.890013 0.377142 0.172736 0.667828 0.884073 0.365256 0.620299 0.372334 0.455084 0.092631 0.836430 0.338389 0.787642 0.804542 0.624749 0.036001 0.372855 0.504564 0.553724 0.451787 0.096895 0.017878 0.557833 0.878368 0.757679 0.481654 0.953415 0.372073 0.079950 0.546511 0.232246 0.860518 0.066545 0.875531 0.360180 0.295548 0.132694 0.231835 0.694025 0.760405 0.172247 0.028921 0.799776 0.785320 0.312544 0.215965 0.319849 0.118002 0.192770 0.472855 0.493857 0.812346 0.868090 0.574890 0.771158 0.189023 0.963908 0.793791
0.566278 0.121577 0.793399 0.079257 0.700162 0.955149 0.365439 0.319587 0.384825 0.262031 0.697601 0.380697 0.661949 0.166906 0.716293 0.220812 0.056227 0.828134 0.114700 0.597101 0.799220 0.859995 0.924672 0.442066 0.116658 0.947409 0.996014 0.983272 0.287717 0.439431 0.313343 0.986406 0.774735 0.117050 0.590096 0.050751 0.788752 0.051724 0.126894 0.998116 0.122828 0.310239 0.016457 0.972658 0.757757 0.839866 0.975341 0.875204 0.802566 0.667011 0.481115 0.434475 0.225193 0.864174 0.989376 0.920413 0.194816 0.768862 0.868873 0.155762 0.689783 0.098964 0.900328 0.231239 0.302256 0.185332 0.578314 0.524586 0.328136 0.010780 0.416892 0.713109 0.095412 0.791403 0.171522 0.248331 0.400412 0.674337 0.474791 0.015396 0.282970 0.518899 0.335007 0.516962 0.519595 0.701498 0.406397 0.127356 0.095293 0.608114 0.615374 0.509643 0.845956 0.365918 0.352339 0.659221 0.541353 0.327301 0.709137 0.475236 0.924788 0.190516 0.459143 0.191823 0.435398 0.025744 0.580909 0.783349 0.202735 0.518111 0.093592 0.796643 0.826280 0.380579 0.087451 0.975541 0.719147 0.844158 0.029680 0.171937 0.918906 0.974253 0.102463 0.908791 0.668055 0.272242 0.777793 0.075429 0.710691 0.884244 0.709659 0.746165 0.962467 0.335840 0.138263 0.544439 0.342978 0.269686 0.905042 0.106087 0.011133 0.809765 0.754019 0.706588 0.681679 0.586694 0.552652 0.788248 0.072930 0.671435 0.662787 0.465648 0.493735 0.764448 0.599197 0.937006 0.529291 0.548451 0.479604 0.572141 0.373601 0.409502 0.549073 0.866321 0.633719 0.763017 0.312631 0.687017 0.121684 0.393926 0.090352 0.348997 0.423092 0.415206 0.540641 0.279182 0.209205 0.386330 0.390927 0.728076 0.069231 0.981366 0.987927 0.917081 0.762056 0.253707 0.782545 0.104193 0.591065 0.920134 0.020217 0.718750 0.414220 0.140792 0.962916 0.838804 0.163411 0.023243 0.980582 0.266930
0.056235 0.540264 0.629358 0.903843 0.996129 0.598536 0.397766 0.859415 0.193764 0.059150 0.718471 0.534540 0.469362 0.831450 0.872190 0.308460 0.970323 0.981858 0.004610 0.477907 0.152088 0.527763 0.168277 0.898461 0.790611 0.656216 0.921571 0.281492 0.884721 0.805677 0.093415 0.188406 0.980359 0.955577 0.510140 0.910185 0.679604 0.340536 0.895872 0.474411 0.148149 0.489963 0.085512 0.841059 0.091781 0.288691 0.217081 0.359719 0.515652 0.577839 0.497834 0.040606 0.840443 0.865938 0.358321 0.058576 0.078967 0.961925 0.942741 0.268300 0.957407 0.409890 0.571791 0.100909 0.833533 0.581876 0.038087 0.653501 0.782562 0.683168 0.911580 0.226380 0.202810 0.329104 0.172984 0.033756 0.895622 0.041228 0.816111 0.832736 0.198366 0.668803 0.599894 0.708516 0.619721 0.851920 0.743875 0.166752 0.684439 0.158988 0.539473 0.454230 0.303007 0.889856 0.545691 0.253390 0.072546 0.939272 0.915728 0.635434 0.817990 0.923912 0.332018 0.754874 0.258054 0.315363 0.436691 0.463830 0.931918 0.848361 0.518706 0.530664 0.357064 0.345936 0.252300 0.757798 0.364273 0.182809 0.570724 0.051621 0.988413 0.639893 0.922291 0.835112 0.313695 0.056744 0.965572 0.163960 0.369240 0.605992 0.217073 0.177709 0.408345 0.891929 0.778222 0.175517 0.606443 0.168432 0.252928 0.150853 0.634688 0.892942 0.726201 0.514492 0.831935 0.486259 0.544977 0.238474 0.598903 0.392261 0.006877 0.986587 0.249560 0.083674 0.334348 0.272155 0.756115 0.319633 0.953514 0.867029 0.930097 0.402908 0.891487 0.450854 0.432308 0.891679 0.835214 0.862270 0.147751 0.037304 0.284212 0.943029 0.619808 0.642561 0.799822 0.894241 0.043698 0.983946 0.910246 0.533652 0.939506 0.918679 0.974359 0.922421 0.393086 0.306491 0.054847 0.150149 0.700040 0.723378 0.324029 0.806557 0.003729 0.391322 0.056988 0.279812 0.254780 0.143621 0.368407 0.482042
0.928550 0.515646 0.235971 0.515070 0.447340 0.649235 0.238734 0.434858 0.686070 0.768917 0.860976 0.122209 0.597835 0.149050 0.780116 0.849393 0.651336 0.205600 0.335874 0.266926 0.461819 0.520496 0.862039 0.739664 0.517358 0.644994 0.274199 0.797248 0.680326 0.772303 0.888602 0.427033 0.821925 0.907857 0.666557 0.000354 0.500836 0.591006 0.105117 0.153493 0.462421 0.332403 0.992031 0.342771 0.244991 0.126753 0.837614 0.356076 0.162389 0.241337 0.289085 0.835345 0.928370 0.508644 0.959852 0.224399 0.027540 0.788073 0.018922 0.490257 0.158130 0.489860 0.255443 0.225735 0.382530 0.738072 0.259799 0.742742 0.756891 0.405748 0.864127 0.574065 0.170854 0.917279 0.677187 0.237554 0.108021 0.922342 0.045683 0.622501 0.048880 0.792879 0.334963 0.488140 0.874452 0.616584 0.734567 0.130479 0.006765 0.594731 0.156893 0.181193 0.378515 0.582513 0.093395 0.787513 0.073797 0.370985 0.539872 0.459580 0.957711 0.330992 0.680208 0.402814 0.056667 0.317355 0.641489 0.902587 0.989741 0.954017 0.730011 0.067291 0.019393 0.195001 0.324624 0.532297 0.894978 0.855560 0.706872 0.773845 0.053519 0.317646 0.053336 0.011117 0.096583 0.849035 0.189424 0.179860 0.513653 0.684472 0.584299 0.497014 0.299060 0.064726 0.358420 0.122690 0.620901 0.263046 0.962926 0.361650 0.829707 0.818012 0.013431 0.125566 0.374428 0.788636 0.552260 0.410837 0.616603 0.696471 0.283921 0.151562 0.877054 0.220261 0.371166 0.740614 0.790649 0.438958 0.013069 0.599921 0.875682 0.872598 0.497432 0.615117 0.130791 0.620437 0.024529 0.347494 0.059484 0.518222 0.744640 0.662655 0.097166 0.285953 0.971761 0.258325 0.780486 0.973952 0.285951 0.920151 0.753525 0.195153 0.153846 0.163657 0.877941 0.770366 0.859663 0.883939 0.108016 0.123559 0.804301 0.111228 0.070456 0.751730 0.145186 0.209148 0.972891 0.547599 0.945590 0.204076
0.673957 0.915892 0.702997 0.822831 0.204474 0.355918 0.254510 0.073304 0.918654 0.612834 0.198276 0.919278 0.533941 0.760270 0.465373 0.679479 0.586296 0.655215 0.671637 0.927413 0.674468 0.722795 0.499965 0.611873 0.157638 0.224795 0.457830 0.011497 0.775751 0.420041 0.627332 0.424029 0.722280 0.753749 0.271243 0.657528 0.161477 0.906529 0.315121 0.082995 0.709560 0.179235 0.294389 0.082771 0.044720 0.315534 0.612756 0.697726 0.953665 0.804678 0.931708 0.615786 0.699237 0.766548 0.782371 0.463369 0.858402 0.709828 0.856406 0.559404 0.546099 0.725500 0.295773 0.956344 0.001709 0.350113 0.578025 0.497488 0.079367 0.652660 0.713455 0.101858 0.217409 0.343608 0.303977 0.403611 0.993797 0.928973 0.003976 0.082055 0.110592 0.428802 0.459755 0.138965 0.794199 0.308879 0.788958 0.418828 0.512703 0.379569 0.113001 0.432087 0.410441 0.449000 0.123812 0.739692 0.291119 0.472183 0.580265 0.256233 0.018435 0.032397 0.138222 0.084791 0.820933 0.610135 0.971613 0.272319 0.107041 0.793670 0.944719 0.641831 0.441464 0.394507 0.780873 0.683290 0.940425 0.659877 0.823733 0.749342 0.271916 0.953998 0.372590 0.022385 0.020333 0.418532 0.173348 0.473754 0.401710 0.809294 0.132712 0.309449 0.681758 0.011058 0.955609 0.297341 0.483852 0.920637 0.420408 0.574262 0.832749 0.893406 0.547206 0.399581 0.590448 0.722409 0.722021 0.859087 0.725636 0.714692 0.929244 0.092584 0.366784 0.046723 0.762289 0.220661 0.504111 0.960047 0.786871 0.289786 0.453401 0.063081 0.792706 0.318044 0.933813 0.067882 0.432852 0.827465 0.878551 0.364305 0.474380 0.967015 0.364703 0.146561 0.744032 0.618179 0.637331 0.843861 0.430884 0.751083 0.859443 0.702877 0.006864 0.913184 0.958156 0.259560 0.909545 0.495775 0.863008 0.288976 0.994309 0.050319 0.639002 0.681495 0.262699 0.586225 0.349143 0.997131 0.041522 0.712335
0.949535 0.394593 0.299020 0.471016 0.016402 0.215167 0.151392 0.988671 0.782858 0.095655 0.896478 0.971577 0.824434 0.583550 0.594391 0.031584 0.819467 0.387855 0.177651 0.724195 0.883745 0.645016 0.302503 0.554429 0.734002 0.842996 0.197331 0.723591 0.989112 0.773044 0.055539 0.465983 0.483219 0.141070 0.591386 0.645526 0.573586 0.158558 0.128135 0.143958 0.245730 0.904852 0.831468 0.758955 0.551343 0.501822 0.028445 0.565731 0.662437 0.100669 0.366390 0.104145 0.391851 0.631270 0.180934 0.107674 0.664314 0.870272 0.746520 0.962497 0.870300 0.081194 0.731007 0.988888 0.380732 0.604800 0.424912 0.125209 0.297588 0.686525 0.945109 0.143760 0.625530 0.811082 0.854079 0.169889 0.253037 0.881760 0.119730 0.039880 0.874465 0.173207 0.790678 0.062456 0.841059 0.428131 0.794908 0.519908 0.790306 0.448460 0.513360 0.222937 0.235642 0.802050 0.736904 0.979753 0.438344 0.957899 0.919769 0.582419 0.332902 0.657195 0.398317 0.568428 0.969754 0.465010 0.231122 0.338638 0.022838 0.945059 0.911413 0.022437 0.107151 0.679001 0.987984 0.333624 0.839217 0.150838 0.694515 0.691052 0.437304 0.077579 0.234096 0.804749 0.711539 0.550054 0.639427 0.209443 0.886160 0.372787 0.475947 0.837699 0.003012 0.348051 0.599746 0.681652 0.539771 0.795028 0.223612 0.967027 0.440126 0.340425 0.185657 0.082148 0.318990 0.520419 0.267626 0.999194 0.176852 0.778837 0.553977 0.920604 0.882260 0.382520 0.055133 0.639661 0.558364 0.256189 0.308188 0.421488 0.493103 0.563486 0.051861 0.985003 0.404786 0.494674 0.268568 0.748980 0.634917 0.564168 0.040585 0.968409 0.434063 0.230261 0.854287 0.548814 0.357469 0.191345 0.866868 0.514139 0.450899 0.919480 0.131385 0.923043 0.735554 0.656818 0.821809 0.042460 0.824520 0.462292 0.438997 0.085498 0.638713 0.464630 0.470984 0.489059 0.018164 0.143234 0.384255 0.284517
0.446270 0.721386 0.975649 0.007255 0.991485 0.122925 0.315324 0.168927 0.066981 0.133516 0.789871 0.753780 0.923149 0.469707 0.512078 0.014476 0.538743 0.148199 0.479188 0.411218 0.973644 0.696021 0.134330 0.844148 0.285210 0.082158 0.479535 0.955739 0.456455 0.366663 0.194712 0.427675 0.202974 0.937488 0.881868 0.517432 0.944729 0.459416 0.122384 0.501720 0.804731 0.525220 0.707231 0.281843 0.027950 0.482310 0.076817 0.876356 0.634454 0.061794 0.921044 0.323472 0.901007 0.754302 0.281442 0.494068 0.593067 0.550918 0.594606 0.978443 0.056769 0.474385 0.438450 0.848020 0.777060 0.940761 0.729025 0.608722 0.719924 0.276848 0.525109 0.572385 0.484674 0.898062 0.615390 0.128764 0.602774 0.446935 0.252616 0.496730 0.466160 0.353382 0.950130 0.857979 0.917763 0.194556 0.047552 0.680113 0.533382 0.169113 0.508326 0.237840 0.645905 0.322552 0.642813 0.999910 0.010793 0.224382 0.608456 0.512905 0.996012 0.806736 0.246546 0.591918 0.121211 0.164751 0.953080 0.740077 0.076867 0.554546 0.505636 0.131571 0.062720 0.159857 0.474528 0.087719 0.650520 0.446310 0.337443 0.097925 0.055518 0.656976 0.323562 0.155986 0.606154 0.302764 0.685426 0.838762 0.431603 0.152449 0.805784 0.775607 0.771428 0.917385 0.731595 0.277250 0.247271 0.681442 0.560722 0.241183 0.390209 0.180052 0.300118 0.505199 0.833347 0.637926 0.312570 0.464556 0.898718 0.314131 0.114558 0.972433 0.666091 0.237830 0.920871 0.295090 0.556296 0.436957 0.309730 0.034594 0.080200 0.052036 0.072601 0.682179 0.834364 0.532041 0.955517 0.375072 0.986679 0.980178 0.547119 0.159457 0.070903 0.116951 0.993643 0.778021 0.402781 0.252487 0.103888 0.470368 0.657460 0.548224 0.802655 0.351279 0.304741 0.653929 0.548955 0.385125 0.022990 0.079909 0.889110 0.563655 0.739785 0.589688 0.097237 0.197402 0.051060 0.222028 0.335666 0.433084
0.271456 0.794320 0.252393 0.353051 0.370367 0.333140 0.327156 0.740239 0.157421 0.660076 0.016675 0.956991 0.439377 0.377640 0.824239 0.655253 0.789626 0.274179 0.657913 0.536666 0.399692 0.721266 0.046607 0.752252 0.716609 0.394183 0.296186 0.709558 0.323070 0.007232 0.360087 0.788801 0.378981 0.824275 0.732457 0.580320 0.284009 0.967622 0.189463 0.026535 0.855100 0.529344 0.937735 0.198838 0.463987 0.339996 0.309719 0.014698 0.052773 0.895959 0.990656 0.490959 0.800863 0.493563 0.731592 0.860762 0.216847 0.379154 0.052971 0.006572 0.607665 0.217332 0.499749 0.921216 0.523494 0.274934 0.395494 0.456899 0.812190 0.547813 0.611247 0.409755 0.853833 0.712330 0.658299 0.785771 0.245038 0.818277 0.743803 0.463048 0.880496 0.285863 0.283629 0.445615 0.822432 0.645263 0.172575 0.392835 0.701178 0.956965 0.506134 0.571487 0.949291 0.053588 0.121575 0.457257 0.890405 0.774010 0.036662 0.558623 0.344921 0.195681 0.530158 0.675037 0.155616 0.610421 0.223055 0.109451 0.548297 0.574984 0.752980 0.468454 0.853539 0.150311 0.111894 0.394671 0.109835 0.109856 0.900908 0.342719 0.412994 0.980956 0.286980 0.122404 0.228891 0.134972 0.105270 0.442508 0.031399 0.028166 0.191070 0.644852 0.640041 0.410541 0.665259 0.890439 0.205549 0.894418 0.872180 0.090683 0.137727 0.228293 0.562643 0.118476 0.555194 0.037040 0.133970 0.090889 0.579715 0.094700 0.605162 0.086457 0.019783 0.200148 0.853742 0.310065 0.301740 0.831154 0.661129 0.210110 0.173408 0.331139 0.050303 0.789296 0.683108 0.623185 0.607436 0.594984 0.117283 0.353604 0.923355 0.524486 0.565784 0.687833 0.696976 0.612846 0.682378 0.430091 0.524263 0.577478 0.117123 0.068577 0.788299 0.040780 0.493144 0.853180 0.614034 0.247188 0.410437 0.172180 0.697589 0.998524 0.480407 0.663513 0.441284 0.935463 0.906605 0.924237 0.158987 0.118860
0.762914 0.769864 0.750061 0.066397 0.551833 0.368500 0.144738 0.918941 0.644208 0.102709 0.734791 0.106105 0.471166 0.355781 0.706990 0.056711 0.197417 0.354039 0.947969 0.143362 0.023178 0.423832 0.656214 0.544455 0.828124 0.791838 0.021415 0.953447 0.185706 0.074419 0.067516 0.981703 0.679182 0.886115 0.051639 0.297448 0.607839 0.517743 0.961902 0.570273 0.793144 0.924045 0.541345 0.130570 0.865605 0.101691 0.038324 0.921786 0.671591 0.161106 0.510900 0.797736 0.832032 0.294811 0.384558 0.284961 0.509873 0.997682 0.658174 0.923141 0.106984 0.032554 0.423998 0.897918 0.054667 0.507898 0.419272 0.454050 0.969502 0.997324 0.029021 0.524737 0.938095 0.249597 0.326224 0.088406 0.948325 0.086874 0.828959 0.771239 0.376610 0.001660 0.427861 0.533525 0.344909 0.045778 0.728656 0.741956 0.946804 0.478954 0.341119 0.455093 0.968799 0.325781 0.224958 0.676252 0.109196 0.822282 0.200722 0.295288 0.347470 0.880699 0.027676 0.451316 0.820005 0.773358 0.380521 0.306960 0.845971 0.194529 0.648401 0.164318 0.438951 0.657786 0.875618 0.628257 0.010168 0.631449 0.229654 0.818207 0.537288 0.462292 0.706699 0.814286 0.106073 0.602521 0.108926 0.496431 0.441499 0.380890 0.352074 0.828101 0.946790 0.778188 0.885656 0.115625 0.590872 0.831830 0.898498 0.404710 0.805526 0.117495 0.728606 0.856193 0.519060 0.203986 0.070266 0.282859 0.178963 0.515510 0.083955 0.261055 0.142719 0.041043 0.202289 0.464658 0.086339 0.775104 0.419701 0.151243 0.819941 0.424667 0.032710 0.881858 0.015621 0.654826 0.290195 0.182099 0.161045 0.707266 0.259711 0.053673 0.810431 0.400399 0.141112 0.673081 0.493769 0.087869 0.736379 0.734097 0.526350 0.463308 0.086572 0.294555 0.594567 0.095063 0.881312 0.654840 0.217670 0.535865 0.795880 0.303656 0.346282 0.524854 0.143552 0.864998 0.395097 0.048988 0.489690 0.013589
0.805507 0.611279 0.103522 0.280586 0.102282 0.616170 0.101851 0.568229 0.624754 0.299474 0.479916 0.076717 0.549200 0.395980 0.025814 0.449152 0.575950 0.950220 0.293190 0.361208 0.559789 0.255087 0.850039 0.370157 0.247120 0.784190 0.401309 0.569334 0.739373 0.286508 0.655356 0.455066 0.468664 0.700219 0.741994 0.576653 0.973118 0.287404 0.480088 0.667853 0.271789 0.538522 0.625662 0.987036 0.539905 0.816213 0.974762 0.222643 0.890114 0.069469 0.355878 0.020192 0.283100 0.822756 0.897075 0.196499 0.171882 0.013103 0.417332 0.201548 0.195946 0.521556 0.554223 0.987731 0.486623 0.954647 0.705843 0.943715 0.171686 0.666796 0.318279 0.348241 0.286297 0.989559 0.713024 0.433584 0.912924 0.626151 0.935684 0.562379 0.865039 0.961680 0.515542 0.546635 0.911115 0.608040 0.813675 0.213662 0.063233 0.783597 0.283333 0.346219 0.354901 0.420220 0.687783 0.542997 0.949642 0.045170 0.055652 0.960530 0.982868 0.308966 0.796529 0.816356 0.648719 0.129516 0.135401 0.452602 0.318257 0.960804 0.024720 0.492281 0.127288 0.016929 0.912228 0.841149 0.522691 0.024018 0.016487 0.824672 0.873689 0.404037 0.243424 0.583767 0.554074 0.029631 0.163331 0.433566 0.637763 0.643793 0.103181 0.646003 0.876426 0.463388 0.606943 0.263878 0.052406 0.591972 0.632895 0.820943 0.834017 0.951303 0.958321 0.805782 0.381797 0.885113 0.775417 0.056223 0.980993 0.155615 0.142577 0.085688 0.549854 0.196075 0.935825 0.632548 0.526126 0.814054 0.963623 0.736550 0.219220 0.899298 0.823488 0.165568 0.430005 0.124850 0.400206 0.739669 0.017573 0.385206 0.618986 0.238392 0.445597 0.453393 0.797784 0.361521 0.356354 0.047124 0.301987 0.844083 0.390374 0.244503 0.313875 0.982468 0.243650 0.063041 0.419290 0.292899 0.935465 0.321186 0.229563 0.714003 0.026804 0.162260 0.797073 0.457688 0.867652 0.354911 0.175169 0.348316
0.927133 0.785729 0.772549 0.336546 0.079915 0.544459 0.543614 0.830883 0.322979 0.687740 0.989204 0.023186 0.967805 0.688047 0.221151 0.903048 0.506342 0.379486 0.684653 0.289580 0.451309 0.290593 0.435197 0.149476 0.669459 0.749017 0.581352 0.619578 0.181981 0.060740 0.273603 0.948764 0.011093 0.570903 0.637823 0.706078 0.390737 0.067485 0.379783 0.098955 0.242223 0.966517 0.523762 0.162518 0.624680 0.552832 0.550216 0.141813 0.943815 0.574254 0.706553 0.296627 0.668668 0.386555 0.071262 0.472524 0.988672 0.696612 0.819209 0.430682 0.990766 0.323560 0.692215 0.705656 0.886756 0.099408 0.492687 0.134409 0.786566 0.467020 0.573096 0.582166 0.142262 0.928573 0.091746 0.085852 0.931322 0.952989 0.583097 0.363425 0.123692 0.331226 0.140294 0.468205 0.637867 0.172984 0.430558 0.771653 0.473504 0.644562 0.255799 0.060968 0.182432 0.118368 0.636772 0.750728 0.192870 0.414909 0.826472 0.509370 0.384385 0.103671 0.867199 0.292600 0.694087 0.132105 0.038229 0.769743 0.557500 0.790882 0.349709 0.732090 0.735133 0.419220 0.936211 0.418903 0.319005 0.368167 0.985635 0.741765 0.382471 0.137055 0.885629 0.161780 0.190265 0.668245 0.169670 0.209466 0.682975 0.532990 0.396926 0.333470 0.909562 0.478770 0.642237 0.014129 0.092452 0.205819 0.910065 0.015944 0.136167 0.903453 0.698156 0.693640 0.807771 0.998709 0.872766 0.589938 0.042535 0.185504 0.678094 0.984753 0.556823 0.240325 0.864804 0.470272 0.055798 0.628101 0.378756 0.014667 0.702938 0.603118 0.969171 0.846486 0.103264 0.233869 0.680500 0.251180 0.326819 0.736609 0.680352 0.919481 0.490776 0.029487 0.912228 0.701586 0.134402 0.431779 0.560506 0.703084 0.201068 0.430294 0.291144 0.232751 0.840976 0.901768 0.620226 0.216722 0.473251 0.891434 0.818831 0.899424 0.461942 0.621363 0.059909 0.049026 0.684498 0.328439 0.775656 0.168332
0.800758 0.894097 0.658217 0.367122 0.117452 0.873246 0.582533 0.147783 0.716440 0.663177 0.944445 0.890018 0.460309 0.374181 0.027698 0.013671 0.398510 0.518149 0.806217 0.294722 0.640847 0.124418 0.714429 0.060396 0.145703 0.681108 0.730038 0.961069 0.798852 0.326001 0.462888 0.705593 0.189886 0.612736 0.875410 0.354554 0.806114 0.941165 0.017097 0.779150 0.164015 0.024736 0.215634 0.584356 0.187827 0.811784 0.124167 0.969644 0.859559 0.287710 0.024236 0.740570 0.388228 0.150792 0.590687 0.286193 0.333148 0.775563 0.206657 0.152231 0.129958 0.594466 0.557908 0.159493 0.289172 0.037156 0.950965 0.911631 0.683863 0.210271 0.372137 0.705571 0.793765 0.381471 0.581141 0.384523 0.231301 0.926280 0.676419 0.433265 0.661575 0.509027 0.722740 0.223613 0.241941 0.986793 0.370053 0.838775 0.078563 0.065108 0.813840 0.427465 0.822530 0.428450 0.780478 0.821697 0.652165 0.381745 0.180935 0.875945 0.569365 0.414242 0.744807 0.930109 0.849208 0.009663 0.659803 0.370211 0.979818 0.194180 0.002517 0.614970 0.885361 0.632848 0.543193 0.288186 0.376562 0.261416 0.817261 0.490174 0.373207 0.566808 0.501091 0.981494 0.757253 0.678892 0.794000 0.240688 0.235859 0.738537 0.549478 0.432573 0.679644 0.497817 0.665572 0.396763 0.261108 0.326726 0.658189 0.375538 0.645494 0.475076 0.572988 0.739633 0.498368 0.071150 0.735913 0.432472 0.284263 0.570261 0.617932 0.620584 0.811061 0.816336 0.889407 0.508100 0.130516 0.174670 0.703893 0.907967 0.101063 0.838179 0.491561 0.250080 0.478609 0.236358 0.918642 0.246800 0.121240 0.172010 0.444315 0.089489 0.126878 0.991887 0.784109 0.821471 0.243951 0.019317 0.729569 0.035378 0.054736 0.990660 0.768261 0.376356 0.417494 0.964304 0.325969 0.650667 0.685364 0.164897 0.989434 0.647144 0.377869 0.809461 0.473456 0.330630 0.410391 0.045171 0.192600 0.668266
0.597919 0.220638 0.163409 0.278821 0.597907 0.471104 0.989359 0.870304 0.839787 0.062433 0.799325 0.400766 0.164594 0.994726 0.919490 0.044129 0.695303 0.391673 0.908139 0.695587 0.297265 0.520768 0.861980 0.397650 0.448715 0.610869 0.616497 0.841407 0.751511 0.820150 0.451247 0.971082 0.369365 0.383628 0.549850 0.347924 0.590356 0.082249 0.597126 0.219831 0.454765 0.838859 0.171397 0.486805 0.168794 0.848384 0.981890 0.976749 0.815992 0.196582 0.681630 0.197102 0.042794 0.315672 0.114797 0.413822 0.090556 0.772204 0.478407 0.029939 0.785908 0.149921 0.539489 0.855725 0.823507 0.550793 0.461156 0.659436 0.010132 0.302998 0.202735 0.081205 0.344987 0.844763 0.275965 0.439761 0.784256 0.197783 0.174407 0.429225 0.103115 0.352512 0.147038 0.745711 0.458524 0.039434 0.949926 0.773843 0.726472 0.305180 0.950446 0.075735 0.901892 0.564360 0.677337 0.867643 0.962037 0.152012 0.364502 0.587180 0.507750 0.762692 0.952479 0.811439 0.867166 0.943846 0.372278 0.132743 0.953807 0.023424 0.480675 0.321076 0.991966 0.668443 0.665246 0.133134 0.756720 0.023045 0.104006 0.763706 0.204436 0.307031 0.348619 0.913517 0.843089 0.502624 0.284693 0.193318 0.499277 0.907602 0.058622 0.811260 0.979337 0.098713 0.145740 0.485887 0.347702 0.526637 0.694761 0.379467 0.238167 0.377408 0.197642 0.006885 0.279591 0.688217 0.737676 0.429755 0.210778 0.521364 0.992049 0.082083 0.243959 0.246184 0.708810 0.989142 0.775778 0.395756 0.426750 0.307557 0.991540 0.895621 0.483558 0.014068 0.316341 0.525233 0.471602 0.696342 0.081907 0.625502 0.239099 0.412168 0.047275 0.258001 0.412548 0.102108 0.684026 0.955484 0.630245 0.277589 0.144518 0.812443 0.122921 0.965690 0.017539 0.996750 0.548889 0.159308 0.351661 0.373052 0.812970 0.850614 0.612559 0.002770 0.752623 0.930116 0.517225 0.524885 0.404829 0.695232
0.180197 0.808922 0.394699 0.082385 0.828192 0.445258 0.853979 0.027001 0.067059 0.377723 0.868826 0.370468 0.498562 0.644179 0.362072 0.462442 0.076147 0.892357 0.588184 0.653632 0.924135 0.134691 0.308552 0.909023 0.251514 0.405762 0.898453 0.726534 0.641627 0.447832 0.459475 0.652386 0.662599 0.149095 0.530545 0.600567 0.569192 0.368923 0.471478 0.018855 0.907544 0.270692 0.266443 0.289437 0.880994 0.912323 0.219624 0.080489 0.975393 0.618303 0.796717 0.725414 0.070658 0.909044 0.670105 0.069007 0.752743 0.204853 0.188923 0.889730 0.631278 0.442498 0.032616 0.712766 0.134758 0.041321 0.675278 0.651924 0.481161 0.987358 0.523391 0.100340 0.917514 0.926980 0.586352 0.939345 0.542307 0.827172 0.050594 0.356467 0.281200 0.458006 0.793684 0.724842 0.189018 0.626228 0.825529 0.432223 0.068886 0.719868 0.643496 0.098803 0.600952 0.809817 0.953781 0.495001 0.121188 0.721590 0.680495 0.942263 0.309854 0.606902 0.229080 0.344873 0.749467 0.555925 0.067595 0.036479 0.607604 0.092614 0.004319 0.588842 0.680885 0.114672 0.199667 0.621158 0.897865 0.991995 0.478957 0.698037 0.398635 0.741254 0.682062 0.861066 0.608311 0.664207 0.457485 0.705682 0.005441 0.159246 0.313990 0.384479 0.833376 0.874706 0.502133 0.361076 0.535602 0.149153 0.910540 0.318599 0.356707 0.681919 0.270524 0.109218 0.254743 0.744990 0.227761 0.548193 0.500334 0.354230 0.502425 0.556983 0.526023 0.337949 0.528221 0.918958 0.105980 0.099104 0.897309 0.862212 0.280023 0.973838 0.496749 0.308483 0.835611 0.350539 0.754241 0.345950 0.239210 0.586227 0.987589 0.850706 0.763038 0.239769 0.812694 0.861523 0.429463 0.740029 0.146786 0.173620 0.423782 0.239241 0.472061 0.996060 0.814325 0.035738 0.664447 0.788871 0.973179 0.614199 0.770447 0.358055 0.843409 0.895393 0.078588 0.613622 0.031712 0.594925 0.285913 0.587178
0.036753 0.939641 0.981289 0.867829 0.942039 0.131204 0.510353 0.327399 0.353654 0.743537 0.688156 0.114256 0.312351 0.141418 0.707046 0.784949 0.763035 0.285193 0.084898 0.822654 0.685589 0.362699 0.170945 0.759297 0.163548 0.683257 0.893444 0.680860 0.468478 0.675261 0.822797 0.192306 0.914985 0.471319 0.544184 0.300841 0.027679 0.211359 0.449295 0.991541 0.257061 0.691605 0.061309 0.777993 0.906086 0.982728 0.719867 0.234430 0.448796 0.916617 0.129771 0.637850 0.132050 0.715220 0.267521 0.211857 0.389227 0.190859 0.757345 0.422034 0.014550 0.443690 0.445819 0.942915 0.773065 0.855504 0.295603 0.500866 0.203634 0.405574 0.366252 0.946043 0.559743 0.996482 0.152993 0.200679 0.447004 0.839080 0.380421 0.203455 0.181553 0.636776 0.455334 0.707035 0.471287 0.304754 0.278238 0.734386 0.233708 0.073690 0.108864 0.725347 0.150333 0.249800 0.048450 0.440854 0.850901 0.736897 0.572767 0.330138 0.988712 0.485785 0.167966 0.913738 0.396151 0.832001 0.872832 0.302632 0.298128 0.076607 0.596696 0.908607 0.839749 0.747581 0.896149 0.066590 0.469037 0.142461 0.017418 0.943346 0.788192 0.391521 0.351223 0.756292 0.552419 0.120314 0.100379 0.116012 0.727415 0.001572 0.447214 0.278285 0.154237 0.774120 0.428968 0.908093 0.199719 0.808172 0.549949 0.843466 0.320544 0.483993 0.441519 0.734027 0.243482 0.328217 0.788552 0.023036 0.383867 0.971637 0.411866 0.785280 0.804681 0.509116 0.806824 0.526840 0.158679 0.024778 0.891100 0.825642 0.636084 0.802251 0.092426 0.947554 0.084897 0.629897 0.884128 0.774251 0.654401 0.115759 0.779140 0.122152 0.135810 0.108412 0.950801 0.626729 0.827468 0.152558 0.475902 0.007809 0.049486 0.259835 0.401529 0.629267 0.311823 0.888765 0.625030 0.438394 0.238189 0.210643 0.667122 0.084595 0.536680 0.599492 0.871443 0.477273 0.513911 0.070811 0.289564 0.755983
0.182192 0.489498 0.001405 0.118563 0.784762 0.025713 0.613300 0.305409 0.008263 0.812634 0.683667 0.452387 0.131908 0.501347 0.630763 0.318969 0.750026 0.768667 0.676342 0.522259 0.781126 0.496847 0.798840 0.897121 0.563983 0.640902 0.343910 0.020474 0.930187 0.060682 0.354079 0.843445 0.223857 0.405847 0.139360 0.001067 0.750330 0.017943 0.511726 0.267361 0.738176 0.919061 0.337164 0.276272 0.468848 0.153709 0.580588 0.136319 0.102389 0.347712 0.353378 0.332590 0.152803 0.400010 0.068997 0.356430 0.530199 0.427678 0.521378 0.827199 0.166081 0.067693 0.071381 0.361171 0.804720 0.692714 0.995332 0.283276 0.599891 0.927294 0.085849 0.565917 0.054805 0.712093 0.978866 0.115153 0.364336 0.959452 0.697219 0.660475 0.813758 0.108338 0.504703 0.754625 0.455183 0.587413 0.781292 0.963768 0.851733 0.658245 0.999684 0.326895 0.658345 0.845643 0.960884 0.768196 0.951131 0.844936 0.082835 0.465592 0.407793 0.105690 0.969709 0.716327 0.406548 0.406149 0.750986 0.978118 0.825763 0.165895 0.977871 0.173661 0.595413 0.231302 0.283438 0.870170 0.570131 0.276141 0.805523 0.000141 0.645430 0.634761 0.128830 0.333674 0.925471 0.371774 0.822399 0.480762 0.256116 0.723522 0.952811 0.490946 0.663798 0.993666 0.974056 0.255155 0.446786 0.050733 0.337262 0.710745 0.812968 0.248318 0.006974 0.621774 0.388595 0.973789 0.301194 0.652105 0.400788 0.325185 0.454766 0.002972 0.822422 0.481255 0.453682 0.907239 0.662489 0.932556 0.661470 0.430306 0.909994 0.417698 0.482656 0.849193 0.982761 0.354803 0.547786 0.139269 0.205590 0.744262 0.096521 0.445300 0.182862 0.976203 0.466034 0.602577 0.645929 0.594807 0.547158 0.100975 0.146188 0.891164 0.803462 0.789095 0.092309 0.835489 0.834370 0.767415 0.163816 0.667205 0.797732 0.335922 0.688942 0.390181 0.578689 0.226896 0.632272 0.460048 0.288089 0.080562
0.619995 0.493209 0.763451 0.274522 0.552671 0.908068 0.518253 0.972297 0.918994 0.278323 0.752506 0.360695 0.772524 0.187717 0.160273 0.969683 0.924774 0.009122 0.290563 0.591619 0.825766 0.485090 0.711098 0.316784 0.675282 0.248846 0.348907 0.420973 0.483860 0.682739 0.255461 0.022932 0.801560 0.176323 0.295076 0.917729 0.643550 0.487802 0.174463 0.837128 0.933094 0.239350 0.882798 0.354566 0.300380 0.475773 0.960104 0.969794 0.217232 0.103466 0.306664 0.958897 0.648952 0.840422 0.207569 0.620972 0.975436 0.895824 0.631383 0.706329 0.578667 0.851777 0.965351 0.622963 0.941338 0.506844 0.628840 0.232970 0.961567 0.697964 0.694119 0.258503 0.185088 0.998860 0.652177 0.013864 0.269725 0.856127 0.474900 0.793027 0.856163 0.568309 0.750922 0.375981 0.098811 0.431731 0.838798 0.357216 0.037810 0.763629 0.448994 0.489058 0.941012 0.639434 0.759199 0.625834 0.941574 0.717585 0.882355 0.728572 0.388728 0.129082 0.962042 0.599188 0.320969 0.014968 0.144018 0.231283 0.823585 0.331863 0.961687 0.755033 0.569235 0.905845 0.623110 0.906148 0.991391 0.616542 0.222747 0.511613 0.744814 0.988069 0.424397 0.641047 0.107627 0.246472 0.454570 0.489665 0.213339 0.646100 0.004558 0.207728 0.024211 0.454128 0.664595 0.660244 0.463475 0.616274 0.307103 0.914819 0.187967 0.733708 0.667478 0.168794 0.497536 0.936726 0.596583 0.506338 0.080586 0.957669 0.217664 0.286777 0.811363 0.854258 0.851273 0.536182 0.762893 0.609180 0.068717 0.547930 0.306966 0.683784 0.309661 0.213528 0.029058 0.796588 0.692702 0.727056 0.614498 0.461318 0.384677 0.091710 0.650753 0.917355 0.514569 0.459359 0.539616 0.634963 0.377784 0.343504 0.188137 0.541171 0.476753 0.326796 0.166103 0.227177 0.756745 0.082066 0.740280 0.415145 0.803458 0.797955 0.977317 0.813348 0.592308 0.673759 0.475009 0.497466 0.969802 0.291032
0.630002 0.390043 0.828631 0.676719 0.110680 0.666234 0.028096 0.599922 0.862557 0.083134 0.247593 0.226800 0.701391 0.317772 0.718728 0.787840 0.159036 0.007370 0.225173 0.021765 0.773996 0.417406 0.367515 0.805308 0.233416 0.671206 0.202551 0.211294 0.243630 0.637966 0.998973 0.619387 0.366319 0.708950 0.239344 0.719477 0.261026 0.824982 0.885466 0.911102 0.041835 0.639026 0.825771 0.307209 0.444629 0.370931 0.887616 0.117403 0.996409 0.959946 0.249975 0.837378 0.034779 0.170220 0.090516 0.016869 0.195062 0.053483 0.697692 0.190115 0.401434 0.618424 0.679877 0.120613 0.747539 0.927442 0.659610 0.203005 0.186028 0.748468 0.793711 0.699288 0.765183 0.140497 0.154843 0.932981 0.472664 0.787776 0.484230 0.274759 0.443662 0.409114 0.143417 0.050762 0.201843 0.775827 0.662519 0.578128 0.102058 0.849569 0.007379 0.106787 0.195108 0.033298 0.904877 0.596631 0.924402 0.300657 0.557845 0.873496 0.172696 0.161521 0.998262 0.815195 0.482394 0.510227 0.649610 0.809458 0.318642 0.825505 0.910691 0.975458 0.291739 0.931759 0.098715 0.015265 0.841546 0.121160 0.983016 0.144148 0.107716 0.757316 0.776236 0.877266 0.658063 0.131722 0.169222 0.570745 0.152425 0.560951 0.267857 0.118650 0.456880 0.565341 0.662825 0.651837 0.242945 0.134975 0.124339 0.927717 0.879699 0.487975 0.165500 0.275781 0.951603 0.532749 0.712820 0.383227 0.326902 0.902114 0.227171 0.227929 0.154874 0.990599 0.291379 0.474078 0.786967 0.357964 0.865916 0.923224 0.096524 0.620647 0.355169 0.237736 0.916368 0.834460 0.513111 0.054999 0.041973 0.575263 0.214008 0.626838 0.472560 0.221794 0.363348 0.752148 0.087043 0.245324 0.181214 0.339333 0.582223 0.611603 0.212335 0.002842 0.733766 0.918004 0.133808 0.716440 0.790884 0.354366 0.470018 0.749460 0.082966 0.563252 0.424408 0.364999 0.958918 0.016729 0.713427 0.707492
0.899796 0.169397 0.653172 0.187976 0.871366 0.439534 0.332513 0.544268 0.441986 0.650963 0.311250 0.448935 0.331111 0.327268 0.665374 0.545441 0.544163 0.076468 0.317887 0.957525 0.234494 0.728455 0.611206 0.037688 0.046426 0.687178 0.867221 0.368480 0.021871 0.944518 0.795386 0.107810 0.019517 0.398104 0.335442 0.804344 0.036924 0.144766 0.055320 0.675208 0.610038 0.749796 0.116247 0.900021 0.242734 0.108541 0.665026 0.732331 0.794550 0.676657 0.503808 0.087476 0.545357 0.065740 0.846227 0.389624 0.528886 0.764591 0.939134 0.092601 0.695182 0.442382 0.128687 0.389242 0.279045 0.097051 0.634278 0.753663 0.384286 0.750681 0.522998 0.898897 0.019133 0.512992 0.174339 0.657454 0.139208 0.572864 0.377896 0.646445 0.452032 0.538033 0.588324 0.987448 0.636282 0.803756 0.482394 0.638859 0.554381 0.067392 0.279710 0.699873 0.449812 0.940665 0.917613 0.957134 0.521377 0.300920 0.106912 0.020221 0.733280 0.371757 0.350686 0.332918 0.044515 0.510777 0.581042 0.168724 0.727393 0.601161 0.774788 0.746430 0.312493 0.020370 0.032041 0.069529 0.599865 0.617842 0.578327 0.911453 0.534247 0.304149 0.249079 0.912399 0.074944 0.841458 0.413263 0.813398 0.017367 0.133138 0.367638 0.199438 0.022998 0.791247 0.604171 0.607523 0.330168 0.947999 0.316020 0.257663 0.474818 0.555331 0.186907 0.582515 0.085964 0.691057 0.604976 0.681325 0.315737 0.776125 0.212415 0.157136 0.416468 0.013503 0.582651 0.482086 0.879796 0.212021 0.071990 0.105764 0.105666 0.847824 0.262321 0.741580 0.663093 0.918832 0.792469 0.947817 0.875001 0.815431 0.096959 0.920174 0.097353 0.803966 0.621696 0.472546 0.511384 0.222607 0.635660 0.470264 0.675527 0.699152 0.359894 0.013566 0.898959 0.639362 0.913049 0.788711 0.821686 0.939390 0.310636 0.225289 0.814569 0.745185 0.004715 0.622605 0.826613 0.707774 0.156465 0.191880
0.997725 0.242765 0.902997 0.644970 0.229760 0.736498 0.403672 0.723980 0.317449 0.852645 0.748614 0.842554 0.808371 0.973424 0.410551 0.164261 0.643325 0.538366 0.039581 0.578251 0.744911 0.656156 0.554979 0.807213 0.349365 0.308498 0.109025 0.308614 0.542064 0.271248 0.242526 0.197086 0.996093 0.477566 0.950409 0.058393 0.462196 0.193492 0.462710 0.989913 0.040004 0.400072 0.431392 0.015563 0.930126 0.909257 0.214525 0.228310 0.486430 0.318496 0.859354 0.705772 0.028892 0.799012 0.148514 0.366883 0.414150 0.085481 0.781015 0.346965 0.508571 0.665968 0.879698 0.303243 0.028102 0.340941 0.185892 0.838796 0.713768 0.713083 0.949175 0.965898 0.634632 0.928548 0.593812 0.489205 0.017806 0.656599 0.399094 0.380209 0.985192 0.784055 0.828254 0.604258 0.532378 0.380324 0.139454 0.053684 0.850207 0.311871 0.112872 0.289766 0.920629 0.467661 0.661133 0.050006 0.490392 0.112020 0.267392 0.597925 0.422982 0.740610 0.023860 0.275425 0.627042 0.545947 0.285008 0.978037 0.420040 0.560062 0.278240 0.278891 0.867843 0.046397 0.958267 0.082173 0.401165 0.926827 0.775670 0.569603 0.420413 0.596469 0.599284 0.417766 0.913943 0.889106 0.379111 0.560887 0.087868 0.303586 0.770155 0.940909 0.931055 0.681952 0.098009 0.271614 0.074315 0.030234 0.982502 0.311102 0.003182 0.912258 0.693886 0.097769 0.119989 0.005209 0.753347 0.884151 0.877852 0.685534 0.305284 0.884592 0.352105 0.247248 0.722950 0.319139 0.756376 0.690407 0.366304 0.173842 0.653175 0.721210 0.590511 0.628338 0.917725 0.906135 0.288073 0.672336 0.104750 0.488107 0.480683 0.930032 0.778191 0.564362 0.107649 0.910309 0.423540 0.978899 0.312306 0.506389 0.788159 0.000211 0.769852 0.904180 0.023887 0.935404 0.536257 0.801953 0.369827 0.051342 0.266083 0.482547 0.542568 0.073987 0.840909 0.786639 0.862860 0.399637 0.277314 0.797096
0.084765 0.139199 0.776864 0.695234 0.194433 0.341409 0.942279 0.774135 0.523051 0.010159 0.870845 0.888653 0.084888 0.319491 0.768846 0.637843 0.419442 0.212202 0.056516 0.585416 0.129992 0.556960 0.417068 0.555104 0.585606 0.852095 0.529395 0.010185 0.066465 0.026011 0.160724 0.529969 0.802339 0.748516 0.465660 0.348211 0.573045 0.729387 0.486377 0.150768 0.991055 0.915646 0.616427 0.853097 0.315864 0.221428 0.540953 0.022785 0.479262 0.059794 0.289528 0.615699 0.784675 0.196991 0.726279 0.914665 0.596188 0.255297 0.948456 0.748803 0.530203 0.194230 0.574020 0.545058 0.090187 0.468026 0.222893 0.597302 0.587054 0.742927 0.959839 0.193630 0.953730 0.295106 0.972594 0.243823 0.553787 0.554640 0.542261 0.539783 0.034839 0.183138 0.924205 0.180915 0.647556 0.590524 0.840364 0.270263 0.549403 0.652376 0.182035 0.195953 0.606181 0.604870 0.493562 0.872245 0.226683 0.597128 0.251397 0.339498 0.494069 0.475524 0.779492 0.138592 0.936611 0.175956 0.254753 0.143037 0.670863 0.272339 0.040899 0.157929 0.843851 0.638173 0.576325 0.555092 0.106336 0.231844 0.092655 0.727336 0.273738 0.439896 0.480090 0.894598 0.310468 0.489248 0.559881 0.585071 0.131350 0.745902 0.722623 0.353406 0.998061 0.326032 0.501064 0.106175 0.881448 0.109013 0.055011 0.643490 0.632298 0.370963 0.861940 0.680814 0.792695 0.147330 0.947765 0.761351 0.715696 0.495874 0.572488 0.434785 0.913665 0.318938 0.726859 0.212903 0.927638 0.657747 0.547169 0.228222 0.219417 0.514783 0.508711 0.441814 0.145066 0.083240 0.371259 0.892596 0.493883 0.018977 0.111734 0.578745 0.053623 0.221593 0.879407 0.635449 0.884699 0.784734 0.435029 0.761121 0.395409 0.755125 0.741167 0.786446 0.414197 0.892966 0.952847 0.318102 0.268480 0.248467 0.060096 0.582614 0.661639 0.183745 0.837214 0.914750 0.651745 0.396833 0.003655 0.353232
0.522475 0.055984 0.809257 0.862047 0.324865 0.125270 0.002446 0.364657 0.749176 0.536431 0.368016 0.516850 0.110134 0.105897 0.677202 0.897389 0.900291 0.512780 0.306158 0.055457 0.821113 0.125808 0.648184 0.541808 0.327504 0.460095 0.787067 0.247216 0.580540 0.578821 0.506755 0.227708 0.884698 0.610427 0.471780 0.455600 0.610871 0.208999 0.104067 0.343601 0.233779 0.014960 0.533358 0.501688 0.402958 0.571469 0.232981 0.153345 0.320128 0.575470 0.558964 0.118125 0.393683 0.282589 0.643513 0.175759 0.989823 0.955985 0.737599 0.629183 0.394440 0.874696 0.495942 0.515610 0.512125 0.459265 0.646071 0.408753 0.706822 0.749903 0.188521 0.838183 0.443379 0.315658 0.171489 0.870479 0.092249 0.717385 0.879366 0.882609 0.670858 0.551264 0.037257 0.845222 0.331149 0.822553 0.832364 0.508707 0.681701 0.439133 0.157441 0.108759 0.344375 0.357587 0.268154 0.931566 0.023015 0.451210 0.770083 0.938300 0.508213 0.928246 0.812383 0.528811 0.926217 0.076274 0.956756 0.190940 0.189404 0.317292 0.247237 0.144545 0.010984 0.738599 0.373117 0.004020 0.834320 0.501375 0.256702 0.260234 0.135336 0.377497 0.491303 0.603021 0.643561 0.371760 0.119992 0.855291 0.498341 0.899991 0.284029 0.725448 0.966724 0.062747 0.094553 0.396090 0.583897 0.416866 0.878385 0.442731 0.378331 0.206286 0.043050 0.851478 0.132040 0.907981 0.327587 0.622603 0.402607 0.611698 0.034142 0.156561 0.282380 0.304056 0.752383 0.328333 0.926070 0.832183 0.682042 0.018318 0.673613 0.559567 0.917017 0.371724 0.679739 0.379307 0.598669 0.636062 0.417641 0.877814 0.493945 0.371284 0.165614 0.400848 0.510226 0.983645 0.889210 0.670779 0.697842 0.139275 0.477265 0.719490 0.282562 0.970121 0.187969 0.333533 0.154917 0.634426 0.355646 0.089145 0.219978 0.440789 0.974431 0.771463 0.644441 0.220805 0.207925 0.333030 0.865381 0.305031
0.855969 0.095860 0.479641 0.350028 0.427610 0.435883 0.723683 0.164902 0.193199 0.324608 0.658035 0.150156 0.902833 0.987659 0.294077 0.338664 0.398821 0.747256 0.530922 0.440257 0.053621 0.391661 0.714895 0.094033 0.846501 0.432861 0.191068 0.883188 0.340774 0.295843 0.061930 0.298105 0.155058 0.614349 0.923149 0.562052 0.670522 0.269530 0.130863 0.381811 0.116478 0.380413 0.970314 0.687625 0.785746 0.185201 0.522486 0.494345 0.574168 0.976539 0.540422 0.637579 0.826232 0.226597 0.410042 0.900480 0.230713 0.495503 0.856026 0.145518 0.899639 0.128931 0.727230 0.080366 0.036136 0.916392 0.997713 0.899715 0.823311 0.947813 0.788772 0.118750 0.938506 0.824047 0.941695 0.259245 0.990273 0.272802 0.940045 0.149709 0.063032 0.928828 0.934381 0.719954 0.553117 0.734431 0.295148 0.866261 0.395363 0.123736 0.895925 0.381543 0.027444 0.563365 0.275442 0.702774 0.286278 0.064197 0.417407 0.880551 0.460854 0.852040 0.248581 0.615711 0.760959 0.021390 0.864967 0.928550 0.221746 0.619600 0.093816 0.514840 0.893324 0.828420 0.901158 0.247049 0.571284 0.019650 0.259309 0.937649 0.984969 0.530962 0.962519 0.411161 0.461847 0.114058 0.213209 0.150519 0.738992 0.980844 0.915219 0.109429 0.630078 0.016814 0.716900 0.645936 0.715187 0.334482 0.305972 0.087852 0.199044 0.482610 0.994412 0.955245 0.110863 0.073549 0.100419 0.051426 0.425869 0.019704 0.787984 0.381462 0.875345 0.534177 0.082852 0.371614 0.138640 0.069490 0.707169 0.126287 0.652239 0.985923 0.875511 0.452441 0.973288 0.040947 0.364312 0.793065 0.120861 0.487332 0.957509 0.392453 0.705920 0.486485 0.112743 0.872717 0.097827 0.575083 0.305616 0.656438 0.609953 0.653316 0.182230 0.003404 0.283817 0.392194 0.330667 0.657454 0.858964 0.890461 0.225090 0.741243 0.522980 0.853980 0.625562 0.220934 0.636057 0.315564 0.413547 0.517239
0.785498 0.291131 0.632355 0.628150 0.481871 0.151587 0.552443 0.022882 0.219965 0.661990 0.755552 0.270376 0.388208 0.240657 0.570634 0.619187 0.034379 0.116601 0.910255 0.122036 0.006014 0.682649 0.206340 0.765055 0.692206 0.481162 0.560261 0.157977 0.087336 0.708593 0.863220 0.675711 0.725555 0.346905 0.151728 0.413151 0.230602 0.749333 0.918456 0.215184 0.295905 0.373754 0.646751 0.446950 0.093646 0.309767 0.279712 0.164811 0.094589 0.979894 0.091869 0.971629 0.053727 0.469334 0.326571 0.247088 0.919961 0.549435 0.857813 0.570076 0.729446 0.785194 0.370474 0.501526 0.583606 0.030372 0.146758 0.974448 0.379378 0.858436 0.468267 0.344188 0.021266 0.648497 0.486956 0.709937 0.080040 0.180356 0.866135 0.970010 0.962767 0.101176 0.862800 0.566277 0.801920 0.368862 0.899467 0.863675 0.340609 0.677179 0.066371 0.182810 0.899196 0.856707 0.402549 0.173887 0.467355 0.631986 0.301738 0.427028 0.780597 0.483989 0.175047 0.224152 0.148111 0.746661 0.997992 0.611957 0.045566 0.975549 0.617845 0.145150 0.569037 0.534523 0.163085 0.988949 0.187752 0.219145 0.350004 0.667046 0.029573 0.891225 0.625066 0.215527 0.861503 0.393076 0.046971 0.461116 0.090168 0.990884 0.968153 0.449480 0.921891 0.848333 0.218224 0.991713 0.853531 0.312848 0.476000 0.614358 0.470497 0.651230 0.666115 0.389591 0.384065 0.992405 0.781086 0.703568 0.288731 0.090569 0.522801 0.474534 0.340308 0.342903 0.208498 0.717398 0.958569 0.087762 0.452133 0.661368 0.351043 0.957551 0.445340 0.700368 0.191460 0.096957 0.781004 0.773783 0.340997 0.445717 0.102313 0.205635 0.426536 0.697441 0.240074 0.260285 0.605790 0.282252 0.175392 0.315653 0.458903 0.873588 0.480425 0.300179 0.499361 0.459542 0.554033 0.633955 0.232954 0.056920 0.143599 0.808074 0.653398 0.383117 0.306271 0.580571 0.321793 0.675697 0.502656 0.850835
0.487905 0.912622 0.743310 0.895628 0.973836 0.725276 0.130281 0.326321 0.923724 0.870016 0.952025 0.300324 0.152671 0.002480 0.793478 0.302581 0.398666 0.954664 0.420318 0.813425 0.298949 0.149655 0.401277 0.689870 0.641316 0.973611 0.227793 0.584652 0.796216 0.532627 0.876128 0.062844 0.463415 0.703589 0.138069 0.113407 0.964465 0.281946 0.151963 0.631339 0.037000 0.563465 0.941213 0.907756 0.578915 0.000195 0.027444 0.390174 0.452753 0.605176 0.187331 0.207989 0.917205 0.229570 0.051925 0.870963 0.590465 0.662121 0.056300 0.424098 0.609204 0.097694 0.546563 0.437543 0.838468 0.339593 0.153635 0.709699 0.141895 0.889309 0.279159 0.785361 0.467627 0.049396 0.037412 0.742401 0.813978 0.284872 0.944119 0.388722 0.911993 0.508919 0.151122 0.239117 0.267943 0.148339 0.995360 0.157695 0.761339 0.071091 0.225663 0.131795 0.510638 0.044198 0.024030 0.993429 0.882306 0.964345 0.564540 0.485985 0.818287 0.880998 0.861791 0.275909 0.775773 0.601985 0.388752 0.675933 0.989844 0.988412 0.320302 0.067996 0.618034 0.191365 0.714038 0.842070 0.421331 0.731064 0.533163 0.289140 0.711859 0.899510 0.689475 0.536056 0.987517 0.794877 0.900914 0.686026 0.366223 0.713454 0.102804 0.283351 0.207334 0.156069 0.099582 0.139070 0.774305 0.503359 0.462072 0.716446 0.327326 0.644258 0.874042 0.799102 0.717734 0.823047 0.276742 0.964412 0.339051 0.644705 0.450196 0.637874 0.252394 0.189279 0.455396 0.722615 0.786859 0.049869 0.222621 0.519498 0.029007 0.071306 0.205633 0.657513 0.977438 0.892250 0.629376 0.776360 0.489600 0.059739 0.968243 0.652072 0.117681 0.119382 0.551213 0.766529 0.146091 0.504716 0.740022 0.715484 0.001084 0.703029 0.045267 0.646948 0.970274 0.245009 0.538089 0.302946 0.806881 0.239122 0.760017 0.905658 0.398422 0.256615 0.777271 0.402617 0.564569 0.657014 0.982616 0.757299
0.053339 0.620611 0.338680 0.217631 0.934550 0.440884 0.403287 0.639658 0.901752 0.992709 0.627691 0.038830 0.327790 0.687254 0.017514 0.648959 0.777348 0.825075 0.595303 0.483434 0.871812 0.383750 0.427594 0.686445 0.291409 0.946699 0.597515 0.994963 0.407592 0.010970 0.748093 0.092505 0.993662 0.476066 0.624265 0.657836 0.213702 0.709229 0.244780 0.835507 0.710823 0.863974 0.354101 0.350417 0.698996 0.220821 0.678913 0.079566 0.001876 0.130026 0.438227 0.743415 0.000536 0.255926 0.503422 0.433254 0.707530 0.859439 0.927418 0.100228 0.847309 0.787525 0.799287 0.433070 0.264885 0.925943 0.711512 0.880608 0.104743 0.914717 0.792265 0.156784 0.019296 0.046296 0.369655 0.206694 0.467357 0.193768 0.569085 0.108702 0.017270 0.674551 0.048935 0.853201 0.577853 0.479470 0.324731 0.897538 0.629000 0.046661 0.456801 0.664962 0.420958 0.647444 0.505426 0.763907 0.937576 0.547786 0.055816 0.240578 0.847288 0.732972 0.508958 0.688546 0.833225 0.027856 0.328438 0.085595 0.263169 0.271608 0.797814 0.495985 0.875735 0.393620 0.691679 0.674085 0.201144 0.252282 0.773093 0.979051 0.822470 0.445248 0.323197 0.247915 0.374239 0.938938 0.139966 0.243373 0.463574 0.945537 0.240782 0.779840 0.962982 0.195338 0.193359 0.303966 0.177333 0.705313 0.868384 0.830570 0.431833 0.284436 0.442500 0.223773 0.313302 0.772232 0.268668 0.719029 0.113103 0.577569 0.049493 0.415499 0.184162 0.787220 0.616572 0.923726 0.634867 0.566817 0.337596 0.085621 0.680770 0.371834 0.890051 0.289935 0.368604 0.615805 0.244729 0.413371 0.150905 0.183625 0.192567 0.874399 0.067368 0.121228 0.097181 0.389137 0.317931 0.494944 0.144631 0.098928 0.141427 0.162072 0.258281 0.621340 0.923307 0.570675 0.205681 0.658729 0.783468 0.947372 0.671789 0.280411 0.893055 0.040481 0.268124 0.644421 0.551117 0.738782 0.523189 0.576500
0.522401 0.046666 0.764361 0.359682 0.721983 0.596393 0.538409 0.295820 0.748524 0.575211 0.533175 0.964192 0.226593 0.021488 0.402035 0.908218 0.019219 0.000636 0.882479 0.591987 0.533353 0.939574 0.134675 0.297183 0.486582 0.657992 0.227378 0.866080 0.316550 0.302377 0.690341 0.018356 0.420857 0.615949 0.803524 0.030802 0.363186 0.435736 0.256554 0.183052 0.911726 0.283651 0.206558 0.255076 0.639337 0.070013 0.405632 0.850876 0.162929 0.663355 0.612362 0.757832 0.869025 0.369485 0.346214 0.230051 0.444878 0.522694 0.130283 0.840490 0.202411 0.215008 0.336996 0.997174 0.892576 0.359855 0.419546 0.222187 0.545637 0.702940 0.634088 0.347689 0.457656 0.967770 0.875594 0.421130 0.984513 0.561889 0.051301 0.751739 0.164831 0.599607 0.737045 0.801355 0.280552 0.274733 0.692151 0.735426 0.637923 0.367718 0.043993 0.697753 0.710348 0.586292 0.057984 0.128507 0.932973 0.593158 0.184983 0.716761 0.090106 0.252849 0.804729 0.191330 0.966684 0.650903 0.159586 0.740575 0.857609 0.771092 0.795580 0.170800 0.993874 0.781732 0.530708 0.440677 0.295410 0.510876 0.093674 0.182985 0.826734 0.894232 0.427260 0.161129 0.585877 0.617614 0.409827 0.691150 0.790505 0.797977 0.934544 0.019545 0.784841 0.413779 0.312251 0.328561 0.240527 0.757182 0.481486 0.444400 0.119377 0.560212 0.933833 0.900842 0.605868 0.037793 0.088082 0.913879 0.635403 0.845889 0.990957 0.639078 0.533146 0.842939 0.619448 0.931377 0.921851 0.793327 0.652336 0.554446 0.320393 0.669858 0.457250 0.526921 0.572609 0.938710 0.129229 0.164523 0.293660 0.890229 0.150507 0.563257 0.278240 0.935052 0.166141 0.696991 0.093555 0.174732 0.980206 0.183941 0.189910 0.777674 0.856942 0.764259 0.966327 0.407232 0.096800 0.943108 0.866193 0.557332 0.958099 0.429580 0.735602 0.313371 0.981135 0.515024 0.661381 0.152785 0.211428 0.285378
0.836415 0.590408 0.387193 0.927000 0.187415 0.979221 0.720509 0.219685 0.892370 0.406153 0.878299 0.264432 0.296937 0.955508 0.548536 0.701044 0.045032 0.154817 0.495406 0.846196 0.977144 0.894156 0.672116 0.909206 0.274992 0.334253 0.520056 0.233240 0.613450 0.999614 0.550755 0.819281 0.059664 0.509607 0.748892 0.932777 0.785997 0.710543 0.468072 0.885402 0.529662 0.503245 0.215662 0.069399 0.210775 0.118821 0.927474 0.538518 0.531972 0.038452 0.441933 0.114700 0.855347 0.992347 0.312632 0.424410 0.214395 0.370886 0.749626 0.125772 0.866923 0.801420 0.854099 0.560455 0.946630 0.968726 0.662293 0.737997 0.388728 0.471643 0.585312 0.761183 0.818971 0.997420 0.371220 0.686682 0.834895 0.942760 0.048668 0.597142 0.152180 0.275808 0.201340 0.853777 0.956090 0.192658 0.789187 0.499085 0.858735 0.280571 0.087586 0.094051 0.896896 0.943190 0.790099 0.491652 0.936076 0.212346 0.049575 0.652412 0.284854 0.976155 0.095069 0.609250 0.277007 0.776059 0.503556 0.682597 0.917591 0.229446 0.571456 0.760544 0.629793 0.275470 0.756048 0.841346 0.771469 0.988033 0.070505 0.243431 0.969637 0.604875 0.602117 0.116637 0.358884 0.434046 0.082332 0.451114 0.871666 0.382554 0.898961 0.252516 0.913752 0.200395 0.393310 0.189738 0.972207 0.562388 0.032016 0.132900 0.320695 0.501357 0.023222 0.633580 0.535317 0.102965 0.137908 0.478132 0.936771 0.604351 0.382092 0.122586 0.054256 0.301344 0.943021 0.698153 0.620092 0.234259 0.465197 0.354588 0.786629 0.076374 0.033185 0.552569 0.705298 0.155726 0.894724 0.335579 0.727730 0.562096 0.962043 0.217442 0.381536 0.287641 0.374537 0.102918 0.122343 0.963970 0.983708 0.306404 0.625127 0.979102 0.519528 0.414327 0.326253 0.388337 0.159183 0.869783 0.170944 0.265541 0.101505 0.128568 0.740658 0.615199 0.358932 0.300831 0.382920 0.082561 0.859595 0.732746
0.641293 0.507561 0.860986 0.288188 0.752874 0.946178 0.991830 0.537524 0.721070 0.312113 0.342921 0.985273 0.290972 0.075530 0.517995 0.817832 0.352597 0.272477 0.240361 0.853279 0.122514 0.044913 0.812799 0.680621 0.260032 0.937991 0.642091 0.774936 0.261220 0.482330 0.142276 0.147894 0.567100 0.474333 0.038887 0.777298 0.491655 0.706402 0.306492 0.270460 0.695189 0.827636 0.604854 0.949545 0.813869 0.012476 0.440014 0.603041 0.107512 0.613386 0.811486 0.303237 0.906080 0.051348 0.645200 0.878574 0.939005 0.471184 0.233715 0.290951 0.159026 0.636674 0.861534 0.501460 0.504470 0.270344 0.569073 0.131509 0.971097 0.153998 0.064112 0.811570 0.982405 0.328270 0.583456 0.642888 0.517308 0.084482 0.932150 0.102168 0.785819 0.069613 0.500735 0.033540 0.147632 0.728116 0.335559 0.626441 0.990628 0.148015 0.745836 0.722859 0.837579 0.039590 0.393256 0.445820 0.827701 0.676783 0.292357 0.237997 0.640054 0.989908 0.719884 0.581853 0.882495 0.626648 0.906635 0.492713 0.872953 0.806897 0.096736 0.221428 0.526151 0.025920 0.503610 0.129823 0.010450 0.257072 0.178199 0.010803 0.813901 0.816869 0.807765 0.765115 0.184472 0.917416 0.297996 0.999222 0.026318 0.150633 0.473027 0.269729 0.907220 0.173619 0.981939 0.016694 0.573148 0.607175 0.062308 0.913056 0.407677 0.133501 0.697234 0.905202 0.025542 0.975092 0.702129 0.821505 0.122680 0.451798 0.945224 0.442184 0.440284 0.605776 0.637088 0.528032 0.799390 0.820731 0.176091 0.429989 0.296983 0.665989 0.994844 0.278394 0.569024 0.837673 0.925423 0.227125 0.828415 0.081011 0.345125 0.238341 0.880577 0.145142 0.676239 0.311059 0.750051 0.013981 0.112286 0.872806 0.656203 0.500052 0.108445 0.026165 0.256961 0.038978 0.584278 0.742885 0.055427 0.081514 0.761647 0.081522 0.547253 0.572596 0.317895 0.731489 0.133717 0.229464 0.804281 0.081714
0.311915 0.389868 0.824783 0.970318 0.712800 0.005554 0.487295 0.744257 0.271843 0.857286 0.962790 0.454132 0.754807 0.027369 0.020960 0.963116 0.159909 0.111751 0.476158 0.714377 0.933170 0.905632 0.187962 0.200832 0.118416 0.785355 0.933377 0.201509 0.354945 0.700170 0.229581 0.041339 0.961235 0.848345 0.187100 0.409215 0.132231 0.056329 0.963770 0.514203 0.296002 0.908143 0.302858 0.013480 0.869218 0.363194 0.964365 0.825128 0.169542 0.035128 0.438221 0.858479 0.555986 0.582948 0.504116 0.626117 0.941921 0.900108 0.480137 0.523130 0.210051 0.117044 0.702246 0.684613 0.943327 0.152781 0.025305 0.500981 0.146421 0.606520 0.978139 0.351507 0.354266 0.537012 0.950634 0.707769 0.925961 0.063171 0.693565 0.967790 0.479146 0.507614 0.619445 0.370733 0.374577 0.992955 0.425316 0.221826 0.734029 0.403012 0.183404 0.633331 0.317897 0.709765 0.710959 0.662635 0.354119 0.854201 0.943406 0.420914 0.287915 0.995630 0.121751 0.456443 0.452338 0.391662 0.082012 0.673049 0.393525 0.782094 0.718651 0.405579 0.790667 0.680100 0.355276 0.964349 0.527556 0.620259 0.539976 0.000365 0.100301 0.267035 0.779169 0.826381 0.895967 0.144189 0.741080 0.474427 0.336041 0.518096 0.120113 0.368923 0.021538 0.627670 0.663462 0.674320 0.458611 0.089758 0.911973 0.813369 0.112588 0.926596 0.299592 0.209075 0.087261 0.732047 0.328112 0.744867 0.310605 0.083658 0.408504 0.186880 0.661903 0.720498 0.291139 0.395455 0.703096 0.925672 0.096937 0.838785 0.544808 0.897598 0.621333 0.496721 0.997800 0.758586 0.054292 0.840414 0.237257 0.059718 0.429177 0.465753 0.253656 0.460182 0.490390 0.306197 0.666425 0.169972 0.230443 0.283087 0.918243 0.101971 0.660435 0.355594 0.272673 0.804434 0.937338 0.613781 0.595269 0.514165 0.006727 0.626180 0.487791 0.589042 0.976687 0.714225 0.640701 0.991280 0.834029 0.595679
0.097303 0.883237 0.838577 0.217687 0.920535 0.256915 0.514193 0.553965 0.450494 0.956975 0.105731 0.044420 0.656590 0.092352 0.931530 0.216736 0.203972 0.974501 0.805204 0.557321 0.157183 0.666057 0.618662 0.429880 0.080085 0.014333 0.264027 0.628319 0.466302 0.674044 0.854396 0.181965 0.611977 0.708789 0.882195 0.454024 0.781202 0.930193 0.238460 0.217769 0.885999 0.740142 0.319510 0.274561 0.074081 0.348420 0.008582 0.285344 0.531404 0.358960 0.865774 0.985650 0.165985 0.926171 0.537700 0.856283 0.740252 0.643130 0.841711 0.717738 0.713505 0.817922 0.292296 0.614440 0.129736 0.377173 0.634366 0.057874 0.533043 0.109363 0.892061 0.055384 0.172167 0.493225 0.660212 0.747745 0.306788 0.259806 0.965860 0.151177 0.007808 0.935252 0.567773 0.382862 0.558476 0.069166 0.222596 0.876791 0.629215 0.950042 0.814084 0.110825 0.197384 0.883755 0.132028 0.262456 0.231922 0.405162 0.341579 0.967880 0.344453 0.350182 0.881714 0.843389 0.076324 0.828017 0.918408 0.513427 0.209223 0.901592 0.741031 0.633698 0.133488 0.884076 0.157939 0.218465 0.716080 0.237574 0.084230 0.989498 0.294793 0.373390 0.209180 0.521461 0.747337 0.463903 0.449637 0.545384 0.952601 0.620741 0.933008 0.173481 0.904116 0.756794 0.838213 0.415848 0.961571 0.541161 0.086717 0.155686 0.485020 0.254472 0.572959 0.992432 0.035816 0.377981 0.576128 0.492286 0.535892 0.852657 0.294667 0.151251 0.285882 0.470381 0.705698 0.663175 0.564270 0.535285 0.139945 0.429209 0.517729 0.587135 0.315489 0.327736 0.472261 0.961627 0.983864 0.784588 0.188220 0.761713 0.573130 0.246944 0.762631 0.109713 0.395990 0.593171 0.419208 0.939387 0.499676 0.871038 0.861448 0.452707 0.923522 0.954875 0.054572 0.791802 0.651203 0.214747 0.735032 0.036025 0.079047 0.063535 0.313297 0.259903 0.093537 0.309217 0.013486 0.444377 0.447723 0.409133
0.616711 0.795335 0.182283 0.439918 0.605353 0.223036 0.308753 0.157521 0.922854 0.729734 0.290092 0.515570 0.178308 0.370953 0.580285 0.605948 0.463071 0.526341 0.127058 0.021913 0.936779 0.625292 0.763797 0.595869 0.433236 0.351073 0.913063 0.660685 0.204697 0.973291 0.806884 0.578792 0.384290 0.835075 0.517038 0.173009 0.168488 0.764260 0.565491 0.643276 0.590841 0.709255 0.890101 0.513069 0.438619 0.433768 0.274421 0.469695 0.557125 0.009026 0.178922 0.682469 0.918484 0.258862 0.145072 0.823100 0.094108 0.591875 0.876661 0.643071 0.960993 0.147716 0.271378 0.571990 0.000848 0.450463 0.982362 0.055352 0.862684 0.148839 0.790989 0.541174 0.783509 0.528719 0.979240 0.971163 0.638453 0.112660 0.861021 0.994651 0.795036 0.108797 0.167431 0.511761 0.290190 0.129804 0.789751 0.478017 0.238737 0.785402 0.602823 0.210095 0.183734 0.407007 0.841804 0.644957 0.222026 0.563397 0.550630 0.479801 0.244239 0.415470 0.484938 0.916573 0.675184 0.285911 0.179726 0.818871 0.578725 0.526685 0.966584 0.493314 0.373017 0.897762 0.471141 0.453910 0.331867 0.130156 0.059163 0.782596 0.440560 0.814080 0.186803 0.047577 0.857677 0.466052 0.196915 0.865676 0.319057 0.043376 0.667585 0.750731 0.044540 0.287488 0.074116 0.777496 0.881958 0.143672 0.867143 0.743575 0.145930 0.605401 0.282045 0.878299 0.343344 0.734555 0.117717 0.189239 0.972885 0.504004 0.682120 0.020727 0.475763 0.893609 0.107785 0.437286 0.885874 0.939394 0.712689 0.414692 0.170042 0.436157 0.060193 0.033391 0.117950 0.834065 0.606429 0.517899 0.458853 0.712365 0.165166 0.690855 0.761618 0.784137 0.939574 0.520880 0.212652 0.942127 0.844458 0.311141 0.713274 0.971737 0.307504 0.590793 0.650634 0.492037 0.342747 0.799622 0.307982 0.544020 0.033348 0.749183 0.396505 0.024495 0.036665 0.339691 0.705644 0.488269 0.834109 0.537751
0.775045 0.448718 0.986886 0.528210 0.131226 0.565857 0.022031 0.593817 0.656680 0.049519 0.827311 0.925756 0.804113 0.208282 0.188314 0.096344 0.248960 0.044075 0.797428 0.261920 0.740768 0.466127 0.854708 0.590145 0.680288 0.881164 0.928423 0.134798 0.998423 0.373936 0.183023 0.577796 0.135913 0.018252 0.229050 0.374566 0.054837 0.166039 0.128539 0.109640 0.912913 0.633683 0.044168 0.532337 0.226997 0.246608 0.082728 0.648484 0.420452 0.451153 0.159103 0.307811 0.590756 0.122731 0.402340 0.642875 0.407368 0.736607 0.768860 0.685300 0.642649 0.597095 0.045653 0.088203 0.175414 0.728804 0.971588 0.463034 0.710282 0.581575 0.386640 0.598246 0.046020 0.988405 0.026976 0.930445 0.897196 0.815831 0.042141 0.748997 0.376816 0.842104 0.877389 0.016564 0.863276 0.473712 0.676338 0.901694 0.699306 0.816340 0.502577 0.884935 0.913209 0.954083 0.535750 0.819051 0.849839 0.369718 0.447926 0.301888 0.986958 0.936947 0.562911 0.257424 0.788901 0.686741 0.199020 0.790619 0.538220 0.790580 0.546508 0.239147 0.744885 0.669201 0.538096 0.104302 0.554930 0.828591 0.568232 0.070763 0.050628 0.950114 0.598064 0.470627 0.859195 0.239626 0.543657 0.016841 0.509065 0.846259 0.809891 0.025249 0.926697 0.223000 0.067306 0.811901 0.522011 0.721846 0.132339 0.552034 0.946186 0.870417 0.657355 0.016536 0.799538 0.588334 0.168437 0.274305 0.778240 0.346761 0.584650 0.882382 0.329327 0.684522 0.003471 0.490540 0.099223 0.186922 0.586852 0.207612 0.144562 0.312554 0.318435 0.501484 0.623158 0.887288 0.437168 0.708777 0.092673 0.602834 0.122546 0.624503 0.875827 0.060017 0.007037 0.491988 0.639021 0.416895 0.084851 0.546211 0.967281 0.472995 0.883525 0.618897 0.344699 0.018967 0.249831 0.707062 0.635242 0.958255 0.625392 0.122147 0.594626 0.849679 0.882964 0.546611 0.225435 0.495003 0.788106 0.841543
0.972258 0.271905 0.889045 0.903435 0.056491 0.698407 0.819265 0.609075 0.505247 0.334786 0.877789 0.904015 0.990076 0.892336 0.260740 0.359445 0.436070 0.067573 0.841048 0.658910 0.074023 0.517896 0.014529 0.081257 0.162187 0.297228 0.935801 0.277724 0.591302 0.720238 0.994264 0.737576 0.458552 0.412107 0.005195 0.501322 0.755774 0.902140 0.093790 0.126291 0.830611 0.946664 0.088676 0.809290 0.615570 0.491913 0.727638 0.626440 0.863338 0.713760 0.417477 0.312509 0.258343 0.962666 0.308208 0.316103 0.802948 0.692361 0.414283 0.069529 0.430361 0.688996 0.740162 0.701768 0.892647 0.247404 0.658168 0.278826 0.166147 0.618324 0.253346 0.661465 0.203965 0.508488 0.762091 0.459478 0.664912 0.051141 0.602261 0.362636 0.965434 0.925452 0.146671 0.012361 0.764886 0.520882 0.328411 0.458425 0.809130 0.847968 0.228234 0.451490 0.847915 0.330419 0.960597 0.285917 0.233935 0.958070 0.642204 0.481464 0.167040 0.681747 0.616914 0.021095 0.759864 0.496248 0.564787 0.775234 0.186746 0.574787 0.978336 0.417041 0.162973 0.601147 0.633617 0.912175 0.023548 0.293026 0.323439 0.313220 0.526607 0.123054 0.762591 0.063262 0.972298 0.515985 0.206834 0.383728 0.881361 0.361744 0.394111 0.918683 0.354835 0.540370 0.226346 0.721589 0.923649 0.446475 0.357552 0.816388 0.246757 0.355599 0.455893 0.425929 0.113514 0.132465 0.657806 0.708881 0.546863 0.372129 0.714373 0.251384 0.449761 0.290463 0.314860 0.274088 0.315416 0.174596 0.369509 0.089769 0.877528 0.899724 0.402653 0.139541 0.779546 0.564957 0.885069 0.238779 0.580535 0.285687 0.968400 0.728124 0.183294 0.036922 0.947895 0.787283 0.789377 0.281933 0.907760 0.333999 0.000552 0.150652 0.878704 0.866374 0.209188 0.809759 0.381052 0.788199 0.037209 0.540056 0.984173 0.513284 0.598457 0.929706 0.719994 0.105158 0.862572 0.209459 0.248364 0.366486
0.657780 0.371720 0.713391 0.852721 0.940198 0.053687 0.871172 0.093229 0.677184 0.581366 0.453561 0.538255 0.422016 0.881864 0.185411 0.727248 0.476583 0.599696 0.789194 0.246562 0.262925 0.713750 0.251468 0.345981 0.832763 0.893239 0.912152 0.149240 0.171345 0.347714 0.312755 0.017443 0.560725 0.071140 0.980119 0.058445 0.297496 0.095219 0.429610 0.063344 0.342647 0.484623 0.468118 0.009811 0.795545 0.365576 0.731188 0.662101 0.737364 0.045819 0.148719 0.223947 0.903180 0.552539 0.628857 0.594554 0.809116 0.550879 0.467552 0.094383 0.399086 0.194256 0.780979 0.924831 0.736089 0.255995 0.812858 0.276666 0.642324 0.063366 0.952332 0.334985 0.493178 0.118899 0.689589 0.222971 0.702992 0.788666 0.594193 0.872932 0.766897 0.713988 0.410352 0.641771 0.716488 0.714608 0.039352 0.805342 0.634654 0.195312 0.625129 0.081593 0.573041 0.297227 0.501679 0.686212 0.970801 0.124454 0.818291 0.262745 0.918213 0.401618 0.931240 0.609836 0.066590 0.613188 0.254514 0.520996 0.537411 0.619119 0.995814 0.343813 0.734033 0.133152 0.580094 0.528914 0.885068 0.472874 0.691956 0.140517 0.141880 0.330312 0.003725 0.005438 0.443736 0.809247 0.821035 0.303699 0.651161 0.303548 0.727984 0.082223 0.929243 0.405876 0.004504 0.656909 0.117295 0.399302 0.729341 0.685478 0.425213 0.901816 0.774694 0.382769 0.987437 0.412632 0.800156 0.697415 0.510404 0.828293 0.357045 0.157751 0.904119 0.412387 0.875973 0.814644 0.757957 0.832250 0.608080 0.431755 0.984505 0.652064 0.312765 0.549408 0.552520 0.459920 0.455305 0.680775 0.220630 0.338853 0.498823 0.384911 0.758881 0.322991 0.710783 0.881684 0.336555 0.257545 0.189695 0.841218 0.874213 0.826748 0.825124 0.888368 0.412650 0.772559 0.957503 0.103344 0.737950 0.465157 0.800020 0.839455 0.182855 0.433423 0.592962 0.640567 0.584243 0.409737 0.326071 0.682422
0.680269 0.282018 0.874560 0.021338 0.717331 0.767934 0.948453 0.309155 0.600541 0.719468 0.572647 0.855272 0.982108 0.689686 0.902869 0.477018 0.438417 0.757880 0.621471 0.946627 0.970649 0.589967 0.661765 0.440639 0.559069 0.323153 0.568982 0.896603 0.753753 0.769587 0.064825 0.764318 0.239146 0.774741 0.397538 0.158642 0.798299 0.194548 0.271964 0.983883 0.293271 0.040356 0.585745 0.236738 0.942875 0.848665 0.467359 0.242910 0.283037 0.480656 0.884083 0.999531 0.455734 0.841319 0.968108 0.407424 0.606081 0.096671 0.307179 0.683660 0.076408 0.145177 0.522655 0.546241 0.271990 0.939147 0.581897 0.770220 0.920007 0.555879 0.404120 0.400117 0.479075 0.246406 0.735700 0.215267 0.591465 0.776374 0.057268 0.532133 0.103627 0.972695 0.365321 0.409431 0.548000 0.759043 0.848744 0.823223 0.766820 0.399376 0.966437 0.446247 0.626008 0.000979 0.161258 0.452355 0.905316 0.449354 0.050925 0.633314 0.275577 0.169699 0.052439 0.377105 0.229981 0.090810 0.491549 0.555285 0.914572 0.919764 0.645806 0.745152 0.267358 0.282483 0.945459 0.034489 0.475564 0.123488 0.225949 0.448146 0.105422 0.025299 0.197701 0.260377 0.603748 0.540617 0.085984 0.262901 0.417762 0.270066 0.354408 0.033679 0.266321 0.083210 0.530704 0.893351 0.308232 0.316257 0.185157 0.487867 0.716587 0.891829 0.370456 0.041623 0.729890 0.576239 0.434422 0.635511 0.648765 0.738370 0.096112 0.219444 0.547117 0.805033 0.881525 0.628463 0.538700 0.193412 0.665852 0.711795 0.044467 0.893524 0.386194 0.315607 0.082994 0.613030 0.267260 0.496951 0.119634 0.575221 0.328433 0.413585 0.660256 0.358239 0.448663 0.005121 0.206970 0.051285 0.133885 0.917624 0.898758 0.356649 0.651315 0.467588 0.142578 0.143530 0.392897 0.272727 0.467190 0.758372 0.291413 0.660121 0.895499 0.542452 0.559701 0.383616 0.692805 0.359720 0.267864 0.107541
0.991738 0.301439 0.074591 0.332319 0.117919 0.924021 0.462238 0.588634 0.135980 0.483693 0.971291 0.833512 0.789099 0.988602 0.230299 0.752252 0.546392 0.538932 0.232793 0.757004 0.828576 0.919206 0.494770 0.708737 0.238314 0.437488 0.418486 0.004179 0.516041 0.317681 0.665571 0.709169 0.197675 0.151303 0.183421 0.295563 0.613701 0.987305 0.513290 0.300698 0.171244 0.556595 0.504864 0.893877 0.455603 0.304680 0.619182 0.207959 0.497447 0.171770 0.395035 0.598017 0.503504 0.402630 0.297390 0.138260 0.609030 0.349266 0.513248 0.545353 0.418887 0.332114 0.238849 0.288931 0.375808 0.045112 0.326817 0.757556 0.099188 0.379032 0.065841 0.290416 0.123421 0.180667 0.824154 0.319556 0.614212 0.443677 0.146377 0.128633 0.327590 0.911498 0.045609 0.665367 0.494231 0.505611 0.440562 0.258146 0.996694 0.351271 0.348066 0.462386 0.130112 0.349225 0.494844 0.356822 0.702928 0.290088 0.703428 0.256426 0.385896 0.642093 0.090279 0.390442 0.034703 0.567428 0.901967 0.736031 0.571745 0.720347 0.662652 0.242199 0.747642 0.986206 0.115637 0.135747 0.320561 0.549356 0.703514 0.858532 0.048582 0.017818 0.286625 0.568337 0.238800 0.882580 0.356732 0.560056 0.875885 0.383245 0.824763 0.579737 0.218018 0.276283 0.554153 0.048244 0.602838 0.029019 0.294314 0.777705 0.453314 0.567884 0.507545 0.433531 0.308940 0.347439 0.442223 0.700565 0.516978 0.544689 0.403657 0.367015 0.299851 0.805224 0.878826 0.884370 0.150123 0.493227 0.901223 0.829490 0.846788 0.502884 0.739301 0.386235 0.953094 0.987223 0.756031 0.547401 0.283734 0.090196 0.027977 0.878618 0.661079 0.671533 0.659794 0.605413 0.525778 0.175673 0.258064 0.396750 0.735869 0.280896 0.736166 0.055026 0.202636 0.655191 0.029334 0.713330 0.976291 0.041824 0.508279 0.127727 0.368684 0.886083 0.388525 0.381394 0.636296 0.578694 0.386223 0.750454
0.994406 0.570505 0.919717 0.034743 0.832637 0.076545 0.814313 0.500687 0.270391 0.569435 0.920436 0.229488 0.093841 0.335661 0.258584 0.187248 0.827106 0.805768 0.436332 0.014598 0.200645 0.120942 0.711289 0.788393 0.739661 0.539950 0.720387 0.601504 0.871650 0.829911 0.858991 0.349594 0.315284 0.579719 0.169637 0.093129 0.405139 0.581159 0.610502 0.510269 0.186921 0.253579 0.105878 0.679311 0.460839 0.663821 0.550612 0.562080 0.673920 0.919218 0.955535 0.211032 0.818972 0.601138 0.281151 0.531909 0.399247 0.521504 0.858254 0.213813 0.200154 0.473736 0.122213 0.487226 0.926160 0.855545 0.177516 0.449418 0.282580 0.227525 0.695550 0.948017 0.816106 0.446938 0.245024 0.582453 0.579651 0.589746 0.142759 0.624777 0.183818 0.815149 0.640706 0.964933 0.550195 0.698756 0.762961 0.551279 0.223412 0.697576 0.801621 0.926267 0.004186 0.399277 0.771715 0.480814 0.542393 0.633006 0.174485 0.214238 0.677939 0.829004 0.177597 0.706212 0.852795 0.928965 0.365381 0.221056 0.965578 0.934796 0.861116 0.770172 0.519387 0.984924 0.327411 0.445077 0.332766 0.338532 0.584213 0.407438 0.189228 0.444224 0.809029 0.876961 0.075770 0.308569 0.558550 0.066633 0.713578 0.562832 0.573057 0.940389 0.980726 0.550330 0.306163 0.936342 0.534087 0.236029 0.334757 0.343333 0.833827 0.558327 0.331965 0.476525 0.108067 0.327416 0.705026 0.092466 0.449238 0.004768 0.982911 0.586606 0.287750 0.686087 0.849410 0.099439 0.867673 0.914401 0.284229 0.383759 0.565546 0.129335 0.420417 0.592215 0.185090 0.228511 0.075322 0.299932 0.762521 0.026482 0.829947 0.370927 0.151103 0.509552 0.200390 0.685459 0.522356 0.048190 0.910620 0.423436 0.458982 0.512649 0.803762 0.363472 0.144539 0.101126 0.813249 0.523860 0.942467 0.262697 0.896288 0.307022 0.659558 0.233955 0.110157 0.805301 0.369662 0.190417 0.759183 0.743508
0.767042 0.255454 0.528446 0.487886 0.742148 0.886492 0.122463 0.155796 0.807062 0.704900 0.431637 0.652841 0.835063 0.539457 0.395903 0.175242 0.282315 0.090140 0.133921 0.770912 0.459008 0.711832 0.029706 0.550496 0.009468 0.708855 0.227749 0.572734 0.630437 0.327435 0.093813 0.479458 0.719487 0.619251 0.500051 0.223024 0.580977 0.841892 0.816807 0.850874 0.880970 0.056689 0.248487 0.749324 0.701561 0.949663 0.421360 0.145972 0.118416 0.392823 0.347391 0.204264 0.357860 0.523279 0.351910 0.090087 0.370685 0.140170 0.805391 0.282877 0.662263 0.414789 0.523057 0.333382 0.101831 0.853106 0.514035 0.221353 0.839438 0.970231 0.941930 0.906867 0.642383 0.547420 0.179987 0.312547 0.135324 0.446498 0.562090 0.305912 0.966243 0.121310 0.330632 0.033820 0.073231 0.385831 0.028704 0.408864 0.700841 0.605144 0.697463 0.884272 0.373289 0.198131 0.895816 0.985079 0.280549 0.589651 0.643711 0.519083 0.070451 0.632542 0.548035 0.431552 0.210969 0.751131 0.454907 0.879164 0.258055 0.122901 0.810467 0.351832 0.136538 0.772094 0.130569 0.366747 0.991349 0.269813 0.131334 0.753098 0.441103 0.112701 0.507629 0.604308 0.076539 0.811726 0.725934 0.135347 0.278281 0.778694 0.649429 0.506760 0.488417 0.713891 0.528793 0.435605 0.348386 0.263654 0.367512 0.710055 0.634581 0.832656 0.328764 0.074704 0.627972 0.953053 0.771872 0.071237 0.181863 0.438068 0.650616 0.062149 0.984369 0.628913 0.300661 0.022103 0.078514 0.983136 0.817061 0.202652 0.488832 0.064093 0.742339 0.160215 0.162881 0.508592 0.246347 0.038491 0.560109 0.534929 0.546044 0.715962 0.412960 0.813433 0.933269 0.666863 0.156214 0.586982 0.691207 0.998688 0.239697 0.102662 0.710761 0.288386 0.362869 0.890186 0.241213 0.490064 0.963338 0.672930 0.541972 0.671005 0.379533 0.240567 0.837552 0.314581 0.620423 0.461161 0.836457 0.477097
0.257722 0.518447 0.135518 0.683394 0.516649 0.959878 0.465865 0.730398 0.460499 0.887805 0.274263 0.812247 0.098837 0.248106 0.567879 0.305716 0.974952 0.495284 0.159206 0.928741 0.848638 0.919738 0.878331 0.758441 0.109973 0.228145 0.821437 0.393952 0.669071 0.404575 0.284301 0.150172 0.979961 0.232537 0.222647 0.759475 0.973024 0.798554 0.541907 0.663939 0.744511 0.189165 0.735302 0.122218 0.499443 0.583291 0.953166 0.138161 0.397513 0.222040 0.259655 0.790902 0.796451 0.941094 0.878951 0.473688 0.197336 0.619913 0.457260 0.250593 0.570022 0.584101 0.426715 0.969620 0.742481 0.479541 0.805673 0.410862 0.296479 0.457594 0.778199 0.826830 0.040454 0.034901 0.918165 0.641649 0.166808 0.680831 0.658325 0.432419 0.392995 0.806938 0.368923 0.447395 0.206076 0.692602 0.258704 0.773182 0.831969 0.524029 0.096356 0.799781 0.339501 0.259686 0.271445 0.529419 0.689034 0.813015 0.757250 0.377274 0.632538 0.843724 0.826914 0.597471 0.145482 0.648784 0.054773 0.363174 0.162660 0.963270 0.281396 0.230421 0.049666 0.728751 0.143203 0.060103 0.432827 0.566349 0.266978 0.990013 0.962732 0.827246 0.879377 0.392331 0.373528 0.279821 0.884250 0.788859 0.954284 0.146724 0.205854 0.728967 0.023710 0.203833 0.299792 0.597410 0.542152 0.056611 0.379874 0.027296 0.785996 0.947095 0.965165 0.959293 0.586300 0.022217 0.678049 0.638055 0.978049 0.711904 0.191997 0.908590 0.604943 0.189015 0.026484 0.184962 0.650243 0.142784 0.987456 0.483620 0.316533 0.644531 0.070250 0.388673 0.855969 0.609199 0.169006 0.121704 0.722413 0.388497 0.457642 0.564136 0.638470 0.001126 0.905667 0.001714 0.087910 0.663761 0.035113 0.242683 0.989967 0.320277 0.535452 0.090229 0.440879 0.384746 0.305724 0.581689 0.551464 0.571745 0.984062 0.337977 0.031875 0.391173 0.142358 0.072908 0.693243 0.529905 0.009947 0.615972
0.074263 0.036178 0.990235 0.086053 0.595170 0.579768 0.954972 0.032424 0.350516 0.770404 0.882235 0.544328 0.785630 0.113835 0.029082 0.685662 0.243084 0.074503 0.662373 0.219407 0.069367 0.907926 0.291416 0.417624 0.878127 0.821735 0.954072 0.057822 0.599787 0.446586 0.283472 0.256527 0.064887 0.691691 0.519837 0.831766 0.849537 0.037178 0.704217 0.306256 0.596293 0.684162 0.143377 0.919029 0.083331 0.684557 0.624648 0.678995 0.701403 0.359626 0.088499 0.145500 0.816850 0.517801 0.104726 0.240471 0.132571 0.405841 0.942704 0.649841 0.706339 0.228816 0.136756 0.811190 0.941863 0.480318 0.989330 0.482579 0.670055 0.808576 0.895786 0.616792 0.679678 0.744794 0.478913 0.224562 0.302551 0.593195 0.539956 0.457101 0.586953 0.892689 0.900471 0.625798 0.793212 0.890842 0.224727 0.568150 0.491204 0.572715 0.831472 0.131540 0.366561 0.295873 0.455792 0.797060 0.374261 0.030880 0.969034 0.379092 0.441810 0.252448 0.321358 0.218659 0.870278 0.445409 0.509277 0.267345 0.968762 0.290358 0.637770 0.479540 0.974660 0.277214 0.059309 0.229078 0.210222 0.039197 0.532292 0.288023 0.713970 0.838975 0.124728 0.430372 0.804135 0.889679 0.097485 0.227796 0.022554 0.128386 0.313872 0.985282 0.101394 0.673942 0.153485 0.715305 0.653466 0.310659 0.824466 0.442523 0.330068 0.756092 0.889761 0.373851 0.623014 0.561239 0.409295 0.651766 0.324340 0.910263 0.862615 0.533226 0.950781 0.309196 0.965609 0.327525 0.870392 0.052470 0.986992 0.211821 0.727704 0.363244 0.476186 0.273219 0.481417 0.306284 0.761233 0.007963 0.496217 0.471931 0.976304 0.476838 0.796953 0.279683 0.300430 0.629244 0.825768 0.182877 0.925080 0.946017 0.157807 0.586023 0.044948 0.163221 0.076493 0.047125 0.915172 0.876902 0.805094 0.655033 0.078739 0.176502 0.182078 0.484088 0.876718 0.395001 0.911267 0.735432 0.224702 0.976214
0.607891 0.928533 0.053165 0.949572 0.006740 0.278533 0.781810 0.416379 0.941866 0.701358 0.574133 0.601501 0.948206 0.510396 0.457664 0.504117 0.209590 0.226647 0.579824 0.411784 0.105513 0.171443 0.218029 0.620778 0.157551 0.857236 0.332484 0.813936 0.785963 0.360861 0.199998 0.109185 0.930240 0.105279 0.586108 0.139891 0.291071 0.178207 0.774367 0.134484 0.662616 0.657660 0.458474 0.553402 0.930593 0.209017 0.737044 0.889888 0.882857 0.806700 0.762163 0.788714 0.844769 0.138564 0.900107 0.955761 0.789113 0.908148 0.599160 0.225647 0.675410 0.444308 0.266275 0.236930 0.192726 0.455990 0.489577 0.901502 0.861581 0.666831 0.912108 0.455019 0.640123 0.345412 0.747291 0.592325 0.948416 0.634789 0.326119 0.337296 0.084418 0.004877 0.506322 0.250606 0.626314 0.155540 0.927777 0.958384 0.949372 0.596100 0.766784 0.566859 0.096374 0.037382 0.542380 0.024426 0.665881 0.109174 0.198623 0.268366 0.703219 0.397180 0.005064 0.260586 0.283807 0.503445 0.333719 0.723408 0.099824 0.217797 0.444889 0.681075 0.354331 0.547206 0.976837 0.908597 0.284923 0.493060 0.740879 0.593999 0.941065 0.420457 0.412691 0.972278 0.506121 0.955693 0.761078 0.504018 0.675088 0.406838 0.180008 0.763670 0.072477 0.795964 0.005826 0.799580 0.848452 0.375922 0.635660 0.069022 0.281317 0.753030 0.897929 0.659645 0.778085 0.225167 0.979790 0.946481 0.654356 0.044233 0.180976 0.772957 0.358663 0.400765 0.726372 0.178417 0.684570 0.281010 0.113376 0.298597 0.494776 0.065507 0.285907 0.085794 0.529144 0.163688 0.765208 0.823266 0.316323 0.264401 0.144590 0.284219 0.690466 0.136237 0.421120 0.065209 0.579787 0.734784 0.470927 0.237693 0.147184 0.031043 0.989577 0.750412 0.057761 0.676670 0.691917 0.360200 0.011765 0.554483 0.382757 0.205149 0.530699 0.576763 0.630127 0.773680 0.638255 0.699341 0.413780 0.599968
0.532779 0.401026 0.967808 0.564776 0.476975 0.233596 0.951776 0.744641 0.068828 0.283541 0.339094 0.222946 0.660854 0.986357 0.647131 0.968819 0.026056 0.633896 0.687964 0.066082 0.898483 0.386496 0.152981 0.603123 0.477652 0.208134 0.846940 0.348530 0.685699 0.445105 0.448770 0.813657 0.271736 0.418591 0.889732 0.680397 0.609433 0.792581 0.378636 0.989517 0.731032 0.307641 0.398411 0.823957 0.657579 0.289259 0.616833 0.225276 0.254095 0.410887 0.094599 0.204348 0.102148 0.791214 0.140748 0.470418 0.402095 0.603343 0.938103 0.982878 0.251523 0.772617 0.488834 0.042731 0.156321 0.242644 0.838030 0.008969 0.767769 0.303549 0.699219 0.152194 0.252412 0.211742 0.995464 0.714591 0.970193 0.801260 0.857277 0.161000 0.368787 0.280530 0.098048 0.092263 0.854890 0.723893 0.660101 0.960189 0.962018 0.262431 0.996500 0.753220 0.887280 0.054943 0.872487 0.744878 0.465498 0.628201 0.175161 0.955772 0.460969 0.233375 0.131670 0.069334 0.872048 0.129776 0.272467 0.891767 0.586180 0.805733 0.654041 0.832367 0.916701 0.534785 0.132730 0.996341 0.904427 0.617564 0.581462 0.253011 0.044826 0.896594 0.083341 0.444287 0.651515 0.818847 0.317663 0.890964 0.257258 0.793403 0.552892 0.753501 0.098802 0.860662 0.817759 0.335703 0.966650 0.720309 0.782487 0.316312 0.087480 0.911591 0.261110 0.440766 0.159636 0.922170 0.994811 0.853418 0.166680 0.645108 0.962392 0.360640 0.735369 0.980899 0.992294 0.296277 0.630073 0.199920 0.598226 0.565154 0.650166 0.266778 0.667449 0.824359 0.839062 0.317021 0.004780 0.589122 0.462501 0.683358 0.862322 0.222049 0.775904 0.111527 0.447200 0.557448 0.037290 0.184002 0.939773 0.098665 0.548124 0.890600 0.703821 0.573425 0.758027 0.214754 0.826004 0.165559 0.287446 0.252218 0.121775 0.116958 0.417383 0.292500 0.362613 0.602789 0.968282 0.026247 0.004712 0.764350
0.170527 0.134650 0.755427 0.889990 0.118955 0.041534 0.015732 0.388955 0.060918 0.359629 0.222287 0.665606 0.739686 0.959770 0.168807 0.638341 0.964346 0.865499 0.759305 0.608284 0.832073 0.382237 0.248802 0.685044 0.465010 0.471446 0.263794 0.681690 0.527582 0.877698 0.661135 0.953220 0.284717 0.504715 0.283431 0.336241 0.501153 0.476934 0.482168 0.347004 0.664065 0.581486 0.340041 0.920824 0.768549 0.337651 0.393538 0.118216 0.027823 0.499264 0.079913 0.828934 0.327458 0.426206 0.620014 0.912150 0.151376 0.476476 0.083707 0.582486 0.889067 0.919514 0.679831 0.813841 0.809332 0.278287 0.041735 0.275163 0.276383 0.385611 0.652319 0.815389 0.534284 0.222253 0.129482 0.457170 0.926019 0.460174 0.543799 0.986809 0.839381 0.849269 0.634942 0.592620 0.974759 0.339331 0.717437 0.639153 0.088826 0.534096 0.960809 0.897513 0.266144 0.873231 0.588988 0.707811 0.922423 0.962246 0.599082 0.960237 0.515109 0.730837 0.055754 0.746036 0.281226 0.438908 0.661750 0.430270 0.629890 0.708004 0.354527 0.888637 0.264838 0.831233 0.502863 0.670298 0.378604 0.370840 0.013926 0.702154 0.624999 0.491773 0.470924 0.758270 0.320083 0.950253 0.417012 0.083052 0.764406 0.799360 0.505140 0.801448 0.157319 0.076454 0.548569 0.166654 0.094412 0.208218 0.425767 0.238756 0.945650 0.571144 0.395594 0.840739 0.132458 0.269510 0.951973 0.684509 0.716078 0.424911 0.955305 0.306566 0.028509 0.721425 0.176621 0.929430 0.434805 0.327280 0.176355 0.533029 0.155868 0.935755 0.448802 0.981486 0.694174 0.857659 0.791216 0.683981 0.549161 0.692030 0.489064 0.787097 0.520449 0.319806 0.728784 0.837626 0.789948 0.619882 0.679152 0.992373 0.431544 0.087523 0.008208 0.436575 0.844501 0.821844 0.431919 0.616005 0.874856 0.149079 0.816061 0.732009 0.017512 0.471072 0.366460 0.022651 0.193012 0.364821 0.695210 0.874433
0.276372 0.215476 0.292146 0.725471 0.638261 0.756630 0.089050 0.308986 0.970285 0.536369 0.628182 0.026517 0.630926 0.425310 0.435968 0.745748 0.199918 0.933860 0.016011 0.263182 0.319352 0.536774 0.248134 0.435452 0.497471 0.126309 0.918586 0.068711 0.833777 0.222929 0.632928 0.182333 0.494938 0.484839 0.503316 0.499244 0.812432 0.225046 0.829548 0.511481 0.473537 0.607861 0.032937 0.825657 0.803428 0.148713 0.828280 0.331941 0.615448 0.531645 0.647634 0.120571 0.278026 0.780594 0.289275 0.177793 0.459955 0.019306 0.417976 0.121671 0.770137 0.851622 0.556033 0.699474 0.705943 0.048809 0.019709 0.042276 0.152845 0.742194 0.952547 0.035522 0.557318 0.397743 0.236942 0.063794 0.456718 0.695500 0.833571 0.795015 0.151788 0.282658 0.603408 0.562078 0.550838 0.313641 0.027907 0.855339 0.979469 0.687485 0.396011 0.070986 0.019280 0.146501 0.054556 0.109070 0.785804 0.072858 0.297525 0.908120 0.062000 0.659145 0.253119 0.136089 0.902934 0.376663 0.899504 0.285767 0.904938 0.484090 0.808427 0.832108 0.316250 0.240542 0.297109 0.003386 0.495605 0.303833 0.758337 0.913604 0.767871 0.957841 0.863432 0.403908 0.151582 0.872914 0.982966 0.361076 0.505464 0.033784 0.258183 0.588788 0.446431 0.354890 0.858885 0.607237 0.575619 0.511403 0.282165 0.087994 0.275364 0.214366 0.330232 0.574004 0.938685 0.129477 0.915661 0.844603 0.771189 0.502362 0.066361 0.776583 0.915605 0.831693 0.227863 0.761165 0.168524 0.559683 0.034748 0.525740 0.964473 0.893195 0.227578 0.391880 0.580098 0.622251 0.643542 0.927463 0.266280 0.343740 0.666375 0.634744 0.438759 0.500046 0.140638 0.164117 0.711428 0.091178 0.163585 0.462750 0.289137 0.718345 0.254313 0.549188 0.529914 0.354044 0.224577 0.922691 0.144268 0.291390 0.635092 0.184287 0.799418 0.442407 0.578284 0.475665 0.100803 0.778223 0.304594 0.227202
0.092914 0.724700 0.951453 0.104074 0.071841 0.747250 0.015397 0.477805 0.027720 0.867463 0.182654 0.535488 0.076707 0.569601 0.937179 0.417291 0.231334 0.827921 0.323710 0.534659 0.489949 0.478700 0.830598 0.119612 0.067052 0.851499 0.436492 0.933731 0.998584 0.735196 0.747262 0.462946 0.060286 0.712570 0.790170 0.569850 0.090409 0.920353 0.608121 0.245548 0.149927 0.309777 0.656329 0.051895 0.985366 0.683556 0.222770 0.273431 0.968370 0.327117 0.287985 0.631595 0.457158 0.164523 0.655626 0.811721 0.277157 0.426761 0.728951 0.516632 0.478837 0.492100 0.878071 0.262086 0.946474 0.823449 0.686139 0.761713 0.956764 0.455355 0.034508 0.540233 0.792463 0.950749 0.346131 0.357546 0.655294 0.873048 0.893936 0.196630 0.712165 0.230229 0.019737 0.581882 0.910814 0.311450 0.072690 0.034392 0.071841 0.221086 0.714328 0.196063 0.319825 0.596240 0.676895 0.632559 0.920393 0.534045 0.436625 0.366532 0.889111 0.352568 0.428586 0.245545 0.964029 0.959573 0.030266 0.725280 0.142930 0.104546 0.014176 0.863145 0.210007 0.858626 0.733761 0.885247 0.553703 0.790841 0.411855 0.496145 0.325556 0.276246 0.504477 0.701385 0.661673 0.688986 0.599902 0.580210 0.921547 0.794863 0.206727 0.902010 0.379595 0.026147 0.637598 0.270350 0.359543 0.805266 0.943222 0.631512 0.395222 0.244158 0.870336 0.997550 0.888287 0.120087 0.014247 0.070903 0.384064 0.094281 0.862411 0.965019 0.624276 0.736408 0.761994 0.091910 0.863926 0.258766 0.683229 0.924335 0.944304 0.979255 0.519281 0.083899 0.949970 0.586484 0.741401 0.871362 0.594899 0.839277 0.157234 0.310734 0.639530 0.461556 0.119407 0.502727 0.975919 0.009776 0.345187 0.381026 0.809314 0.941081 0.793660 0.133964 0.682726 0.065448 0.423390 0.523045 0.810814 0.630180 0.229123 0.837650 0.892169 0.794985 0.705241 0.613045 0.222817 0.800792 0.813430 0.835314
0.468576 0.591728 0.757716 0.921644 0.395068 0.356858 0.033354 0.205072 0.724265 0.808181 0.789656 0.583113 0.864448 0.330681 0.293865 0.984513 0.267289 0.965730 0.244360 0.271223 0.077726 0.854905 0.007213 0.331227 0.040491 0.413961 0.938146 0.736635 0.671433 0.780031 0.553213 0.712048 0.170445 0.284503 0.555871 0.299570 0.930298 0.685332 0.792670 0.775317 0.059685 0.094371 0.764670 0.430593 0.776955 0.938146 0.312089 0.060387 0.302585 0.288869 0.073654 0.756098 0.022454 0.855093 0.634421 0.677829 0.351931 0.096887 0.810944 0.289265 0.115854 0.158069 0.314503 0.646777 0.058985 0.046564 0.717134 0.430002 0.616878 0.133865 0.650311 0.595444 0.927775 0.363445 0.134716 0.225906 0.199377 0.609348 0.110109 0.981679 0.792161 0.469746 0.761152 0.452724 0.669918 0.407947 0.397998 0.182121 0.869421 0.978955 0.088635 0.450914 0.073982 0.298285 0.531831 0.988759 0.710960 0.458487 0.869086 0.235550 0.888918 0.691951 0.346002 0.577308 0.658935 0.127097 0.831536 0.532677 0.434930 0.254266 0.712595 0.815679 0.151867 0.764326 0.444572 0.977476 0.266792 0.795132 0.278468 0.197754 0.341957 0.533854 0.198173 0.195921 0.655726 0.930296 0.182827 0.307837 0.028352 0.516418 0.729641 0.259079 0.268552 0.943311 0.752678 0.169569 0.336692 0.370856 0.124257 0.960242 0.012939 0.522000 0.874994 0.438013 0.317739 0.432397 0.110852 0.036774 0.712499 0.346836 0.140818 0.324555 0.296745 0.792909 0.576345 0.189578 0.832262 0.800659 0.096898 0.509290 0.176525 0.292807 0.900999 0.902509 0.078901 0.170224 0.491177 0.607002 0.016057 0.474556 0.736023 0.359006 0.477608 0.502342 0.035419 0.131681 0.062337 0.645648 0.713787 0.427324 0.711275 0.650111 0.847522 0.111243 0.048616 0.630865 0.596089 0.808361 0.100368 0.536943 0.902981 0.893035 0.618895 0.474439 0.333061 0.548375 0.733470 0.993465 0.003296 0.403664
0.585687 0.668666 0.121850 0.032250 0.655842 0.165365 0.689348 0.438423 0.148186 0.961610 0.629115 0.752390 0.981066 0.314767 0.816256 0.044287 0.333131 0.369177 0.584744 0.440743 0.475714 0.882663 0.988157 0.848804 0.802653 0.352261 0.357766 0.355939 0.097735 0.212879 0.757415 0.899295 0.796315 0.227879 0.559669 0.608260 0.527445 0.356713 0.051763 0.078742 0.991715 0.951678 0.922035 0.553581 0.175499 0.187360 0.133563 0.177305 0.104069 0.984650 0.671767 0.884813 0.144824 0.122075 0.980552 0.663415 0.601975 0.729371 0.303866 0.562231 0.053734 0.719334 0.810971 0.569870 0.202826 0.164675 0.390046 0.659283 0.595947 0.758007 0.569895 0.378086 0.618053 0.400034 0.844718 0.645083 0.193429 0.759710 0.467104 0.354362 0.030051 0.868168 0.864438 0.876219 0.772225 0.373938 0.758904 0.372066 0.080137 0.124370 0.657419 0.219957 0.120427 0.792814 0.564601 0.283338 0.179847 0.090948 0.869782 0.930011 0.765786 0.621138 0.279433 0.996728 0.740649 0.085080 0.557740 0.231496 0.865903 0.573241 0.250178 0.886640 0.111186 0.181862 0.260775 0.821882 0.147926 0.176773 0.853337 0.627355 0.361798 0.022877 0.532251 0.935034 0.423146 0.054684 0.029371 0.885960 0.012528 0.770940 0.842372 0.839452 0.008773 0.514154 0.641651 0.856694 0.522612 0.562335 0.223748 0.004759 0.621363 0.013255 0.144452 0.431604 0.876030 0.128118 0.319025 0.986844 0.711771 0.785132 0.359706 0.232450 0.792140 0.083490 0.540629 0.969394 0.243665 0.977155 0.996277 0.244815 0.902226 0.878573 0.977612 0.181190 0.274786 0.839714 0.975690 0.002021 0.304210 0.557266 0.574408 0.325068 0.857896 0.590140 0.196576 0.630331 0.533273 0.988366 0.060635 0.118674 0.447352 0.933924 0.421319 0.659771 0.948145 0.034090 0.474257 0.975064 0.313007 0.188323 0.232002 0.227072 0.681018 0.232021 0.019265 0.233666 0.176653 0.642618 0.520718 0.817032
0.947643 0.794485 0.441531 0.172804 0.869196 0.293089 0.233144 0.886506 0.536888 0.692159 0.805735 0.942628 0.606365 0.797913 0.530234 0.581202 0.016419 0.481425 0.116055 0.582991 0.818421 0.033105 0.979788 0.235944 0.460364 0.873013 0.624211 0.415881 0.237083 0.618472 0.063531 0.219058 0.850027 0.613091 0.212791 0.197953 0.833222 0.837293 0.158176 0.484319 0.869146 0.306853 0.538491 0.385102 0.281511 0.341593 0.625734 0.249744 0.001856 0.312905 0.154314 0.515479 0.863111 0.882093 0.004814 0.125916 0.335081 0.104976 0.262957 0.170310 0.750345 0.930761 0.286751 0.005825 0.084716 0.697464 0.798248 0.292725 0.604050 0.148602 0.981798 0.863095 0.634518 0.310095 0.563628 0.419881 0.491343 0.644957 0.340385 0.458848 0.479954 0.927099 0.060804 0.364337 0.548924 0.238104 0.586224 0.998505 0.243214 0.156040 0.990992 0.405089 0.535603 0.184664 0.224290 0.931597 0.231033 0.332143 0.768757 0.577620 0.296339 0.385672 0.796443 0.451581 0.527416 0.500888 0.933049 0.409103 0.937114 0.336674 0.261726 0.559654 0.525666 0.385039 0.957315 0.617628 0.829613 0.268297 0.047185 0.890928 0.262847 0.310672 0.283296 0.051587 0.791858 0.205261 0.954383 0.316842 0.778033 0.470534 0.249864 0.889406 0.029483 0.482597 0.117288 0.164352 0.984055 0.440251 0.778323 0.564015 0.622194 0.271253 0.507588 0.550868 0.440805 0.599397 0.260904 0.632575 0.087987 0.877378 0.130877 0.061104 0.840350 0.456046 0.075599 0.216053 0.468617 0.395979 0.603275 0.676870 0.973636 0.707848 0.884562 0.474817 0.806816 0.311673 0.910064 0.468856 0.996568 0.929769 0.864674 0.735890 0.664437 0.362082 0.900118 0.900681 0.341283 0.683098 0.588767 0.607489 0.246755 0.483181 0.237088 0.516606 0.121035 0.657886 0.567304 0.271518 0.002059 0.410144 0.503269 0.481161 0.273273 0.008936 0.263312 0.777997 0.478325 0.555919 0.574031 0.924014
0.547913 0.802295 0.783531 0.414249 0.389256 0.734898 0.413027 0.494315 0.895254 0.805237 0.590672 0.185129 0.295605 0.377541 0.066111 0.692865 0.344477 0.568896 0.346342 0.073210 0.265042 0.923131 0.680152 0.756764 0.515366 0.008974 0.817367 0.697006 0.739494 0.523048 0.898433 0.102318 0.538746 0.056865 0.307237 0.863183 0.185291 0.788708 0.983689 0.033589 0.608186 0.504927 0.597143 0.086418 0.650983 0.356250 0.328413 0.138399 0.929751 0.129732 0.185849 0.812631 0.657493 0.951074 0.527300 0.018824 0.780933 0.180965 0.671348 0.164278 0.640593 0.239356 0.766330 0.879479 0.065882 0.576180 0.447115 0.084882 0.455725 0.541757 0.532421 0.860782 0.891377 0.373250 0.074682 0.484944 0.086422 0.511579 0.218327 0.306033 0.868281 0.792688 0.160730 0.910402 0.922586 0.275183 0.881284 0.715727 0.690280 0.493458 0.980369 0.626624 0.454940 0.484965 0.667462 0.152868 0.297275 0.685252 0.850806 0.111438 0.851795 0.046815 0.310292 0.524670 0.146172 0.141343 0.819375 0.917138 0.832937 0.857643 0.599031 0.543619 0.426340 0.863871 0.813292 0.353254 0.663783 0.348411 0.099445 0.634205 0.435049 0.508141 0.284397 0.226381 0.924330 0.313676 0.001901 0.922567 0.706166 0.210922 0.112334 0.561577 0.887200 0.896747 0.161392 0.683466 0.605691 0.838346 0.489129 0.595282 0.736381 0.306729 0.161135 0.970688 0.149428 0.182329 0.825420 0.432843 0.347578 0.848610 0.767581 0.892627 0.556915 0.898587 0.176409 0.845590 0.176485 0.516252 0.830656 0.951292 0.128867 0.707508 0.199993 0.148891 0.946275 0.690164 0.312188 0.177260 0.042915 0.012539 0.903262 0.112699 0.701379 0.454349 0.165708 0.744475 0.936194 0.007373 0.720524 0.287026 0.642364 0.677415 0.759804 0.464385 0.750901 0.878323 0.915895 0.665086 0.009824 0.216022 0.593198 0.282315 0.086592 0.069303 0.503314 0.193637 0.232997 0.882916 0.826190 0.702236
0.580914 0.074095 0.045763 0.547301 0.689724 0.479501 0.085892 0.167718 0.235085 0.512786 0.961006 0.161974 0.188942 0.409603 0.718776 0.329633 0.318322 0.156084 0.399377 0.431039 0.845389 0.543764 0.375841 0.418859 0.264055 0.312903 0.395334 0.937501 0.329214 0.695133 0.106243 0.114894 0.835126 0.566814 0.156789 0.933141 0.551430 0.598268 0.814448 0.507222 0.009956 0.847609 0.507926 0.197945 0.756706 0.366582 0.263099 0.470847 0.550216 0.710980 0.768938 0.361642 0.312066 0.294071 0.318699 0.224747 0.431211 0.909846 0.170661 0.358494 0.595308 0.691305 0.228319 0.597623 0.355239 0.177402 0.674769 0.003692 0.365294 0.992231 0.287053 0.104342 0.611855 0.250064 0.169618 0.797816 0.890032 0.203588 0.186078 0.791419 0.472568 0.612381 0.836758 0.144224 0.528611 0.354296 0.952577 0.305155 0.159541 0.036843 0.178902 0.793467 0.636761 0.450497 0.514194 0.694423 0.041165 0.512554 0.273846 0.754904 0.019407 0.863719 0.986957 0.007637 0.065407 0.768583 0.970843 0.101275 0.024413 0.121268 0.236166 0.588794 0.055704 0.135281 0.767633 0.906863 0.590932 0.135795 0.434848 0.133380 0.554838 0.840852 0.442213 0.494020 0.479178 0.936090 0.878123 0.205573 0.475067 0.622278 0.904786 0.769266 0.749966 0.055582 0.369100 0.334778 0.224106 0.522091 0.212877 0.825774 0.109765 0.578914 0.987712 0.183170 0.376616 0.281636 0.704305 0.919977 0.933186 0.869241 0.666617 0.938444 0.774066 0.752878 0.013931 0.760421 0.562029 0.923306 0.697148 0.589228 0.455003 0.825083 0.004980 0.749191 0.525313 0.888489 0.295168 0.728891 0.122422 0.852274 0.481965 0.985473 0.418123 0.081744 0.246554 0.579319 0.053521 0.622995 0.853747 0.158911 0.814348 0.251171 0.002436 0.755499 0.088298 0.442716 0.522908 0.211191 0.548377 0.505477 0.670071 0.578491 0.693976 0.159723 0.523894 0.452877 0.277798 0.151123 0.433710 0.363207
0.902457 0.343532 0.748817 0.448299 0.333748 0.784205 0.942152 0.756418 0.134246 0.295961 0.948611 0.644902 0.299173 0.115897 0.123480 0.160359 0.437196 0.639122 0.984235 0.043159 0.186991 0.942185 0.544457 0.217472 0.915822 0.677337 0.426279 0.631796 0.340597 0.300978 0.018899 0.751748 0.750153 0.814340 0.197774 0.111499 0.695918 0.089878 0.354751 0.505774 0.937097 0.223254 0.080203 0.273256 0.574978 0.783516 0.807202 0.800219 0.917728 0.306833 0.936129 0.138228 0.380625 0.780624 0.582413 0.733803 0.800401 0.708301 0.098967 0.168429 0.058158 0.936786 0.678141 0.650781 0.760581 0.753681 0.477461 0.494473 0.178473 0.613472 0.113491 0.517415 0.147704 0.796655 0.890966 0.056144 0.368700 0.256344 0.214344 0.454386 0.712714 0.068200 0.749384 0.238375 0.233763 0.361150 0.646390 0.677361 0.898930 0.411057 0.477020 0.938699 0.581276 0.396932 0.215314 0.860614 0.237807 0.341350 0.561078 0.118997 0.358414 0.526809 0.972323 0.960505 0.936901 0.498603 0.396509 0.927071 0.530387 0.269829 0.513999 0.683884 0.224792 0.535102 0.486483 0.174632 0.778464 0.814101 0.774509 0.057652 0.188239 0.546279 0.479445 0.671594 0.388829 0.310248 0.880148 0.578484 0.924777 0.082140 0.145751 0.860683 0.303664 0.042706 0.101303 0.349353 0.805664 0.438349 0.531030 0.348792 0.023175 0.821789 0.679002 0.995078 0.077151 0.571346 0.362726 0.793210 0.506242 0.691962 0.447815 0.382323 0.053963 0.018845 0.089271 0.038828 0.109261 0.148507 0.257776 0.847802 0.369160 0.124443 0.618185 0.788937 0.328170 0.164746 0.405284 0.792120 0.882609 0.141303 0.650948 0.877030 0.374050 0.259112 0.617211 0.351732 0.481837 0.307626 0.331695 0.498554 0.303960 0.699006 0.308801 0.382363 0.133203 0.172738 0.125090 0.444246 0.880854 0.424841 0.880471 0.927043 0.682602 0.572823 0.348731 0.521825 0.817374 0.448884 0.944553 0.379251
0.520370 0.873411 0.422850 0.102688 0.191869 0.873296 0.169572 0.206991 0.585760 0.034795 0.622428 0.482057 0.720577 0.131763 0.645086 0.496643 0.858719 0.060104 0.370292 0.438732 0.179703 0.535730 0.660341 0.530214 0.221180 0.344816 0.597705 0.370809 0.230427 0.856120 0.884203 0.337644 0.763651 0.033290 0.373628 0.699031 0.992990 0.641890 0.301072 0.745529 0.095253 0.141129 0.112353 0.716085 0.791357 0.492863 0.206790 0.023480 0.575627 0.462185 0.012072 0.444807 0.464703 0.228343 0.312873 0.474264 0.418648 0.728584 0.318352 0.835924 0.373654 0.068311 0.248106 0.997921 0.988741 0.004043 0.440293 0.369462 0.774896 0.206716 0.426748 0.081714 0.150240 0.104870 0.351997 0.390402 0.525556 0.057695 0.303533 0.462810 0.686902 0.834165 0.447529 0.819552 0.729888 0.816544 0.070778 0.345731 0.611211 0.481982 0.989939 0.449449 0.370161 0.145059 0.837150 0.911716 0.018494 0.081051 0.640823 0.617435 0.223900 0.892605 0.485762 0.421034 0.953598 0.538476 0.042906 0.346125 0.093164 0.030636 0.865515 0.095735 0.863525 0.252521 0.170787 0.105675 0.969480 0.947119 0.868283 0.049645 0.905321 0.643425 0.470963 0.585908 0.136824 0.647927 0.278815 0.868446 0.610752 0.258636 0.417007 0.946346 0.689725 0.675690 0.546775 0.551503 0.664202 0.059199 0.424562 0.756480 0.475843 0.528218 0.616296 0.159685 0.210572 0.578700 0.153821 0.167779 0.265740 0.131914 0.434458 0.603271 0.491033 0.116326 0.458348 0.524720 0.251326 0.365797 0.463298 0.951270 0.906483 0.630562 0.281314 0.335694 0.881262 0.627557 0.336509 0.228061 0.469954 0.990638 0.227234 0.899089 0.823460 0.497319 0.069411 0.441764 0.040042 0.131732 0.942733 0.877326 0.809813 0.294633 0.265057 0.151845 0.674537 0.720152 0.622504 0.743461 0.302917 0.895883 0.445230 0.346160 0.094738 0.122099 0.924925 0.289538 0.017851 0.619148 0.455433 0.438575
0.358427 0.549184 0.816360 0.545649 0.365071 0.852862 0.887799 0.675211 0.531704 0.983275 0.366856 0.229155 0.728759 0.997539 0.707939 0.637130 0.822741 0.917824 0.666747 0.583835 0.455013 0.842695 0.028942 0.011596 0.697927 0.810924 0.267459 0.610639 0.608626 0.952691 0.032547 0.791917 0.839454 0.363634 0.182015 0.132061 0.517697 0.686070 0.730138 0.322784 0.196873 0.628882 0.516790 0.595480 0.668653 0.029487 0.610133 0.513082 0.531862 0.279354 0.468500 0.209159 0.225481 0.321762 0.757215 0.014314 0.119685 0.321956 0.766589 0.004789 0.141505 0.256289 0.418553 0.556463 0.657439 0.963129 0.974130 0.478160 0.712942 0.153717 0.083533 0.569997 0.249494 0.386177 0.278059 0.769931 0.195162 0.656874 0.392673 0.509004 0.694819 0.868573 0.148195 0.306765 0.597011 0.040002 0.341716 0.504318 0.423226 0.003065 0.936502 0.357786 0.923988 0.796493 0.508304 0.941792 0.320377 0.341664 0.208576 0.194486 0.611003 0.048573 0.624698 0.977186 0.724126 0.814106 0.830150 0.662576 0.199251 0.120399 0.283145 0.737874 0.967418 0.848512 0.282325 0.238512 0.144719 0.658915 0.617883 0.335739 0.214519 0.582741 0.934586 0.235030 0.728077 0.221354 0.883934 0.566011 0.460104 0.653679 0.528143 0.099248 0.583734 0.893442 0.054594 0.338195 0.847159 0.271163 0.708228 0.462723 0.889893 0.328395 0.370916 0.801291 0.868300 0.475096 0.826030 0.370219 0.322993 0.205965 0.162506 0.038713 0.105646 0.787607 0.662409 0.434710 0.942222 0.138453 0.579718 0.086454 0.662080 0.946655 0.564289 0.632301 0.892909 0.315192 0.716650 0.482662 0.434814 0.721578 0.280791 0.816885 0.505460 0.977755 0.299830 0.342377 0.249438 0.111092 0.469386 0.798626 0.853982 0.700796 0.995204 0.818541 0.129745 0.569734 0.715271 0.387514 0.651193 0.594926 0.672207 0.934673 0.791804 0.720879 0.247464 0.289457 0.285042 0.573969 0.697857 0.899609
0.629057 0.428145 0.969522 0.710436 0.541576 0.228236 0.637198 0.827039 0.181006 0.380219 0.699892 0.707472 0.009938 0.062976 0.780805 0.625078 0.923724 0.461779 0.402687 0.565405 0.429139 0.404414 0.222945 0.670205 0.356673 0.311463 0.265073 0.751746 0.084604 0.951212 0.031322 0.463343 0.172288 0.807775 0.620701 0.935990 0.131550 0.301396 0.130065 0.551241 0.921631 0.904520 0.927924 0.069973 0.321068 0.737379 0.847641 0.724902 0.416360 0.469462 0.685010 0.576740 0.277479 0.567825 0.760382 0.346217 0.085458 0.794068 0.469230 0.054352 0.625074 0.996037 0.652074 0.117283 0.330704 0.333495 0.995053 0.847136 0.293539 0.515159 0.973020 0.842430 0.483315 0.169969 0.522196 0.961028 0.555169 0.153847 0.189352 0.507422 0.351352 0.157430 0.654208 0.276294 0.532250 0.886331 0.082586 0.470771 0.323714 0.812279 0.715814 0.742651 0.432030 0.810274 0.402274 0.487819 0.303318 0.318809 0.299296 0.465901 0.115235 0.434722 0.882051 0.461178 0.175008 0.647941 0.950517 0.845970 0.415405 0.810898 0.915967 0.415730 0.685766 0.561515 0.627138 0.852820 0.884738 0.062866 0.823951 0.566480 0.013069 0.453745 0.859899 0.123476 0.318801 0.874514 0.916540 0.969571 0.547301 0.471190 0.776580 0.625828 0.615642 0.132417 0.901135 0.176496 0.570865 0.571268 0.493614 0.182099 0.330662 0.898717 0.152711 0.448141 0.094863 0.186395 0.405858 0.271346 0.238586 0.374361 0.868809 0.901462 0.247612 0.579909 0.060027 0.241198 0.554393 0.901807 0.894820 0.438638 0.364171 0.218435 0.997727 0.509481 0.760264 0.344903 0.873836 0.080902 0.745330 0.764649 0.512459 0.974746 0.826915 0.083209 0.055497 0.446419 0.833775 0.026878 0.754334 0.650170 0.826342 0.807976 0.239454 0.506636 0.641056 0.575401 0.589875 0.233670 0.168776 0.044695 0.625906 0.711109 0.350856 0.399998 0.133330 0.975665 0.844692 0.291299 0.791221 0.824122
0.147818 0.950084 0.214733 0.597122 0.917114 0.118676 0.858533 0.734492 0.487548 0.417250 0.887102 0.397043 0.583128 0.559549 0.729291 0.461500 0.042722 0.593304 0.515044 0.260450 0.224581 0.151661 0.596351 0.739063 0.706676 0.630368 0.194032 0.380770 0.485790 0.980145 0.242599 0.561577 0.458984 0.824024 0.295287 0.505676 0.509783 0.714646 0.714988 0.546313 0.931655 0.264174 0.564242 0.521463 0.884608 0.518733 0.173859 0.746651 0.962432 0.629454 0.707729 0.067091 0.807455 0.937609 0.209377 0.599523 0.596614 0.069315 0.878917 0.678223 0.013737 0.454972 0.208746 0.774157 0.545760 0.607370 0.332841 0.300912 0.276250 0.330243 0.024060 0.901155 0.038518 0.647989 0.070277 0.664250 0.614238 0.197889 0.025236 0.364347 0.373982 0.123492 0.891923 0.114711 0.633589 0.391529 0.788382 0.188745 0.140867 0.153141 0.593230 0.698901 0.583642 0.771394 0.323929 0.648681 0.040004 0.198424 0.848287 0.494613 0.498074 0.537559 0.673084 0.781779 0.389354 0.695829 0.137742 0.073510 0.873245 0.153231 0.199041 0.721844 0.310210 0.916655 0.857701 0.615424 0.911284 0.137603 0.977266 0.952224 0.982438 0.550747 0.911709 0.463428 0.253522 0.645876 0.073611 0.148484 0.171605 0.551554 0.539331 0.228732 0.227252 0.327530 0.792866 0.845202 0.121891 0.778087 0.373641 0.766630 0.297075 0.731403 0.467346 0.048646 0.063139 0.852080 0.295886 0.595126 0.664264 0.996705 0.988054 0.079474 0.475757 0.030915 0.614340 0.841263 0.595313 0.932417 0.470408 0.178918 0.191154 0.944958 0.848843 0.549940 0.816399 0.459212 0.381230 0.598342 0.566240 0.380386 0.003058 0.480572 0.302956 0.163134 0.259716 0.269316 0.816974 0.864604 0.765299 0.496812 0.625326 0.599703 0.014963 0.425722 0.893585 0.544517 0.691973 0.804228 0.315310 0.590695 0.553399 0.178462 0.825893 0.685143 0.599445 0.092046 0.533323 0.383638 0.258939 0.792521
0.448562 0.250301 0.150377 0.662658 0.600843 0.913193 0.719625 0.293129 0.722190 0.422464 0.286039 0.347694 0.827039 0.394368 0.360664 0.773551 0.476343 0.961487 0.765363 0.473462 0.389832 0.325004 0.924712 0.911410 0.771704 0.057777 0.109111 0.591278 0.710215 0.389884 0.800315 0.917508 0.055988 0.574467 0.049170 0.188088 0.983589 0.684915 0.785225 0.709043 0.081355 0.347310 0.323778 0.753609 0.117937 0.585706 0.284630 0.762152 0.657273 0.030126 0.933535 0.965416 0.127057 0.416972 0.291617 0.327304 0.081389 0.643358 0.657163 0.986865 0.219071 0.464794 0.769356 0.862056 0.311389 0.743907 0.123483 0.296241 0.971063 0.575184 0.989003 0.696764 0.547783 0.268664 0.230934 0.142976 0.723514 0.692420 0.429575 0.662418 0.315085 0.536145 0.030438 0.269512 0.720944 0.031793 0.740907 0.809091 0.606297 0.789859 0.653767 0.066201 0.619692 0.312082 0.069817 0.148158 0.903583 0.622010 0.927357 0.237057 0.423511 0.710583 0.130358 0.022442 0.424684 0.577340 0.204095 0.145243 0.115654 0.274297 0.583642 0.666334 0.093848 0.898769 0.888981 0.818763 0.946773 0.239385 0.183634 0.143104 0.534810 0.382680 0.368679 0.819091 0.194381 0.458949 0.014406 0.580206 0.897116 0.772724 0.483229 0.000335 0.223947 0.591544 0.157663 0.562493 0.649690 0.465714 0.313205 0.564672 0.857881 0.782141 0.687795 0.895188 0.220445 0.130371 0.899347 0.472518 0.069206 0.207601 0.813047 0.097898 0.506376 0.553301 0.943553 0.313952 0.423998 0.323311 0.378807 0.333304 0.212240 0.076513 0.667625 0.640527 0.551824 0.279059 0.133418 0.571724 0.612823 0.828681 0.944424 0.931997 0.744590 0.701026 0.303098 0.288642 0.599727 0.474302 0.533456 0.537362 0.856598 0.165571 0.919533 0.257958 0.439707 0.412139 0.734209 0.387171 0.922162 0.359271 0.302513 0.408155 0.869263 0.958288 0.012040 0.061110 0.167678 0.646006 0.640498 0.875582
0.175419 0.394701 0.671054 0.571428 0.023880 0.302486 0.332461 0.303517 0.146764 0.706258 0.779620 0.407321 0.787119 0.586419 0.996380 0.226097 0.964553 0.069512 0.924392 0.016714 0.967761 0.531307 0.385783 0.463066 0.280307 0.911778 0.529380 0.642409 0.263853 0.091825 0.669167 0.490268 0.582522 0.141520 0.412876 0.318722 0.224722 0.647085 0.394610 0.971563 0.831568 0.214643 0.542803 0.809580 0.037721 0.728263 0.505750 0.918215 0.453010 0.630010 0.130876 0.850941 0.914309 0.651660 0.516745 0.094152 0.454231 0.020902 0.070937 0.038763 0.097328 0.102715 0.776462 0.337423 0.300458 0.219620 0.854956 0.155696 0.502477 0.795196 0.180767 0.655064 0.091547 0.131643 0.363349 0.054822 0.875771 0.768688 0.327817 0.260928 0.147189 0.733666 0.528995 0.629523 0.137849 0.154716 0.611403 0.041774 0.435640 0.158014 0.590805 0.532490 0.610191 0.475730 0.639826 0.767574 0.229765 0.598761 0.030966 0.354760 0.378202 0.637195 0.147740 0.804602 0.950038 0.004691 0.275034 0.560484 0.092885 0.123803 0.518155 0.915230 0.809122 0.471966 0.317039 0.314427 0.212598 0.042461 0.812523 0.017491 0.361356 0.380672 0.945298 0.343542 0.414552 0.462435 0.508318 0.633825 0.279268 0.026472 0.495157 0.106540 0.716988 0.806950 0.891980 0.743800 0.343023 0.743211 0.601423 0.904866 0.901620 0.422436 0.345435 0.048574 0.444572 0.316755 0.333224 0.541721 0.961841 0.897053 0.580563 0.793910 0.964455 0.409309 0.776343 0.292831 0.402855 0.282319 0.369000 0.277463 0.413486 0.804776 0.561761 0.623547 0.306630 0.183219 0.552881 0.929011 0.767954 0.282130 0.467435 0.783151 0.175748 0.281371 0.757622 0.437264 0.144171 0.120004 0.181943 0.679981 0.579627 0.226798 0.077786 0.695740 0.298906 0.467900 0.596340 0.387946 0.606951 0.305770 0.392526 0.437719 0.509092 0.125004 0.694359 0.725190 0.700744 0.122485 0.310284 0.400574
0.353108 0.751594 0.414837 0.890949 0.001799 0.342560 0.918388 0.985223 0.454492 0.575942 0.669538 0.318883 0.335917 0.607024 0.331739 0.667820 0.950086 0.980076 0.133588 0.842552 0.451955 0.825580 0.136994 0.640283 0.551965 0.356849 0.146639 0.986638 0.250620 0.388034 0.178913 0.969484 0.811030 0.239020 0.791188 0.235858 0.775088 0.404487 0.619074 0.756687 0.453046 0.669238 0.013019 0.451113 0.565787 0.767546 0.397949 0.720098 0.000089 0.782876 0.745226 0.134217 0.402581 0.925034 0.507170 0.510679 0.083573 0.628860 0.516410 0.229829 0.387389 0.960786 0.085889 0.076178 0.608686 0.623372 0.433355 0.968732 0.522890 0.526221 0.691062 0.119609 0.549233 0.097969 0.058413 0.864483 0.808659 0.846349 0.515733 0.357249 0.274771 0.145405 0.160264 0.982332 0.084541 0.234580 0.586201 0.062062 0.737866 0.312698 0.168283 0.936598 0.956198 0.714067 0.621453 0.485802 0.635225 0.553385 0.980455 0.953171 0.706566 0.472756 0.849813 0.311560 0.788439 0.671512 0.920875 0.833896 0.723809 0.406670 0.435222 0.269042 0.522179 0.879315 0.151304 0.399879 0.866577 0.035334 0.914221 0.150088 0.034142 0.480431 0.925686 0.358021 0.762961 0.640008 0.727354 0.362197 0.188170 0.159662 0.562608 0.818833 0.399107 0.773773 0.668165 0.859197 0.623643 0.681063 0.751337 0.736605 0.307327 0.427886 0.479953 0.564232 0.088957 0.800326 0.727316 0.045569 0.841009 0.053909 0.036874 0.943072 0.369584 0.089876 0.207518 0.995588 0.773017 0.334924 0.245196 0.934419 0.810378 0.444608 0.115873 0.352071 0.778939 0.358975 0.197788 0.792693 0.659206 0.927739 0.205408 0.085844 0.935814 0.862381 0.255334 0.943970 0.813108 0.558595 0.158661 0.301064 0.982344 0.338516 0.879271 0.739802 0.752599 0.332153 0.280380 0.476555 0.374783 0.408549 0.226285 0.976433 0.442384 0.662305 0.742856 0.454411 0.727639 0.129069 0.121827 0.351396
0.393843 0.702495 0.215759 0.654600 0.157602 0.020237 0.552794 0.685299 0.837197 0.183683 0.389593 0.777804 0.638761 0.652130 0.858847 0.760025 0.841441 0.855597 0.740562 0.825506 0.797496 0.856374 0.930197 0.096756 0.547179 0.394087 0.697075 0.781456 0.734047 0.968100 0.332000 0.548173 0.660904 0.358690 0.878965 0.280090 0.113527 0.480502 0.054960 0.393682 0.772604 0.565522 0.534836 0.495553 0.582292 0.730950 0.571432 0.858985 0.254236 0.879785 0.507909 0.120455 0.856946 0.473432 0.893984 0.019262 0.343024 0.744345 0.749576 0.066823 0.337182 0.938349 0.084474 0.800710 0.341330 0.056501 0.424443 0.203011 0.061954 0.093860 0.720737 0.763403 0.660225 0.969133 0.714118 0.969805 0.003167 0.185746 0.796584 0.670888 0.477535 0.475933 0.064120 0.213211 0.923101 0.223185 0.803128 0.374343 0.307526 0.296951 0.783029 0.709775 0.510458 0.897372 0.528539 0.920081 0.008062 0.348254 0.055274 0.912614 0.004766 0.230652 0.554188 0.878834 0.240801 0.007894 0.590377 0.278942 0.053369 0.899417 0.755031 0.936294 0.303741 0.099433 0.689335 0.372619 0.043334 0.415820 0.053683 0.994372 0.672738 0.207812 0.363316 0.191051 0.770040 0.041716 0.125565 0.179346 0.899193 0.596481 0.190979 0.983724 0.032781 0.789030 0.594629 0.077601 0.556336 0.660095 0.053398 0.102292 0.973095 0.006383 0.382457 0.817481 0.760286 0.805700 0.886352 0.036814 0.949677 0.063052 0.461702 0.423330 0.863976 0.520489 0.505412 0.251289 0.393662 0.168196 0.938415 0.785778 0.166283 0.886506 0.457053 0.836725 0.089409 0.631484 0.341729 0.909004 0.274645 0.520369 0.362658 0.982236 0.188669 0.170397 0.122080 0.885337 0.277740 0.418521 0.871882 0.329954 0.463615 0.590342 0.706772 0.557773 0.609940 0.251044 0.400777 0.546385 0.330902 0.897155 0.200641 0.252968 0.578914 0.574085 0.473092 0.863529 0.144226 0.838789 0.535283 0.334193
0.648474 0.515615 0.165393 0.932057 0.979441 0.529707 0.624494 0.093982 0.556312 0.657481 0.005001 0.730617 0.435356 0.289010 0.373641 0.088068 0.371326 0.996653 0.249462 0.331889 0.612297 0.996516 0.778881 0.329188 0.238020 0.224801 0.911490 0.505176 0.437027 0.847236 0.531248 0.275736 0.835889 0.321667 0.635788 0.772273 0.425312 0.973965 0.064467 0.768870 0.442824 0.911137 0.856683 0.570122 0.301429 0.451057 0.216914 0.622790 0.170989 0.887618 0.492162 0.278071 0.798782 0.841486 0.189514 0.146945 0.476066 0.365119 0.695899 0.550443 0.952496 0.264022 0.056628 0.528932 0.355443 0.012742 0.502194 0.227468 0.004859 0.689262 0.572535 0.395057 0.724832 0.037137 0.982994 0.230436 0.515340 0.229346 0.680099 0.465079 0.187449 0.343993 0.342515 0.141017 0.764984 0.593784 0.583968 0.648751 0.052990 0.537387 0.597263 0.098437 0.853955 0.791902 0.663471 0.532114 0.005489 0.454465 0.371481 0.174102 0.311894 0.359569 0.748277 0.752364 0.463527 0.993309 0.577978 0.427959 0.235518 0.025045 0.917612 0.459438 0.371465 0.621858 0.309543 0.150513 0.399913 0.951557 0.140890 0.796535 0.801490 0.976548 0.838364 0.355353 0.347071 0.903035 0.965210 0.541928 0.018816 0.290779 0.677955 0.680239 0.794771 0.054611 0.059121 0.489310 0.359459 0.630389 0.300156 0.444485 0.030954 0.530264 0.372150 0.762240 0.689750 0.273691 0.955454 0.019920 0.149012 0.780688 0.579999 0.339899 0.285863 0.078063 0.780736 0.112222 0.698741 0.939251 0.109995 0.651176 0.150161 0.137895 0.478926 0.824816 0.201657 0.779122 0.922530 0.849346 0.876550 0.381088 0.946921 0.845330 0.831731 0.590868 0.147862 0.258956 0.968561 0.232618 0.985314 0.381013 0.536376 0.751005 0.777155 0.955001 0.264086 0.433329 0.227147 0.376535 0.671808 0.129061 0.447968 0.659979 0.649141 0.203617 0.160489 0.267022 0.735436 0.329255 0.144913 0.245794
0.691032 0.319373 0.082819 0.358012 0.737275 0.314014 0.906612 0.984301 0.240247 0.346982 0.919241 0.021909 0.621364 0.788494 0.185250 0.903745 0.591124 0.333117 0.528181 0.705175 0.428262 0.631024 0.633560 0.287516 0.382579 0.928593 0.371245 0.915868 0.497733 0.004282 0.367249 0.247645 0.734055 0.688273 0.266479 0.987852 0.254081 0.335961 0.455079 0.506660 0.382741 0.390756 0.707205 0.552216 0.386140 0.448230 0.395570 0.447444 0.440092 0.765613 0.064387 0.649783 0.478356 0.018323 0.243118 0.212727 0.282185 0.693353 0.155317 0.285300 0.158589 0.151581 0.718872 0.353977 0.038123 0.964955 0.086451 0.355520 0.274225 0.356882 0.504904 0.288674 0.671901 0.261226 0.677161 0.677546 0.612736 0.978371 0.667918 0.115622 0.937215 0.404871 0.570901 0.976237 0.508286 0.998323 0.258262 0.551890 0.739762 0.173080 0.157927 0.721046 0.316572 0.128868 0.159057 0.777197 0.050844 0.271330 0.053121 0.098342 0.656272 0.593840 0.225054 0.633473 0.133716 0.899290 0.425028 0.299671 0.700394 0.139401 0.017534 0.186975 0.997210 0.312266 0.556570 0.422012 0.944639 0.537172 0.952566 0.722730 0.442891 0.516566 0.382249 0.883558 0.533106 0.836927 0.144618 0.297677 0.814478 0.718293 0.856112 0.034741 0.326766 0.551200 0.669135 0.473684 0.006232 0.542300 0.943910 0.579298 0.013421 0.739439 0.006726 0.522032 0.005931 0.868050 0.193842 0.966265 0.572531 0.749309 0.131536 0.384236 0.965735 0.681348 0.123534 0.293766 0.060386 0.582200 0.728571 0.982785 0.355544 0.119785 0.975876 0.163610 0.503267 0.303728 0.135964 0.672251 0.333856 0.697460 0.308419 0.055196 0.685076 0.238314 0.604958 0.212100 0.931243 0.501707 0.241880 0.990371 0.176374 0.671292 0.809608 0.341807 0.323473 0.601778 0.903301 0.071210 0.791271 0.377855 0.774567 0.593488 0.547280 0.226332 0.972842 0.491351 0.269251 0.272472 0.815483 0.298203
0.438976 0.124369 0.816413 0.239233 0.359930 0.113855 0.551454 0.214757 0.814482 0.345921 0.274913 0.902179 0.092878 0.385939 0.618221 0.672383 0.809320 0.049461 0.230679 0.262112 0.064270 0.457734 0.485474 0.034040 0.640023 0.551028 0.421256 0.136700 0.617105 0.139040 0.469090 0.837093 0.061192 0.631664 0.348075 0.586496 0.917218 0.433858 0.510145 0.711019 0.187000 0.815471 0.427328 0.909768 0.000540 0.042446 0.289510 0.380316 0.537699 0.121001 0.638789 0.584143 0.010690 0.403218 0.947916 0.454139 0.381229 0.368118 0.361921 0.857518 0.343437 0.747798 0.526087 0.650113 0.072461 0.416886 0.033203 0.582485 0.364501 0.186998 0.362163 0.799921 0.872555 0.009919 0.009868 0.856778 0.305441 0.064014 0.239877 0.010969 0.033662 0.088684 0.401196 0.946789 0.057965 0.693900 0.774395 0.671290 0.998823 0.462944 0.724294 0.357924 0.869611 0.361509 0.150165 0.515155 0.253224 0.393545 0.928009 0.446098 0.557099 0.628438 0.907427 0.245329 0.193354 0.713015 0.321741 0.409958 0.094750 0.856836 0.176372 0.704885 0.016286 0.662150 0.058944 0.785836 0.399463 0.207930 0.036279 0.157972 0.788228 0.853849 0.071858 0.566773 0.306137 0.254602 0.179973 0.679046 0.056236 0.719207 0.763763 0.333440 0.693943 0.050512 0.697244 0.190972 0.519648 0.792436 0.734236 0.428881 0.039298 0.924162 0.661431 0.099487 0.584626 0.002231 0.548681 0.966838 0.810697 0.978466 0.672260 0.122659 0.680984 0.533399 0.307760 0.116152 0.440525 0.462402 0.639474 0.074862 0.048485 0.307745 0.320643 0.769095 0.506362 0.443705 0.728853 0.556410 0.174510 0.446452 0.066031 0.515500 0.189536 0.954798 0.808021 0.495830 0.879022 0.652867 0.598306 0.039311 0.929099 0.300931 0.849878 0.226698 0.012072 0.613617 0.145104 0.207462 0.085186 0.950252 0.191954 0.010124 0.431827 0.234766 0.581817 0.950319 0.452972 0.517712 0.537097 0.278118
0.997869 0.787372 0.449434 0.612147 0.705681 0.225483 0.044950 0.947145 0.548161 0.522017 0.445497 0.381570 0.599592 0.397622 0.494655 0.347447 0.794141 0.159779 0.645730 0.239472 0.283975 0.924849 0.173078 0.942158 0.734747 0.756728 0.133715 0.464682 0.115505 0.006359 0.246526 0.330852 0.151096 0.515499 0.876171 0.119245 0.952630 0.247385 0.261007 0.570013 0.091286 0.997380 0.464760 0.347862 0.384831 0.707838 0.529584 0.487727 0.802903 0.286951 0.346570 0.326706 0.966879 0.664550 0.183785 0.140371 0.144979 0.127854 0.081595 0.775951 0.073931 0.182564 0.511275 0.320363 0.957503 0.997285 0.449313 0.699364 0.962761 0.305550 0.353138 0.838179 0.953015 0.151209 0.811213 0.442212 0.556141 0.098331 0.044134 0.862724 0.161172 0.050049 0.460992 0.373365 0.214070 0.621738 0.522314 0.089563 0.789164 0.668868 0.057365 0.358735 0.602168 0.823741 0.262414 0.289010 0.920388 0.116920 0.235696 0.245069 0.482048 0.066865 0.205341 0.892977 0.190575 0.037210 0.859529 0.902983 0.156088 0.645825 0.209767 0.483726 0.981360 0.385653 0.496484 0.902843 0.586013 0.076187 0.213665 0.832640 0.248821 0.426978 0.706998 0.740359 0.996812 0.938292 0.655073 0.330053 0.905042 0.205930 0.589580 0.628038 0.283501 0.690608 0.740344 0.843672 0.298607 0.154766 0.883908 0.338637 0.096555 0.680302 0.813953 0.967313 0.421697 0.704081 0.761791 0.779712 0.252391 0.453527 0.557342 0.123860 0.863179 0.852604 0.461415 0.757106 0.531679 0.421665 0.480234 0.232759 0.999458 0.105193 0.883137 0.496943 0.512863 0.162917 0.196101 0.011402 0.647008 0.633750 0.752538 0.984077 0.041999 0.972634 0.034966 0.993792 0.812265 0.987755 0.385185 0.795095 0.426575 0.598264 0.732114 0.177737 0.228836 0.060475 0.424213 0.761353 0.458384 0.997497 0.774095 0.610043 0.927517 0.121264 0.039473 0.226260 0.737295 0.520799 0.796596 0.307726
0.404117 0.638612 0.388279 0.408113 0.520576 0.383188 0.412174 0.165963 0.126601 0.646326 0.989034 0.313672 0.523239 0.197622 0.202261 0.343782 0.079544 0.667179 0.951088 0.996944 0.178957 0.974932 0.889408 0.200207 0.216330 0.143309 0.184155 0.767373 0.778526 0.213157 0.765049 0.489304 0.446025 0.584589 0.977167 0.081292 0.316516 0.838659 0.491798 0.139667 0.431890 0.924988 0.500274 0.322952 0.473133 0.716624 0.153754 0.242327 0.149987 0.295498 0.957159 0.871609 0.019836 0.937828 0.007948 0.206882 0.862350 0.247820 0.069004 0.521623 0.079474 0.432716 0.884757 0.808393 0.265608 0.398546 0.804667 0.130891 0.456520 0.383886 0.245068 0.649805 0.363307 0.397829 0.374186 0.969027 0.315483 0.522722 0.245718 0.048128 0.516008 0.630990 0.161892 0.723921 0.273678 0.540058 0.488106 0.949350 0.062177 0.054480 0.222944 0.051956 0.056723 0.936520 0.750572 0.754540 0.205134 0.517652 0.978806 0.424872 0.283680 0.253448 0.170118 0.757201 0.668781 0.554894 0.167552 0.327589 0.881360 0.809902 0.676025 0.762477 0.658574 0.012704 0.410181 0.293688 0.227581 0.740073 0.885752 0.286752 0.010847 0.815936 0.866495 0.109463 0.663172 0.017877 0.232938 0.146717 0.751669 0.219708 0.393361 0.208315 0.073778 0.209730 0.372787 0.419363 0.836830 0.393964 0.617880 0.893952 0.930784 0.385159 0.536310 0.758201 0.219220 0.204613 0.662786 0.139398 0.979194 0.278047 0.673910 0.422372 0.557991 0.752905 0.578995 0.057313 0.432274 0.636672 0.709470 0.117433 0.520073 0.523135 0.027728 0.430042 0.513839 0.555564 0.756331 0.787030 0.677887 0.321334 0.649754 0.669691 0.613572 0.901218 0.221044 0.236721 0.007468 0.304888 0.432958 0.595499 0.347839 0.272960 0.443905 0.744918 0.753542 0.659881 0.084837 0.684978 0.024811 0.117651 0.985869 0.580080 0.271939 0.931686 0.776863 0.180823 0.482743 0.040914 0.655769 0.808547
0.602488 0.054826 0.754122 0.488934 0.611858 0.948999 0.704586 0.555048 0.376353 0.193399 0.055722 0.420800 0.283750 0.969715 0.158132 0.417099 0.103652 0.849355 0.199318 0.771567 0.442159 0.724515 0.377818 0.820618 0.924551 0.045514 0.648521 0.372588 0.561264 0.541954 0.905566 0.709206 0.465612 0.048012 0.169575 0.024018 0.657528 0.440164 0.663658 0.943157 0.536647 0.109472 0.535798 0.721827 0.493466 0.119416 0.340557 0.450514 0.188104 0.546343 0.606151 0.099595 0.906292 0.699733 0.732664 0.965042 0.444402 0.924963 0.630205 0.373597 0.243780 0.021907 0.710917 0.837842 0.874725 0.640362 0.153669 0.540492 0.446181 0.081425 0.968795 0.110605 0.363341 0.804558 0.912674 0.763357 0.000660 0.792056 0.537903 0.358234 0.493782 0.046156 0.728193 0.517850 0.045480 0.561456 0.797020 0.661262 0.436923 0.163158 0.565997 0.851584 0.742215 0.973068 0.314464 0.115251 0.006012 0.327853 0.260083 0.434719 0.839827 0.614181 0.676224 0.473960 0.801956 0.360255 0.407295 0.387200 0.065329 0.643616 0.083407 0.995694 0.790452 0.290639 0.825885 0.188369 0.503550 0.596827 0.523823 0.272749 0.442768 0.790765 0.734486 0.876069 0.953972 0.197191 0.734794 0.364926 0.287742 0.840256 0.084185 0.412555 0.877314 0.318857 0.639369 0.551067 0.521260 0.388841 0.215133 0.705965 0.557145 0.899357 0.477316 0.262055 0.143603 0.205167 0.877708 0.171707 0.884774 0.583481 0.421223 0.181719 0.792431 0.943796 0.253927 0.537343 0.395021 0.173194 0.544764 0.100533 0.245132 0.562366 0.276147 0.793578 0.021643 0.612248 0.498288 0.393374 0.882163 0.640584 0.781683 0.592935 0.205360 0.073418 0.766118 0.012873 0.588529 0.646904 0.115891 0.433171 0.877039 0.497499 0.527178 0.873705 0.482495 0.505291 0.537081 0.208620 0.924007 0.619618 0.576221 0.932748 0.698575 0.781325 0.902389 0.150457 0.846435 0.193626 0.302291 0.209375
0.706294 0.720529 0.269199 0.299369 0.211706 0.486137 0.747616 0.440319 0.367097 0.903319 0.062871 0.792931 0.137935 0.404372 0.520114 0.095183 0.876801 0.766596 0.807330 0.034930 0.202492 0.952214 0.478185 0.996593 0.953807 0.825557 0.957117 0.607527 0.875190 0.305023 0.384511 0.340168 0.337220 0.835006 0.008640 0.508109 0.025756 0.935799 0.270204 0.692678 0.931344 0.697148 0.979800 0.811245 0.726958 0.187074 0.023862 0.916884 0.967464 0.897973 0.814018 0.209959 0.336402 0.314927 0.057244 0.371988 0.097027 0.480242 0.052624 0.529439 0.279990 0.545616 0.298337 0.591902 0.800846 0.068580 0.108482 0.385388 0.797684 0.193772 0.289896 0.273179 0.227415 0.250662 0.470454 0.089344 0.783698 0.475055 0.806742 0.413963 0.022709 0.164087 0.509973 0.981810 0.680578 0.485445 0.530174 0.670694 0.938691 0.717369 0.866049 0.074441 0.793265 0.736018 0.535965 0.944426 0.656542 0.658715 0.585366 0.612812 0.871574 0.297443 0.049170 0.402101 0.736855 0.233921 0.174257 0.628998 0.951389 0.935188 0.607486 0.255709 0.605701 0.503302 0.505137 0.110826 0.799060 0.357196 0.807214 0.684482 0.457038 0.029248 0.539318 0.618719 0.345061 0.877059 0.918408 0.455241 0.058532 0.368545 0.142854 0.819361 0.376786 0.253116 0.794813 0.133411 0.025707 0.872039 0.061982 0.909109 0.795018 0.892354 0.481984 0.373064 0.492013 0.734199 0.284108 0.361102 0.717005 0.390645 0.665285 0.442968 0.731300 0.384433 0.541336 0.148907 0.584715 0.287193 0.427671 0.346340 0.663651 0.217712 0.104771 0.730052 0.952899 0.354719 0.990585 0.357230 0.599376 0.265143 0.399174 0.694560 0.558337 0.676003 0.977349 0.987724 0.089262 0.608961 0.045487 0.667767 0.615591 0.543190 0.009910 0.393442 0.953712 0.286784 0.920602 0.814400 0.664754 0.596520 0.980002 0.026220 0.641553 0.860869 0.028338 0.781100 0.764261 0.090992 0.004340 0.601198
0.028088 0.563904 0.180499 0.670044 0.110550 0.557924 0.910433 0.275246 0.371385 0.413057 0.670907 0.729424 0.553155 0.737632 0.315545 0.643722 0.562345 0.951299 0.761316 0.423785 0.735106 0.212935 0.383310 0.223927 0.463069 0.842984 0.674590 0.814529 0.080896 0.615899 0.129430 0.016788 0.436161 0.009389 0.824198 0.282535 0.295233 0.337640 0.137906 0.733395 0.639470 0.119733 0.540613 0.211466 0.175121 0.679095 0.189790 0.891323 0.640434 0.412448 0.346420 0.870426 0.574886 0.073866 0.572869 0.830041 0.517322 0.908383 0.707803 0.145966 0.051567 0.067558 0.550257 0.547276 0.761062 0.369513 0.022925 0.026523 0.244547 0.045037 0.773460 0.014521 0.302752 0.853302 0.151966 0.762746 0.844910 0.937630 0.525460 0.191296 0.713893 0.774700 0.288927 0.908691 0.362312 0.447187 0.129590 0.127496 0.420750 0.000193 0.959362 0.048723 0.556311 0.052086 0.371176 0.974891 0.200871 0.838424 0.095894 0.641641 0.269700 0.665490 0.895312 0.062081 0.331956 0.844158 0.087698 0.044954 0.359079 0.930732 0.540639 0.655501 0.306351 0.852017 0.382062 0.530855 0.841158 0.137338 0.563077 0.180392 0.333324 0.367217 0.270895 0.267207 0.106595 0.855723 0.234525 0.256653 0.904250 0.978266 0.854211 0.626189 0.334788 0.844431 0.682464 0.356544 0.174909 0.896166 0.107501 0.513414 0.703631 0.005386 0.989701 0.659848 0.326701 0.181733 0.844575 0.596739 0.292697 0.869673 0.750501 0.920331 0.162123 0.824620 0.445147 0.373877 0.241211 0.259116 0.952033 0.017919 0.720767 0.934970 0.140459 0.428628 0.266539 0.489078 0.262441 0.006416 0.378133 0.113182 0.929043 0.122679 0.659012 0.827407 0.477139 0.803982 0.495075 0.582577 0.101957 0.854600 0.687831 0.586789 0.828570 0.926531 0.735414 0.374379 0.971970 0.401208 0.141516 0.550703 0.600720 0.982903 0.272363 0.184263 0.540248 0.718276 0.151821 0.239069 0.845903 0.921934
0.692200 0.248184 0.692560 0.254241 0.572083 0.217375 0.600250 0.641660 0.254913 0.243574 0.401389 0.671171 0.150710 0.419778 0.636190 0.580882 0.691836 0.066390 0.450843 0.667787 0.227708 0.387485 0.136588 0.159076 0.585592 0.679891 0.110302 0.051776 0.978849 0.714129 0.075154 0.295302 0.741778 0.326178 0.487143 0.402843 0.360990 0.908960 0.420970 0.409166 0.335527 0.879652 0.674284 0.871770 0.153688 0.054807 0.330780 0.575858 0.116585 0.818733 0.118468 0.804488 0.419686 0.055765 0.030597 0.106911 0.719935 0.781028 0.190181 0.758031 0.184801 0.995422 0.439771 0.627576 0.629599 0.469648 0.366887 0.367116 0.559807 0.288112 0.950519 0.652812 0.834049 0.047973 0.560338 0.668809 0.973232 0.826221 0.855958 0.467241 0.064372 0.251429 0.705343 0.934725 0.001832 0.768789 0.614495 0.200419 0.728106 0.299896 0.760417 0.419791 0.674656 0.017809 0.233769 0.087450 0.499047 0.411850 0.597879 0.785295 0.480454 0.583695 0.564062 0.723557 0.023038 0.783809 0.664551 0.233871 0.287680 0.158665 0.817711 0.465899 0.110785 0.642593 0.536875 0.787634 0.475227 0.865856 0.710101 0.920517 0.598971 0.463372 0.557169 0.657127 0.786398 0.365601 0.007801 0.441578 0.334962 0.414861 0.246966 0.526133 0.526684 0.170915 0.246022 0.406182 0.823139 0.301841 0.510553 0.095318 0.168932 0.449269 0.375123 0.952257 0.546247 0.961419 0.651880 0.404050 0.231372 0.984633 0.009019 0.140909 0.440458 0.876231 0.403985 0.474902 0.527115 0.632849 0.626058 0.127760 0.079128 0.585783 0.452195 0.007085 0.637490 0.071835 0.491065 0.208443 0.797474 0.649285 0.835025 0.882594 0.366855 0.039785 0.653865 0.464331 0.685987 0.736229 0.810368 0.899541 0.926141 0.116406 0.745425 0.933880 0.642999 0.487529 0.677286 0.803340 0.513389 0.938143 0.575462 0.885274 0.729226 0.714580 0.499763 0.396870 0.432397 0.479771 0.120307 0.307609
0.959497 0.649200 0.942351 0.628266 0.200613 0.790434 0.011069 0.556409 0.896842 0.794929 0.598701 0.136293 0.941901 0.378582 0.735345 0.622042 0.041782 0.192059 0.602768 0.024394 0.827838 0.949478 0.563305 0.027928 0.287231 0.548399 0.577568 0.619542 0.360775 0.703115 0.778902 0.203383 0.447240 0.449960 0.162921 0.445276 0.321704 0.385863 0.975536 0.876195 0.374775 0.344264 0.599852 0.536478 0.030939 0.291597 0.022450 0.332725 0.993372 0.845695 0.538432 0.655591 0.470292 0.628862 0.133170 0.132860 0.650384 0.086374 0.209533 0.870275 0.879660 0.772691 0.260543 0.773657 0.144934 0.681902 0.476054 0.504754 0.183465 0.451777 0.756946 0.714500 0.077328 0.783942 0.087208 0.378545 0.146260 0.957202 0.608682 0.095507 0.305130 0.117802 0.960064 0.762472 0.323702 0.030466 0.762295 0.744702 0.422277 0.602119 0.170551 0.196289 0.487413 0.112522 0.811487 0.229460 0.504781 0.382053 0.907901 0.830656 0.991502 0.636783 0.155734 0.945254 0.503700 0.819659 0.348903 0.288523 0.563692 0.031223 0.599050 0.868647 0.586223 0.605699 0.671179 0.469899 0.045812 0.121434 0.716609 0.384177 0.888513 0.166838 0.727041 0.825023 0.483148 0.671536 0.549097 0.487060 0.199481 0.254726 0.274264 0.593871 0.239085 0.338290 0.192553 0.269435 0.477991 0.011516 0.226881 0.517132 0.212407 0.056121 0.355342 0.266188 0.628668 0.331089 0.862801 0.044403 0.572807 0.274579 0.105989 0.161927 0.332157 0.380866 0.038391 0.793070 0.845508 0.297333 0.081677 0.795115 0.442270 0.768653 0.713416 0.900236 0.058417 0.450382 0.063408 0.865953 0.456384 0.831737 0.297779 0.435091 0.959477 0.549325 0.103123 0.696226 0.910292 0.829328 0.370380 0.011844 0.591555 0.569108 0.412866 0.570904 0.207347 0.393126 0.820402 0.514129 0.187754 0.816212 0.041543 0.371236 0.546665 0.265410 0.821802 0.293989 0.044832 0.709938 0.952850 0.955540
0.687956 0.850417 0.093008 0.823742 0.337899 0.585507 0.659355 0.402312 0.955419 0.313856 0.509925 0.616558 0.750873 0.739255 0.448235 0.127395 0.668823 0.892566 0.441150 0.974833 0.928966 0.176657 0.799427 0.172309 0.794829 0.012774 0.779770 0.495521 0.601577 0.065172 0.427483 0.647317 0.391950 0.324780 0.269865 0.282722 0.243969 0.035308 0.626875 0.584638 0.914093 0.550743 0.073048 0.370715 0.834313 0.335457 0.308425 0.024738 0.518859 0.953201 0.978346 0.815855 0.814929 0.659178 0.805467 0.799046 0.281207 0.131588 0.353179 0.250755 0.474345 0.013623 0.991625 0.938671 0.678199 0.746576 0.168137 0.232953 0.557957 0.077198 0.314223 0.572046 0.480865 0.337173 0.207095 0.705358 0.242175 0.925627 0.873122 0.174824 0.334520 0.694526 0.489415 0.105133 0.635567 0.802497 0.426489 0.908383 0.408535 0.702505 0.881463 0.342419 0.187009 0.404948 0.938892 0.177174 0.802997 0.442181 0.008528 0.234165 0.479152 0.538798 0.912221 0.468318 0.871964 0.624273 0.017987 0.310849 0.847466 0.782796 0.883031 0.964548 0.471557 0.908330 0.975301 0.213063 0.734884 0.568301 0.640060 0.209553 0.151154 0.099108 0.104558 0.475291 0.022378 0.663547 0.192523 0.541395 0.288988 0.097266 0.151792 0.875419 0.030507 0.546639 0.222398 0.750123 0.405266 0.245794 0.507476 0.291994 0.663524 0.492079 0.403324 0.748982 0.569959 0.966684 0.503261 0.392911 0.942493 0.066282 0.723320 0.691453 0.118611 0.936943 0.782477 0.763984 0.178816 0.208589 0.251823 0.082414 0.921174 0.450923 0.069633 0.742713 0.246804 0.354083 0.121187 0.599504 0.227217 0.675172 0.667746 0.219391 0.643751 0.673400 0.894389 0.152269 0.112778 0.063690 0.963089 0.784203 0.000061 0.011075 0.546049 0.054787 0.379255 0.369835 0.050650 0.148404 0.555729 0.297612 0.275813 0.154163 0.510978 0.363088 0.201485 0.878983 0.956734 0.420523 0.144477 0.748224
0.522934 0.867231 0.162745 0.936414 0.958239 0.153834 0.136053 0.902976 0.371813 0.634714 0.306828 0.639310 0.956072 0.535985 0.107314 0.962262 0.842814 0.946679 0.072875 0.419462 0.461617 0.964959 0.891285 0.777614 0.721141 0.484479 0.664712 0.415131 0.277755 0.634963 0.550963 0.276441 0.532298 0.332681 0.272637 0.659549 0.837429 0.885157 0.665984 0.781700 0.236775 0.976066 0.443584 0.693157 0.186453 0.760160 0.708579 0.112691 0.624047 0.606118 0.131942 0.333748 0.953489 0.294093 0.273148 0.492471 0.617663 0.608736 0.097115 0.297011 0.284423 0.805055 0.561933 0.815520 0.993540 0.962622 0.873338 0.083147 0.106247 0.233437 0.064226 0.204999 0.051091 0.497862 0.177853 0.631928 0.648172 0.368125 0.944642 0.805653 0.469158 0.206334 0.211379 0.348132 0.400247 0.227982 0.730886 0.354483 0.153410 0.820330 0.204199 0.445001 0.686518 0.404835 0.875063 0.644074 0.159099 0.227177 0.387293 0.592178 0.412234 0.127081 0.409167 0.505958 0.792354 0.076722 0.847941 0.210514 0.837595 0.399387 0.895246 0.014822 0.636762 0.735915 0.529476 0.712721 0.155268 0.015403 0.510008 0.129374 0.061201 0.978688 0.421841 0.242887 0.409874 0.183031 0.815678 0.929858 0.404200 0.430580 0.739394 0.097972 0.984101 0.343548 0.432705 0.400467 0.301217 0.646037 0.185838 0.365461 0.403252 0.682435 0.785181 0.418601 0.905008 0.743394 0.400832 0.482445 0.702820 0.250326 0.239558 0.711910 0.910716 0.935570 0.644275 0.349976 0.621076 0.591998 0.274149 0.676651 0.498001 0.963677 0.090062 0.089844 0.317937 0.217191 0.851809 0.965833 0.177834 0.362017 0.593588 0.873066 0.900944 0.731605 0.037863 0.487384 0.425132 0.619924 0.746663 0.559390 0.546393 0.028260 0.566976 0.076102 0.724065 0.799642 0.304848 0.147942 0.993061 0.624878 0.698376 0.293001 0.144238 0.016434 0.429815 0.491393 0.779011 0.433611 0.334980 0.016909
0.863648 0.138043 0.789516 0.190310 0.335014 0.559153 0.186913 0.999518 0.652887 0.005496 0.896897 0.658331 0.495973 0.214079 0.793422 0.571015 0.487423 0.005423 0.947808 0.111819 0.543598 0.020905 0.323427 0.771789 0.148680 0.064649 0.917306 0.172140 0.625293 0.456328 0.215008 0.673342 0.978868 0.023910 0.394926 0.745500 0.206703 0.062327 0.359309 0.811811 0.241932 0.971178 0.271791 0.016347 0.270560 0.353300 0.850150 0.479770 0.586157 0.177184 0.541671 0.562661 0.854361 0.141403 0.113182 0.752027 0.838815 0.423795 0.442741 0.381326 0.163700 0.497141 0.743269 0.253613 0.756208 0.032965 0.653543 0.346476 0.980910 0.994584 0.631285 0.041138 0.594290 0.843496 0.790189 0.693021 0.114132 0.953026 0.943524 0.101435 0.707450 0.114378 0.646059 0.108002 0.692389 0.863747 0.278778 0.686982 0.034670 0.705344 0.436503 0.141571 0.674958 0.467811 0.104009 0.088089 0.065720 0.632794 0.817623 0.518825 0.045979 0.763050 0.154533 0.500111 0.791894 0.996563 0.722092 0.212144 0.916135 0.315739 0.691336 0.525442 0.788977 0.581002 0.691845 0.735077 0.451413 0.717406 0.777596 0.491601 0.741221 0.683599 0.521602 0.746270 0.003006 0.619271 0.147114 0.049988 0.876675 0.733219 0.661114 0.359139 0.919902 0.677672 0.324912 0.592974 0.756128 0.172550 0.644447 0.169432 0.142019 0.821285 0.212981 0.626063 0.739604 0.971705 0.957992 0.315023 0.937678 0.611612 0.143141 0.044908 0.037447 0.948022 0.970860 0.775415 0.148144 0.067418 0.304472 0.787970 0.867382 0.023547 0.291894 0.248582 0.109791 0.123508 0.522399 0.125622 0.941506 0.418625 0.856064 0.054162 0.265885 0.417685 0.597912 0.153883 0.339502 0.310465 0.944639 0.022893 0.465618 0.741177 0.741587 0.879802 0.257893 0.868870 0.379722 0.039402 0.553159 0.046723 0.845507 0.852277 0.784310 0.175080 0.066676 0.387925 0.670973 0.983023 0.731445 0.240246
0.920652 0.284927 0.103249 0.840894 0.961472 0.380014 0.211552 0.364231 0.984155 0.260328 0.618781 0.432367 0.710043 0.027294 0.350705 0.347136 0.996867 0.445423 0.139605 0.140252 0.670664 0.510928 0.946954 0.924419 0.382626 0.018670 0.878222 0.958125 0.768036 0.665095 0.365148 0.647354 0.053310 0.695869 0.842092 0.640378 0.131165 0.440138 0.626619 0.337793 0.191820 0.429226 0.027200 0.904914 0.250816 0.539052 0.471980 0.804318 0.435723 0.272204 0.809024 0.012289 0.468437 0.169050 0.860577 0.613053 0.250912 0.622319 0.854243 0.953426 0.776813 0.298670 0.025503 0.165702 0.351523 0.143120 0.399464 0.615747 0.180056 0.192805 0.130930 0.768733 0.521955 0.698778 0.780470 0.206567 0.349251 0.126812 0.034652 0.599464 0.272470 0.921362 0.637901 0.641192 0.673307 0.840493 0.672665 0.340073 0.973891 0.464108 0.603647 0.579931 0.318515 0.023008 0.185834 0.936100 0.550227 0.542314 0.162364 0.239085 0.478135 0.622573 0.912626 0.887265 0.448275 0.621706 0.936439 0.650429 0.068225 0.259687 0.489527 0.471865 0.344376 0.337099 0.179505 0.722999 0.582073 0.449511 0.470470 0.605118 0.572131 0.406443 0.376325 0.374854 0.973830 0.978065 0.326851 0.921092 0.574063 0.123315 0.729930 0.133791 0.769187 0.625820 0.804254 0.720485 0.383542 0.904532 0.813926 0.318246 0.307811 0.250008 0.018280 0.983055 0.708625 0.051513 0.235544 0.868302 0.175776 0.127904 0.973689 0.038913 0.038242 0.809793 0.094197 0.232222 0.225075 0.686094 0.495401 0.462672 0.835318 0.686895 0.710191 0.596454 0.917341 0.737189 0.057849 0.019798 0.608739 0.933516 0.103037 0.768031 0.805798 0.094632 0.620636 0.825926 0.488818 0.925159 0.721087 0.615315 0.918248 0.212169 0.838481 0.160354 0.911771 0.662433 0.488961 0.452759 0.403842 0.972998 0.687918 0.748157 0.599710 0.916755 0.981169 0.307645 0.097447 0.871011 0.037178 0.468583
0.194744 0.147242 0.333218 0.282977 0.707232 0.209295 0.816339 0.711177 0.560458 0.180034 0.930146 0.716887 0.184141 0.747646 0.602204 0.556920 0.753127 0.547978 0.826740 0.367456 0.121751 0.097136 0.615742 0.010688 0.311542 0.537724 0.900132 0.536988 0.307130 0.376513 0.737866 0.930932 0.813951 0.899903 0.401235 0.801945 0.740996 0.674066 0.455245 0.118441 0.283044 0.519331 0.791024 0.372149 0.858887 0.563981 0.799710 0.778647 0.318134 0.489271 0.145730 0.309200 0.131736 0.209726 0.555173 0.265973 0.829415 0.002063 0.471499 0.677356 0.116892 0.849597 0.298224 0.835047 0.515083 0.446552 0.880072 0.947953 0.173359 0.876586 0.860767 0.330435 0.500656 0.757285 0.450491 0.932470 0.004456 0.771128 0.713627 0.208653 0.123625 0.041071 0.258375 0.718248 0.578176 0.532918 0.381698 0.570444 0.990820 0.807001 0.340168 0.127954 0.906955 0.507389 0.185322 0.129629 0.234719 0.615822 0.061205 0.134416 0.284034 0.021413 0.748942 0.458220 0.869983 0.677932 0.417424 0.167586 0.173832 0.581484 0.012853 0.517399 0.207725 0.366305 0.981948 0.406172 0.407295 0.147055 0.057090 0.222841 0.745254 0.811594 0.325631 0.816176 0.660268 0.837258 0.655899 0.181307 0.382612 0.329934 0.046402 0.018133 0.944451 0.425876 0.684836 0.844622 0.601545 0.707163 0.880518 0.291475 0.057431 0.581071 0.212176 0.759951 0.661969 0.669066 0.151578 0.433089 0.448424 0.607917 0.179907 0.653840 0.844718 0.948219 0.955029 0.175144 0.651010 0.229499 0.716131 0.680943 0.806083 0.459029 0.439132 0.915226 0.676310 0.150703 0.352910 0.641148 0.075974 0.807170 0.923754 0.021810 0.566373 0.429567 0.953812 0.347688 0.828663 0.873427 0.637696 0.161701 0.428847 0.973039 0.804729 0.051419 0.726383 0.791778 0.219923 0.475313 0.517437 0.026111 0.018463 0.554749 0.388829 0.596211 0.400692 0.737348 0.872250 0.056804 0.530402 0.269683
0.492512 0.416936 0.361096 0.306311 0.164416 0.235330 0.562871 0.952428 0.297993 0.441093 0.650946 0.936940 0.688711 0.641756 0.209096 0.892375 0.748878 0.216322 0.908192 0.021464 0.088353 0.445633 0.186635 0.170815 0.972206 0.261134 0.197018 0.526746 0.690363 0.081516 0.723340 0.238964 0.756286 0.318038 0.975154 0.007256 0.228196 0.154504 0.374497 0.729766 0.459397 0.814200 0.774507 0.121487 0.370799 0.245013 0.368625 0.754995 0.032060 0.041910 0.243952 0.877102 0.485237 0.596686 0.073539 0.677192 0.033044 0.780795 0.418673 0.936284 0.136376 0.349734 0.483586 0.596714 0.184405 0.986115 0.830172 0.380589 0.920496 0.586697 0.080206 0.705994 0.552798 0.713978 0.611985 0.189323 0.679190 0.569063 0.357522 0.511985 0.609313 0.373057 0.584603 0.046374 0.738803 0.021397 0.097713 0.873565 0.274544 0.705330 0.336978 0.798189 0.836161 0.218652 0.998301 0.685244 0.236691 0.899015 0.255871 0.200899 0.662023 0.951773 0.210186 0.687793 0.526521 0.394584 0.139238 0.707560 0.734906 0.652524 0.387939 0.827798 0.948290 0.465929 0.497708 0.239024 0.165232 0.379326 0.218384 0.229096 0.379344 0.919701 0.196001 0.507942 0.319254 0.671286 0.404539 0.258927 0.008357 0.416563 0.655676 0.544144 0.593130 0.462792 0.182334 0.977717 0.869240 0.264972 0.219701 0.046934 0.372975 0.577000 0.300779 0.482338 0.231936 0.871551 0.200904 0.011180 0.821058 0.263776 0.795988 0.867111 0.829782 0.821640 0.718734 0.069556 0.304996 0.150149 0.301527 0.521235 0.703850 0.788124 0.793641 0.803834 0.490516 0.563391 0.143004 0.503315 0.092721 0.059982 0.125069 0.822136 0.700543 0.763966 0.839856 0.606843 0.173599 0.925210 0.305447 0.293495 0.603046 0.218987 0.934861 0.169884 0.053909 0.328923 0.473842 0.754065 0.999440 0.038953 0.594704 0.888216 0.995601 0.928010 0.977841 0.406121 0.097550 0.244531 0.916294 0.472318
0.993927 0.598817 0.160390 0.653300 0.626297 0.125406 0.803689 0.374561 0.603372 0.288555 0.825512 0.822350 0.016816 0.330920 0.170956 0.281903 0.854082 0.142336 0.657090 0.072619 0.474091 0.610797 0.919300 0.176722 0.673426 0.183529 0.941440 0.118329 0.721212 0.262693 0.878713 0.600616 0.075724 0.812832 0.313600 0.576349 0.213480 0.665510 0.041468 0.736359 0.416510 0.590618 0.215895 0.343753 0.827297 0.485101 0.402344 0.446883 0.189349 0.091047 0.500925 0.814808 0.706634 0.956191 0.225367 0.294109 0.805977 0.270912 0.899950 0.801646 0.176350 0.394770 0.697636 0.255014 0.311264 0.135798 0.494653 0.149298 0.834536 0.358044 0.958219 0.904868 0.669255 0.562723 0.874440 0.941194 0.262465 0.271561 0.379450 0.962903 0.822257 0.567168 0.169604 0.789843 0.545865 0.561128 0.744363 0.168317 0.153460 0.156495 0.066753 0.820710 0.225213 0.754831 0.219680 0.356033 0.499412 0.898487 0.319914 0.474613 0.860029 0.085778 0.305713 0.715377 0.250440 0.370062 0.145677 0.691842 0.908827 0.494724 0.622370 0.517758 0.395621 0.259129 0.002255 0.117058 0.322249 0.137085 0.807687 0.620545 0.734512 0.838780 0.344003 0.686622 0.695816 0.899837 0.568121 0.748720 0.002099 0.410871 0.576903 0.130595 0.730826 0.126951 0.009660 0.143312 0.647683 0.509542 0.853089 0.588554 0.420898 0.255869 0.986172 0.017423 0.596644 0.355219 0.372609 0.211079 0.942247 0.503660 0.738339 0.396340 0.874505 0.529611 0.319666 0.490623 0.723432 0.860084 0.788829 0.952744 0.799182 0.753323 0.614278 0.968764 0.656437 0.509278 0.762392 0.638504 0.114885 0.061268 0.868074 0.288507 0.175359 0.819144 0.431174 0.153301 0.745068 0.527668 0.677343 0.006114 0.006389 0.221961 0.322552 0.660927 0.927190 0.096841 0.460671 0.696730 0.983344 0.455478 0.736951 0.728311 0.666453 0.264642 0.899737 0.445239 0.965948 0.956140 0.265391 0.386287
0.675676 0.493351 0.308990 0.792124 0.701003 0.015860 0.700270 0.309923 0.997546 0.829391 0.281068 0.074942 0.195924 0.561402 0.760051 0.894747 0.831465 0.378187 0.922790 0.525114 0.564506 0.767276 0.449816 0.158320 0.115451 0.355890 0.337774 0.149345 0.662049 0.917005 0.691472 0.718690 0.791947 0.499262 0.785609 0.416250 0.554375 0.647716 0.457187 0.045874 0.462844 0.555726 0.193691 0.476704 0.428325 0.617977 0.470756 0.114527 0.048100 0.675860 0.326811 0.054250 0.568291 0.711705 0.937361 0.655649 0.314054 0.606423 0.488004 0.011079 0.629019 0.730562 0.317112 0.896080 0.803073 0.142757 0.729169 0.415572 0.734489 0.679950 0.836831 0.714907 0.367969 0.910203 0.201802 0.431471 0.808332 0.009225 0.738888 0.889855 0.946399 0.314383 0.481375 0.459669 0.487945 0.565173 0.714066 0.021467 0.430714 0.412093 0.508773 0.935387 0.291204 0.580878 0.299333 0.349455 0.304879 0.373210 0.515102 0.262905 0.886947 0.471384 0.388339 0.672077 0.585195 0.471673 0.673844 0.255211 0.047441 0.276596 0.727807 0.219756 0.084450 0.166198 0.349329 0.618784 0.464593 0.407137 0.888234 0.408687 0.023271 0.169750 0.688974 0.450690 0.084679 0.823697 0.475866 0.524171 0.483318 0.611776 0.275793 0.036405 0.405508 0.192940 0.475738 0.790443 0.058823 0.490734 0.958773 0.434650 0.899147 0.843989 0.641875 0.203817 0.732580 0.527625 0.487703 0.223898 0.662677 0.609566 0.905925 0.540070 0.122667 0.318751 0.602716 0.709260 0.445348 0.406125 0.895024 0.901861 0.558920 0.459530 0.932742 0.740047 0.645264 0.886453 0.128147 0.351522 0.133622 0.630293 0.720070 0.537239 0.494788 0.909992 0.540534 0.631216 0.863916 0.312714 0.239697 0.726641 0.535040 0.051026 0.203955 0.388393 0.657563 0.257793 0.372710 0.748682 0.172240 0.181688 0.527529 0.432233 0.824759 0.094277 0.528655 0.739434 0.339854 0.462823 0.390625 0.089716
0.344421 0.141124 0.871532 0.816795 0.139370 0.719301 0.475152 0.239498 0.034608 0.901928 0.008552 0.719226 0.323552 0.197761 0.933619 0.148354 0.784703 0.398558 0.476728 0.706277 0.304786 0.570789 0.932216 0.959351 0.906789 0.071545 0.040409 0.424902 0.825293 0.290415 0.363056 0.492913 0.799847 0.679782 0.211402 0.237984 0.012398 0.553080 0.031315 0.278191 0.246809 0.215989 0.583128 0.315786 0.007391 0.974742 0.733552 0.329366 0.792912 0.391464 0.410737 0.130993 0.059068 0.805641 0.994556 0.050721 0.176412 0.627417 0.703513 0.807336 0.836558 0.597488 0.266200 0.327765 0.063871 0.947308 0.376138 0.236440 0.581647 0.597745 0.276816 0.739945 0.891661 0.488110 0.351713 0.767442 0.164083 0.865021 0.012700 0.321204 0.776299 0.819330 0.482272 0.039577 0.996037 0.092385 0.996813 0.478177 0.221538 0.796311 0.681192 0.335815 0.969103 0.447239 0.133345 0.342156 0.269835 0.330428 0.258202 0.559697 0.527623 0.597924 0.948816 0.289151 0.166065 0.300908 0.876706 0.705001 0.742376 0.863552 0.225474 0.839648 0.611907 0.474517 0.173894 0.332328 0.757625 0.652097 0.256724 0.853390 0.025063 0.461200 0.690846 0.656001 0.552007 0.549123 0.353740 0.275617 0.366637 0.115295 0.881356 0.384236 0.748593 0.219987 0.685686 0.353814 0.279154 0.036717 0.495061 0.881562 0.953340 0.894616 0.090377 0.816877 0.580397 0.422065 0.491565 0.881296 0.075072 0.826125 0.013763 0.561810 0.190004 0.741839 0.347747 0.571946 0.650278 0.049720 0.249602 0.185809 0.377476 0.101055 0.430656 0.309712 0.964258 0.240442 0.719126 0.870265 0.027674 0.956271 0.908024 0.973364 0.131659 0.770074 0.395655 0.417560 0.921029 0.578606 0.842165 0.999730 0.728925 0.749748 0.455517 0.447741 0.998267 0.411896 0.822992 0.229169 0.448250 0.096187 0.559074 0.600601 0.724408 0.766907 0.174257 0.410442 0.074022 0.768305 0.922891 0.237084
0.217689 0.499103 0.840817 0.054870 0.556390 0.980098 0.259962 0.036549 0.050251 0.500556 0.578771 0.558106 0.941711 0.257297 0.613641 0.237431 0.236574 0.450019 0.443366 0.091518 0.740518 0.387284 0.659552 0.175384 0.721217 0.403580 0.856432 0.876122 0.511660 0.115039 0.122701 0.633340 0.422991 0.032795 0.984607 0.883323 0.648965 0.955608 0.421213 0.452904 0.239776 0.220060 0.591791 0.203737 0.224026 0.673316 0.662212 0.848964 0.296687 0.525070 0.609569 0.776941 0.616750 0.952477 0.672378 0.420291 0.345699 0.717873 0.326906 0.158634 0.723139 0.534365 0.664863 0.101263 0.753979 0.038902 0.295956 0.956498 0.385181 0.928803 0.852791 0.950163 0.898390 0.072541 0.131716 0.657816 0.981331 0.983651 0.688225 0.315514 0.328636 0.957443 0.462101 0.421757 0.871087 0.082590 0.226289 0.624791 0.018871 0.925441 0.946698 0.560768 0.369008 0.942350 0.915434 0.930267 0.690287 0.655698 0.728905 0.047319 0.632892 0.091877 0.106748 0.843529 0.571498 0.962653 0.573555 0.296963 0.638620 0.442738 0.588518 0.592590 0.194604 0.501741 0.391392 0.550360 0.249390 0.442551 0.855017 0.560084 0.249286 0.624996 0.578682 0.929929 0.085877 0.417646 0.453623 0.385526 0.487723 0.052768 0.530869 0.266190 0.202252 0.909945 0.153224 0.997381 0.110761 0.263356 0.630724 0.445628 0.638138 0.129394 0.317810 0.106871 0.474609 0.867741 0.408310 0.368367 0.489031 0.455024 0.250864 0.338033 0.583857 0.070160 0.598352 0.058809 0.377957 0.276465 0.605887 0.661994 0.891146 0.613865 0.859652 0.727332 0.185726 0.880722 0.561423 0.956709 0.697280 0.454708 0.625120 0.401083 0.275148 0.296137 0.510273 0.165539 0.654108 0.472134 0.851724 0.596837 0.925395 0.855059 0.158824 0.898913 0.070924 0.169016 0.407804 0.920001 0.218482 0.520219 0.723069 0.154654 0.626419 0.871876 0.692311 0.958623 0.075753 0.795037 0.127109 0.760794
0.678215 0.760022 0.496744 0.581493 0.186375 0.273282 0.444086 0.101570 0.011489 0.060321 0.212022 0.894645 0.158870 0.584864 0.794786 0.969969 0.770601 0.943684 0.074365 0.692152 0.877151 0.549105 0.076614 0.141644 0.701502 0.090622 0.455099 0.427678 0.249198 0.415505 0.511635 0.541944 0.462832 0.098391 0.113259 0.405637 0.992511 0.916782 0.480857 0.275726 0.711135 0.561149 0.311163 0.216346 0.795568 0.370193 0.331343 0.490615 0.711546 0.180939 0.589907 0.697413 0.992493 0.243721 0.374728 0.352667 0.497174 0.875867 0.376288 0.372795 0.740024 0.580699 0.964041 0.845718 0.770584 0.084451 0.517237 0.998397 0.245052 0.624320 0.978466 0.420728 0.233987 0.835781 0.538829 0.367511 0.516922 0.196963 0.018442 0.780745 0.406038 0.120414 0.165336 0.601295 0.464321 0.814329 0.800809 0.469684 0.430042 0.247200 0.259021 0.411678 0.864903 0.593201 0.396055 0.295447 0.007559 0.429885 0.103939 0.105535 0.054397 0.131972 0.451694 0.541508 0.168315 0.614004 0.701625 0.455410 0.167142 0.850221 0.019720 0.302489 0.134559 0.505335 0.568618 0.684687 0.029247 0.722719 0.521432 0.783669 0.494141 0.525579 0.135540 0.654412 0.395021 0.836736 0.203444 0.967994 0.692230 0.176816 0.944803 0.414972 0.557185 0.192540 0.155295 0.174020 0.040439 0.635258 0.268959 0.467341 0.543443 0.832591 0.698453 0.787544 0.243828 0.398479 0.230306 0.014379 0.552620 0.053403 0.976777 0.798657 0.376714 0.414426 0.898866 0.322177 0.586569 0.273263 0.884329 0.647589 0.968579 0.234337 0.975807 0.777785 0.350387 0.563700 0.448749 0.818093 0.893984 0.663434 0.347858 0.007228 0.558639 0.541824 0.865798 0.874458 0.986389 0.084434 0.916202 0.123833 0.415949 0.098606 0.034103 0.220552 0.241730 0.963851 0.020311 0.361940 0.772051 0.687243 0.804121 0.248416 0.994029 0.919969 0.388900 0.830856 0.615952 0.980379 0.276308 0.714158
0.948066 0.486988 0.490972 0.088156 0.165357 0.580259 0.630615 0.915424 0.928346 0.211869 0.802598 0.584348 0.363560 0.468820 0.994111 0.620981 0.189663 0.392284 0.106251 0.365250 0.885067 0.148005 0.687472 0.822277 0.570430 0.845496 0.801140 0.284402 0.179114 0.435893 0.287555 0.135981 0.519055 0.155827 0.077861 0.067279 0.627858 0.615345 0.276816 0.578110 0.816995 0.623233 0.062396 0.079170 0.253712 0.006698 0.013286 0.101757 0.309497 0.632251 0.364259 0.792158 0.725274 0.794819 0.435714 0.950015 0.533926 0.270534 0.997710 0.166677 0.184407 0.550128 0.327605 0.647767 0.540259 0.263355 0.333488 0.914828 0.092383 0.046340 0.203822 0.976074 0.512252 0.245979 0.923506 0.095959 0.405323 0.137045 0.079175 0.995129 0.428587 0.563123 0.468962 0.823651 0.181391 0.456972 0.706985 0.925073 0.665765 0.060713 0.695953 0.493976 0.639012 0.126485 0.121636 0.479062 0.439749 0.080739 0.009984 0.207189 0.382129 0.480431 0.560307 0.364871 0.378019 0.633361 0.797552 0.039010 0.213925 0.138586 0.360232 0.896155 0.531950 0.987684 0.853350 0.451483 0.157149 0.473226 0.803351 0.784366 0.323617 0.864643 0.582777 0.920198 0.750377 0.990740 0.340190 0.943966 0.790501 0.941383 0.482828 0.428436 0.613871 0.709574 0.032281 0.909371 0.487207 0.069811 0.952485 0.745257 0.081160 0.773809 0.286794 0.578380 0.002609 0.455166 0.498060 0.164651 0.528348 0.939320 0.082216 0.405405 0.126881 0.335534 0.104623 0.053619 0.313050 0.151572 0.404494 0.679392 0.081166 0.566266 0.005410 0.785268 0.998561 0.888502 0.057504 0.901461 0.734897 0.220753 0.170977 0.839301 0.034123 0.309825 0.164321 0.052894 0.615585 0.653716 0.611760 0.796768 0.753142 0.400110 0.393141 0.926964 0.235892 0.770792 0.586153 0.965980 0.922371 0.734835 0.069797 0.180471 0.304761 0.744287 0.650178 0.933576 0.671280 0.280363 0.431937 0.549744
0.635454 0.248541 0.678787 0.258830 0.236594 0.462992 0.932811 0.900640 0.300820 0.641837 0.168512 0.530914 0.555893 0.814366 0.921585 0.230204 0.289567 0.587333 0.611971 0.139325 0.729658 0.099668 0.517620 0.992502 0.866713 0.126940 0.027654 0.528672 0.278974 0.571430 0.465114 0.885348 0.577661 0.582680 0.659568 0.782511 0.982536 0.934019 0.957630 0.125384 0.309435 0.143863 0.811019 0.326992 0.451002 0.890427 0.901910 0.413426 0.375296 0.603007 0.330998 0.384331 0.882885 0.982380 0.702668 0.034300 0.651098 0.201515 0.003333 0.130337 0.582998 0.526301 0.904403 0.159665 0.585585 0.676424 0.517301 0.020344 0.538943 0.335430 0.723428 0.738019 0.622798 0.217896 0.897901 0.124011 0.394730 0.676102 0.719124 0.970927 0.872158 0.760125 0.475491 0.909067 0.137862 0.259939 0.399358 0.365063 0.864107 0.344418 0.394674 0.018693 0.064701 0.468045 0.184706 0.962357 0.955739 0.726735 0.074883 0.643896 0.227563 0.361191 0.587426 0.399645 0.921263 0.686728 0.823781 0.673236 0.794726 0.136428 0.754858 0.807831 0.060836 0.212584 0.072922 0.735536 0.212087 0.836236 0.274387 0.336919 0.269508 0.851940 0.334840 0.171805 0.799754 0.823765 0.194971 0.272741 0.274877 0.926543 0.954432 0.180839 0.155702 0.333429 0.041787 0.846761 0.824028 0.228674 0.130383 0.346980 0.036855 0.665420 0.952922 0.026271 0.845822 0.941669 0.097060 0.035822 0.140552 0.585009 0.353570 0.680164 0.726572 0.232562 0.154499 0.490765 0.759012 0.756811 0.857797 0.647893 0.428150 0.611686 0.212426 0.915740 0.720157 0.471303 0.837782 0.573621 0.908234 0.329666 0.957279 0.998731 0.429896 0.369711 0.857664 0.102373 0.302760 0.187339 0.669797 0.015682 0.303666 0.623774 0.568833 0.337865 0.186503 0.263880 0.324839 0.006236 0.135776 0.226884 0.371926 0.831112 0.712489 0.606149 0.178228 0.912277 0.080816 0.077624 0.622029 0.698190
0.676809 0.530807 0.040140 0.320601 0.448132 0.971915 0.683316 0.119606 0.781975 0.913284 0.510338 0.161468 0.487840 0.627429 0.088299 0.394124 0.314481 0.280016 0.477586 0.206932 0.224359 0.101053 0.399623 0.864800 0.394736 0.811252 0.882373 0.749135 0.923989 0.274096 0.375987 0.913902 0.853406 0.143758 0.700364 0.339453 0.118559 0.513963 0.178287 0.113815 0.568581 0.101583 0.168890 0.317118 0.146249 0.987926 0.475616 0.006930 0.724806 0.182364 0.029746 0.984741 0.889274 0.535768 0.189233 0.471410 0.536080 0.163617 0.037226 0.749524 0.029702 0.598362 0.049773 0.627500 0.186002 0.712006 0.475464 0.871970 0.984016 0.633442 0.726843 0.164467 0.407609 0.685349 0.833314 0.688486 0.693190 0.897945 0.798153 0.598809 0.551354 0.214352 0.636005 0.679836 0.636108 0.013800 0.030681 0.328503 0.134616 0.780023 0.090094 0.297446 0.078867 0.156895 0.402454 0.608533 0.565293 0.169785 0.330935 0.144515 0.307188 0.307706 0.477933 0.005694 0.393646 0.787711 0.598746 0.437411 0.914558 0.508847 0.825138 0.100276 0.409363 0.536658 0.271417 0.826244 0.061640 0.198172 0.417291 0.565216 0.361746 0.107172 0.638026 0.695419 0.520610 0.552776 0.334748 0.843355 0.070399 0.580036 0.365309 0.747579 0.436662 0.288363 0.386352 0.250760 0.368955 0.451958 0.240571 0.253427 0.641538 0.536121 0.113809 0.638000 0.024319 0.633314 0.109434 0.443095 0.349894 0.890149 0.877821 0.996251 0.669635 0.743718 0.302726 0.314922 0.093553 0.753932 0.876578 0.542701 0.523156 0.112769 0.298200 0.204970 0.863422 0.696749 0.525395 0.778480 0.135531 0.412580 0.218612 0.831538 0.683183 0.258761 0.572141 0.429172 0.693840 0.924632 0.780981 0.088846 0.393921 0.104645 0.326749 0.906018 0.587002 0.013955 0.106958 0.750193 0.717790 0.508060 0.053332 0.439385 0.018096 0.175036 0.856117 0.091279 0.632446 0.904615 0.716169 0.524065
0.766938 0.604796 0.543329 0.427509 0.065665 0.998968 0.610948 0.718662 0.839955 0.452536 0.421583 0.625009 0.409789 0.926219 0.991524 0.073010 0.873756 0.668534 0.655848 0.128468 0.486609 0.756316 0.445550 0.790491 0.432917 0.034816 0.156962 0.543233 0.286383 0.638851 0.057127 0.370514 0.600951 0.481463 0.096499 0.488806 0.435480 0.391584 0.621993 0.125106 0.024935 0.883139 0.463997 0.087711 0.810684 0.715426 0.396863 0.840630 0.805158 0.320021 0.397923 0.524899 0.093269 0.805647 0.698737 0.240399 0.460840 0.200283 0.252541 0.609926 0.702682 0.050663 0.363696 0.114248 0.008643 0.505787 0.956039 0.475996 0.531106 0.543439 0.043740 0.972308 0.288511 0.689729 0.142655 0.429511 0.523877 0.975555 0.429869 0.881534 0.591675 0.230293 0.616073 0.395919 0.458901 0.267338 0.878484 0.920142 0.049478 0.659112 0.757253 0.699908 0.309068 0.188860 0.529742 0.200542 0.852642 0.465724 0.217813 0.180727 0.371211 0.957442 0.086854 0.190448 0.837342 0.800481 0.932689 0.516192 0.073397 0.426161 0.273965 0.974408 0.336492 0.102857 0.062421 0.515233 0.075134 0.075466 0.644663 0.203827 0.789593 0.935902 0.444037 0.479937 0.730539 0.330485 0.171577 0.898935 0.851853 0.949732 0.654289 0.757625 0.686430 0.236905 0.766579 0.328555 0.847217 0.901139 0.409041 0.222113 0.750133 0.988502 0.752029 0.172549 0.210305 0.469203 0.453721 0.627681 0.827830 0.192179 0.024265 0.521628 0.625099 0.898041 0.456326 0.189947 0.374441 0.608148 0.680026 0.685488 0.005562 0.930688 0.926654 0.074759 0.321592 0.008356 0.216892 0.732623 0.755746 0.370509 0.555108 0.711677 0.539129 0.106646 0.796081 0.067668 0.518658 0.224752 0.825549 0.529101 0.746991 0.468876 0.056905 0.762478 0.720516 0.357769 0.136125 0.790564 0.596358 0.429087 0.413420 0.923175 0.499934 0.470760 0.397011 0.786153 0.111789 0.437402 0.860529 0.932299
0.399145 0.536331 0.188548 0.262993 0.459850 0.731077 0.876535 0.267286 0.698019 0.760883 0.769143 0.799471 0.405839 0.041154 0.546093 0.138688 0.794832 0.517289 0.918302 0.863791 0.983047 0.576755 0.003339 0.241356 0.625158 0.316586 0.717831 0.623964 0.252436 0.840582 0.270279 0.413853 0.299390 0.685362 0.801896 0.816946 0.266002 0.199773 0.112969 0.838242 0.652938 0.723416 0.339412 0.029922 0.465763 0.329592 0.783226 0.101556 0.238183 0.004537 0.466863 0.769554 0.352169 0.854454 0.139042 0.258402 0.494966 0.874746 0.575688 0.155054 0.558977 0.362342 0.700768 0.939034 0.582186 0.459563 0.672362 0.016903 0.446884 0.859875 0.355842 0.418798 0.819566 0.200444 0.360155 0.347313 0.225231 0.803027 0.194817 0.491434 0.343069 0.912006 0.266173 0.552380 0.997484 0.664274 0.070035 0.078223 0.918127 0.123380 0.500038 0.141501 0.713341 0.691079 0.834793 0.263028 0.772226 0.963265 0.317251 0.395014 0.247940 0.545161 0.347405 0.999180 0.989079 0.021107 0.486347 0.197367 0.728322 0.161343 0.024789 0.638576 0.382197 0.332863 0.283288 0.062794 0.220914 0.763228 0.080970 0.738024 0.205293 0.086391 0.293926 0.620066 0.933623 0.940598 0.619578 0.416917 0.639724 0.717064 0.841078 0.886194 0.693969 0.515895 0.428475 0.591925 0.027296 0.125643 0.539647 0.233925 0.113730 0.748901 0.971948 0.674416 0.186179 0.902054 0.451569 0.067732 0.330622 0.252909 0.886792 0.065287 0.786075 0.738254 0.317179 0.878667 0.666421 0.449148 0.516878 0.887319 0.785437 0.839102 0.658210 0.695086 0.616614 0.402229 0.199883 0.051654 0.648173 0.517724 0.485096 0.182892 0.431507 0.829610 0.006828 0.813881 0.196334 0.146507 0.847841 0.940454 0.070898 0.992803 0.770419 0.088154 0.674393 0.224636 0.518866 0.342135 0.716528 0.177725 0.537371 0.702263 0.897096 0.536165 0.532488 0.143140 0.216934 0.745100 0.129265 0.122726
0.350417 0.181399 0.970398 0.060903 0.782235 0.240422 0.167111 0.555377 0.930733 0.796662 0.860883 0.420982 0.444590 0.374065 0.563416 0.899576 0.519268 0.705553 0.221293 0.273525 0.725231 0.947948 0.571025 0.183277 0.064563 0.068648 0.956010 0.153167 0.371532 0.342652 0.456427 0.933338 0.833140 0.990484 0.825029 0.906589 0.633170 0.323361 0.108197 0.369563 0.727249 0.511943 0.957827 0.432264 0.925258 0.510162 0.509084 0.392122 0.978857 0.511894 0.414395 0.121752 0.144048 0.518351 0.328021 0.894031 0.821913 0.080193 0.561930 0.712841 0.526469 0.243136 0.738234 0.315251 0.519596 0.084008 0.171910 0.451148 0.886993 0.023214 0.845974 0.407656 0.842572 0.830018 0.434805 0.982471 0.137342 0.507810 0.983097 0.082834 0.895409 0.463182 0.905180 0.275116 0.298567 0.611187 0.962919 0.101577 0.820817 0.461774 0.101966 0.279283 0.968682 0.765899 0.439988 0.550375 0.204174 0.360133 0.331810 0.506206 0.321932 0.568497 0.811524 0.184583 0.506132 0.229978 0.251023 0.939629 0.847454 0.009862 0.989478 0.973665 0.763594 0.183430 0.749322 0.633175 0.406045 0.193810 0.907943 0.146821 0.442694 0.059709 0.992124 0.798925 0.239416 0.141722 0.662335 0.860553 0.128675 0.876387 0.762244 0.564893 0.962442 0.571594 0.592499 0.976781 0.719475 0.651280 0.248196 0.434713 0.071955 0.406508 0.812908 0.224851 0.397196 0.558474 0.213610 0.532070 0.759712 0.503625 0.919326 0.859575 0.877473 0.749005 0.658245 0.899234 0.772745 0.730917 0.622591 0.176727 0.678171 0.280053 0.962410 0.586480 0.009456 0.198186 0.524503 0.457543 0.904211 0.729326 0.464872 0.081814 0.410800 0.915330 0.470653 0.260535 0.746962 0.971139 0.861900 0.231877 0.999363 0.001136 0.763570 0.045781 0.799439 0.753391 0.881736 0.075868 0.709868 0.513431 0.562794 0.130837 0.653524 0.149225 0.006463 0.874205 0.031730 0.774185 0.472386 0.512020
0.171121 0.310094 0.838275 0.410650 0.309824 0.623236 0.359379 0.678692 0.370126 0.031909 0.466593 0.579164 0.759111 0.951106 0.184564 0.933017 0.588742 0.103815 0.626215 0.808272 0.589938 0.407410 0.508922 0.389720 0.079753 0.585264 0.172843 0.368971 0.162216 0.334786 0.644790 0.408722 0.017179 0.350970 0.851425 0.288949 0.807784 0.581595 0.693229 0.800813 0.661591 0.822470 0.532231 0.453602 0.508158 0.343438 0.790453 0.065969 0.882493 0.331855 0.367771 0.972611 0.192425 0.044500 0.295977 0.528896 0.431409 0.106521 0.622458 0.881131 0.043492 0.044515 0.243305 0.733427 0.982154 0.126765 0.388214 0.657892 0.947173 0.654829 0.394332 0.976483 0.374190 0.759020 0.076228 0.759437 0.827217 0.631813 0.468424 0.308315 0.963887 0.612335 0.703559 0.602273 0.807590 0.990093 0.062217 0.339097 0.304674 0.661763 0.907472 0.676239 0.604893 0.301498 0.331104 0.210726 0.854876 0.055178 0.142378 0.445715 0.529875 0.852898 0.629463 0.568547 0.696901 0.928907 0.097643 0.421658 0.409294 0.741049 0.939259 0.847667 0.611821 0.249377 0.823330 0.410155 0.129884 0.233734 0.461058 0.291649 0.899656 0.758580 0.041931 0.933433 0.830383 0.816247 0.911933 0.976017 0.549253 0.160050 0.990325 0.792156 0.939870 0.336642 0.980108 0.609351 0.965849 0.545419 0.440688 0.215644 0.873303 0.617717 0.776583 0.015541 0.359365 0.759894 0.920206 0.443510 0.111011 0.580430 0.306124 0.012196 0.169957 0.078232 0.976182 0.330185 0.432872 0.971936 0.521386 0.110625 0.043886 0.606030 0.337505 0.208801 0.469146 0.857939 0.913866 0.981173 0.819107 0.323363 0.147605 0.782969 0.246775 0.093998 0.709676 0.023187 0.181797 0.163665 0.019732 0.325878 0.407681 0.009920 0.214376 0.209816 0.746670 0.520034 0.574825 0.775465 0.087330 0.682669 0.793130 0.999434 0.419658 0.423142 0.548983 0.213736 0.997432 0.667329 0.579073 0.731937
0.189913 0.871469 0.259594 0.118266 0.953374 0.923938 0.721025 0.422955 0.299138 0.378603 0.959124 0.569785 0.994903 0.399536 0.846224 0.909554 0.293417 0.443556 0.477060 0.688158 0.888209 0.186397 0.559046 0.290182 0.662713 0.691587 0.532819 0.181471 0.208175 0.334983 0.219933 0.994318 0.841278 0.556790 0.891810 0.530966 0.490961 0.091277 0.444292 0.624249 0.337735 0.341125 0.700381 0.349981 0.221159 0.713383 0.282210 0.949031 0.882195 0.099663 0.392329 0.642821 0.679426 0.249793 0.589295 0.739487 0.613759 0.370298 0.508664 0.437452 0.107955 0.370592 0.301721 0.610758 0.082904 0.351676 0.342198 0.404139 0.176099 0.433667 0.642503 0.182128 0.523112 0.782917 0.041451 0.342416 0.249236 0.455305 0.243462 0.710936 0.104043 0.240873 0.646874 0.942473 0.663663 0.240902 0.252679 0.241940 0.365717 0.625720 0.932680 0.763233 0.040750 0.080635 0.218382 0.564281 0.377750 0.440913 0.640833 0.415795 0.818856 0.664580 0.972814 0.901113 0.381375 0.612567 0.731654 0.270506 0.547695 0.680176 0.704526 0.162804 0.676206 0.620790 0.631225 0.974195 0.586432 0.166368 0.514248 0.540804 0.589531 0.628423 0.990554 0.905653 0.243818 0.046537 0.891838 0.549842 0.842789 0.593748 0.523269 0.495821 0.450242 0.416451 0.972836 0.250987 0.263221 0.735941 0.899291 0.940554 0.887210 0.552499 0.756162 0.401262 0.198369 0.345036 0.384681 0.856642 0.997949 0.905933 0.546970 0.980803 0.996453 0.400070 0.086358 0.234040 0.010868 0.923718 0.173382 0.968638 0.760040 0.868361 0.182292 0.462917 0.998478 0.834190 0.631504 0.889959 0.645051 0.480985 0.277723 0.504110 0.147128 0.431223 0.933080 0.471351 0.244128 0.797690 0.539047 0.603010 0.203405 0.321539 0.865330 0.081218 0.886776 0.790341 0.061546 0.990513 0.384290 0.444139 0.170019 0.705029 0.990940 0.885115 0.220006 0.162885 0.012381 0.445972 0.100006 0.671175
0.907384 0.895116 0.359534 0.066225 0.132342 0.834158 0.342524 0.868739 0.391929 0.199784 0.967045 0.259308 0.080384 0.936913 0.825469 0.587060 0.794129 0.939449 0.519985 0.837484 0.091227 0.911554 0.436055 0.470213 0.037813 0.647971 0.427853 0.993895 0.006258 0.094563 0.797001 0.348565 0.775870 0.579776 0.965991 0.582460 0.540511 0.729437 0.771707 0.452258 0.744381 0.278925 0.333230 0.122659 0.199971 0.618318 0.816723 0.737551 0.950274 0.464838 0.388184 0.518012 0.245402 0.009369 0.645883 0.602378 0.950475 0.873226 0.320004 0.641272 0.156831 0.467834 0.562643 0.420694 0.389447 0.205797 0.681556 0.184390 0.101254 0.838397 0.377796 0.676024 0.323860 0.283350 0.678881 0.436446 0.600200 0.210693 0.776737 0.312795 0.861095 0.879786 0.430529 0.954783 0.844085 0.783649 0.679165 0.040050 0.775019 0.704448 0.159759 0.223589 0.753387 0.358928 0.686949 0.422237 0.313782 0.569952 0.169487 0.151293 0.537622 0.693728 0.421771 0.342378 0.273325 0.641881 0.600690 0.731641 0.301401 0.822990 0.436008 0.207371 0.842483 0.804522 0.332010 0.705500 0.866177 0.188101 0.544920 0.645257 0.764384 0.808926 0.896807 0.319294 0.977131 0.770682 0.410181 0.977499 0.641270 0.825020 0.668067 0.626965 0.024575 0.108849 0.969190 0.842028 0.641168 0.096990 0.545891 0.304688 0.434507 0.011855 0.069488 0.396757 0.935313 0.001227 0.456182 0.786296 0.827499 0.500923 0.384067 0.401107 0.171664 0.603786 0.369669 0.850299 0.502704 0.689938 0.386843 0.542628 0.033367 0.162900 0.962769 0.550673 0.700368 0.530713 0.135577 0.025787 0.030840 0.121971 0.443766 0.250587 0.635933 0.876994 0.836838 0.235388 0.317634 0.612298 0.711796 0.303995 0.951551 0.311574 0.577875 0.887530 0.120897 0.118928 0.713640 0.806830 0.313520 0.922507 0.050450 0.344728 0.958984 0.745203 0.683616 0.940201 0.050688 0.554147 0.954823 0.754726
0.053112 0.450332 0.004997 0.414589 0.179940 0.549278 0.878553 0.555737 0.299808 0.012745 0.924756 0.242215 0.636303 0.293658 0.109880 0.081936 0.823820 0.613989 0.637113 0.987912 0.025189 0.679213 0.566075 0.654726 0.305028 0.871003 0.572210 0.517870 0.895097 0.362540 0.704631 0.749331 0.925649 0.792208 0.343517 0.745255 0.127802 0.660103 0.000885 0.140880 0.617148 0.268112 0.757552 0.131347 0.424739 0.936645 0.922959 0.729148 0.082739 0.868418 0.842326 0.081082 0.134940 0.810408 0.673277 0.390554 0.929172 0.015900 0.041884 0.608044 0.324449 0.781775 0.138586 0.729545 0.986163 0.623394 0.250437 0.980659 0.756446 0.703326 0.269411 0.721564 0.484432 0.962757 0.599699 0.299463 0.387967 0.098039 0.330383 0.106022 0.633427 0.687252 0.332362 0.298366 0.313374 0.969733 0.458414 0.813639 0.890937 0.689910 0.571214 0.419322 0.601077 0.258272 0.176812 0.434200 0.436898 0.306739 0.575968 0.410459 0.714553 0.130080 0.991599 0.424218 0.029893 0.290306 0.968869 0.429620 0.254534 0.175131 0.950686 0.375554 0.305727 0.092177 0.004924 0.771184 0.804696 0.487437 0.969458 0.173996 0.222228 0.609073 0.050784 0.422927 0.564105 0.543367 0.440901 0.074287 0.749440 0.985219 0.293029 0.477402 0.982827 0.644693 0.711733 0.888583 0.027104 0.030984 0.365525 0.853610 0.955358 0.740694 0.046088 0.329393 0.872525 0.164506 0.333759 0.111288 0.389799 0.683949 0.131591 0.479638 0.436716 0.443905 0.685396 0.094962 0.470766 0.318868 0.834645 0.040118 0.698251 0.661143 0.295507 0.995025 0.590958 0.830740 0.616291 0.712158 0.708656 0.938906 0.896715 0.863250 0.810277 0.715973 0.611518 0.397676 0.361387 0.310427 0.244069 0.548552 0.380828 0.235929 0.281470 0.921111 0.557364 0.649066 0.860334 0.199728 0.321792 0.706181 0.680899 0.271069 0.907386 0.599885 0.472764 0.495611 0.954682 0.103912 0.970212 0.122104
0.985840 0.093117 0.452050 0.686798 0.304099 0.780018 0.621671 0.164930 0.438847 0.422639 0.339339 0.537994 0.515028 0.611552 0.098011 0.290580 0.737774 0.569277 0.286875 0.283656 0.886801 0.275163 0.806031 0.658427 0.150395 0.738098 0.011084 0.215752 0.214801 0.374095 0.311799 0.509483 0.786662 0.031752 0.014132 0.788993 0.012692 0.300567 0.439205 0.298324 0.922259 0.199848 0.541286 0.088147 0.527914 0.843780 0.581331 0.876695 0.935010 0.212422 0.509877 0.942220 0.253578 0.658532 0.399132 0.303089 0.597663 0.933786 0.937682 0.678734 0.026363 0.314072 0.908714 0.667502 0.305464 0.232906 0.567697 0.136547 0.990872 0.055141 0.163862 0.447186 0.539146 0.279482 0.978402 0.056789 0.817809 0.663008 0.992368 0.723961 0.253518 0.471632 0.988675 0.155884 0.398776 0.180605 0.127306 0.043416 0.928729 0.423580 0.835096 0.042979 0.944804 0.461028 0.856764 0.131484 0.837031 0.746171 0.567132 0.320542 0.795364 0.152485 0.336061 0.729726 0.236377 0.056105 0.950398 0.531212 0.621558 0.114900 0.925689 0.961827 0.980326 0.245402 0.443013 0.683332 0.195755 0.865035 0.837542 0.033586 0.326704 0.161030 0.666851 0.486758 0.028919 0.889873 0.401140 0.617791 0.760930 0.651230 0.177573 0.133441 0.968619 0.080155 0.151710 0.092121 0.704632 0.679727 0.956014 0.531364 0.705190 0.782641 0.416785 0.150753 0.797746 0.148505 0.645213 0.755515 0.282786 0.118164 0.864961 0.302983 0.966971 0.908344 0.319809 0.181255 0.842193 0.647700 0.330246 0.659429 0.743323 0.479476 0.046681 0.408578 0.744085 0.236155 0.439686 0.821012 0.004091 0.500638 0.898289 0.054329 0.813448 0.356182 0.576098 0.584920 0.386637 0.266641 0.024594 0.518988 0.277626 0.881740 0.344052 0.386225 0.052680 0.418473 0.920252 0.922997 0.190857 0.806990 0.574509 0.369803 0.918968 0.719731 0.911468 0.608140 0.978982 0.485927 0.466181 0.874271
0.347036 0.882767 0.627964 0.221010 0.748845 0.971519 0.502783 0.363703 0.557141 0.934712 0.536895 0.553173 0.410179 0.451110 0.423475 0.054812 0.907927 0.382958 0.547993 0.124147 0.892483 0.292628 0.462986 0.986379 0.829065 0.532007 0.766507 0.157709 0.203050 0.076967 0.496006 0.940743 0.175318 0.547731 0.700411 0.696610 0.614380 0.151292 0.834589 0.650642 0.586052 0.718341 0.626461 0.100993 0.179675 0.744700 0.726306 0.025499 0.166844 0.218064 0.977506 0.298817 0.379564 0.255359 0.172465 0.915749 0.224697 0.935191 0.004567 0.197735 0.219989 0.967223 0.077988 0.611191 0.469705 0.307434 0.720198 0.394795 0.842480 0.560830 0.079599 0.935261 0.452243 0.702764 0.940943 0.322572 0.972993 0.049883 0.390617 0.184100 0.794429 0.072873 0.706542 0.770228 0.456085 0.929557 0.103493 0.173151 0.940860 0.114015 0.791831 0.602353 0.608873 0.025959 0.699924 0.896844 0.469067 0.071149 0.315459 0.593106 0.945752 0.214072 0.235891 0.659421 0.383137 0.665883 0.726729 0.360698 0.182561 0.782378 0.597423 0.141075 0.647795 0.730328 0.743197 0.166058 0.386144 0.640974 0.302213 0.317380 0.152990 0.633774 0.669100 0.954622 0.903436 0.832337 0.023492 0.672685 0.218910 0.663393 0.158630 0.430326 0.491490 0.463371 0.513420 0.580586 0.071533 0.928583 0.227830 0.514806 0.387954 0.041376 0.950259 0.402316 0.063587 0.937965 0.783621 0.464277 0.257891 0.492320 0.061065 0.185555 0.748308 0.791339 0.915320 0.305539 0.555312 0.068737 0.957143 0.656983 0.807479 0.655559 0.226311 0.578048 0.977058 0.466153 0.610124 0.455483 0.756548 0.803372 0.765921 0.921759 0.299073 0.106149 0.738354 0.910019 0.081674 0.814791 0.803698 0.902507 0.532522 0.315478 0.261612 0.338245 0.194709 0.732629 0.427037 0.234709 0.632366 0.265039 0.127082 0.601869 0.650900 0.210933 0.892161 0.138661 0.624750 0.690254 0.502135 0.104165
0.574011 0.737194 0.484078 0.903943 0.243898 0.123896 0.210958 0.414233 0.452996 0.860545 0.371303 0.600971 0.536556 0.059484 0.095806 0.378978 0.064829 0.228486 0.263263 0.786721 0.357476 0.832374 0.198724 0.271680 0.882022 0.480493 0.253349 0.284685 0.771784 0.803371 0.875059 0.314009 0.120046 0.443867 0.707962 0.003912 0.297984 0.815651 0.351022 0.082840 0.438879 0.974964 0.758402 0.610372 0.797598 0.845338 0.008943 0.301895 0.739308 0.885360 0.508672 0.845514 0.185035 0.233853 0.968762 0.297842 0.722676 0.241198 0.037501 0.611739 0.676895 0.467472 0.305604 0.306743 0.427840 0.573443 0.629933 0.954002 0.678238 0.659086 0.956052 0.794348 0.805306 0.744331 0.870062 0.143471 0.739888 0.923895 0.801009 0.423837 0.993381 0.567332 0.926914 0.589266 0.942344 0.840697 0.449878 0.318118 0.121311 0.156249 0.550329 0.145749 0.843902 0.569462 0.877186 0.441179 0.354205 0.576733 0.019441 0.244215 0.889164 0.670203 0.721733 0.615816 0.723412 0.106527 0.376444 0.931141 0.236371 0.458557 0.067554 0.785651 0.002856 0.669854 0.336235 0.206925 0.392693 0.893507 0.769900 0.388086 0.651872 0.714581 0.997550 0.403155 0.452346 0.390986 0.301201 0.931794 0.996490 0.241635 0.079819 0.341724 0.463694 0.706257 0.020422 0.335203 0.354170 0.177988 0.430685 0.474847 0.787615 0.612167 0.682038 0.158981 0.486010 0.003522 0.311461 0.318076 0.056388 0.658130 0.919300 0.179366 0.854925 0.740692 0.060230 0.808531 0.470906 0.034777 0.480817 0.703192 0.345780 0.202735 0.013675 0.078810 0.719933 0.646567 0.857354 0.379380 0.832323 0.222151 0.501322 0.772391 0.405882 0.341705 0.710477 0.624037 0.297663 0.795823 0.316845 0.870777 0.425546 0.486257 0.165966 0.935490 0.875085 0.486109 0.333962 0.119909 0.483425 0.973300 0.948738 0.850870 0.850931 0.775236 0.418205 0.298779 0.541789 0.938396 0.499036 0.407131
0.644014 0.570404 0.851348 0.314387 0.675146 0.405819 0.094843 0.800271 0.031138 0.411819 0.158091 0.949606 0.494898 0.827128 0.606397 0.807765 0.491865 0.266472 0.883691 0.628800 0.757629 0.314917 0.184785 0.371549 0.156363 0.561624 0.932917 0.835422 0.558943 0.058615 0.236981 0.873186 0.920007 0.544789 0.668498 0.034278 0.666631 0.316859 0.691500 0.624528 0.672820 0.711315 0.629588 0.593296 0.025880 0.157592 0.847568 0.097069 0.743146 0.984092 0.988782 0.690329 0.907785 0.051291 0.076972 0.931315 0.480495 0.888830 0.715473 0.972551 0.259005 0.916774 0.188689 0.314503 0.779146 0.309019 0.498685 0.854982 0.237737 0.271149 0.240996 0.164399 0.099586 0.327183 0.660447 0.497721 0.672987 0.914433 0.553189 0.384314 0.111555 0.338043 0.954467 0.877929 0.210106 0.153785 0.086698 0.367324 0.665634 0.713457 0.102903 0.866507 0.424579 0.926318 0.879143 0.874097 0.148681 0.472569 0.338951 0.162771 0.532008 0.212165 0.984819 0.332777 0.760338 0.896223 0.401103 0.235658 0.911380 0.606768 0.598756 0.596042 0.322776 0.279874 0.323713 0.511242 0.376161 0.202898 0.631219 0.257129 0.463216 0.952844 0.843746 0.905120 0.694120 0.505347 0.820422 0.431236 0.924127 0.638896 0.333463 0.217947 0.025734 0.214408 0.426836 0.124980 0.073578 0.473319 0.027034 0.947267 0.242975 0.801930 0.357159 0.706174 0.811352 0.120990 0.642233 0.243110 0.546406 0.927249 0.041666 0.943981 0.993474 0.228680 0.213065 0.911163 0.406697 0.013565 0.449488 0.988594 0.866434 0.682466 0.242631 0.270747 0.526098 0.535953 0.463526 0.745139 0.678854 0.396946 0.036544 0.944790 0.234180 0.872529 0.608679 0.946469 0.699179 0.188501 0.456589 0.470011 0.037701 0.871776 0.405065 0.334526 0.791294 0.288408 0.997270 0.977351 0.829967 0.310145 0.437695 0.868664 0.315638 0.201999 0.517362 0.501715 0.957123 0.956872 0.569641 0.736939
0.318798 0.526584 0.455430 0.658675 0.002314 0.508286 0.446301 0.526038 0.376317 0.840172 0.737383 0.455450 0.259855 0.029601 0.396142 0.610256 0.038407 0.555308 0.200356 0.292609 0.616183 0.042920 0.926204 0.833679 0.084618 0.878588 0.436053 0.075792 0.260515 0.831106 0.129648 0.105443 0.305764 0.332838 0.409117 0.143309 0.597636 0.318768 0.651690 0.010696 0.791425 0.246894 0.370787 0.479766 0.355702 0.072292 0.634022 0.302947 0.498716 0.128211 0.948193 0.881985 0.130729 0.389469 0.690560 0.838257 0.024714 0.865637 0.895237 0.915742 0.333839 0.103164 0.540788 0.120644 0.423629 0.956956 0.423482 0.590694 0.589380 0.004251 0.839056 0.408933 0.711285 0.739899 0.101342 0.380195 0.127228 0.770705 0.547330 0.416363 0.721163 0.368671 0.840853 0.293711 0.267548 0.703362 0.055995 0.260189 0.896159 0.980106 0.745747 0.694334 0.821925 0.925396 0.682973 0.130642 0.631309 0.501320 0.951232 0.394794 0.266260 0.510618 0.305984 0.946220 0.595977 0.941284 0.707744 0.359694 0.432682 0.370687 0.573759 0.475172 0.465259 0.194741 0.363500 0.761483 0.273521 0.615268 0.393908 0.870211 0.946245 0.660067 0.704425 0.445744 0.265881 0.230195 0.903454 0.895964 0.447977 0.448231 0.772336 0.905568 0.387269 0.163999 0.173537 0.716667 0.368659 0.880566 0.373190 0.875778 0.708833 0.758206 0.410979 0.060215 0.955229 0.444889 0.495089 0.524613 0.279006 0.686163 0.071431 0.541375 0.923259 0.547424 0.096944 0.834844 0.058252 0.864979 0.402369 0.658813 0.890529 0.587493 0.775967 0.730244 0.433679 0.646416 0.043590 0.034436 0.564973 0.017003 0.066290 0.912998 0.710864 0.246092 0.424023 0.076176 0.202935 0.206232 0.582209 0.626074 0.926473 0.514429 0.972964 0.534997 0.934567 0.399937 0.842373 0.897031 0.538654 0.011396 0.510641 0.518719 0.050139 0.615147 0.912521 0.490400 0.388019 0.620705 0.988126 0.258882
0.185455 0.562600 0.161175 0.095831 0.403874 0.067563 0.890166 0.501211 0.198917 0.109285 0.185640 0.469811 0.707532 0.197448 0.968481 0.013898 0.444352 0.441736 0.211924 0.790409 0.879471 0.378812 0.782378 0.185855 0.484238 0.800169 0.609818 0.901080 0.063968 0.497411 0.928740 0.796201 0.560603 0.057376 0.785895 0.130703 0.920412 0.680665 0.593409 0.316497 0.290442 0.454759 0.872510 0.077391 0.717663 0.452568 0.350136 0.596252 0.760667 0.075318 0.583518 0.250610 0.837548 0.785567 0.601330 0.317827 0.906393 0.117436 0.099973 0.299458 0.345761 0.266780 0.929994 0.260212 0.260804 0.299334 0.971904 0.712063 0.816513 0.700481 0.532195 0.064680 0.806757 0.465000 0.924407 0.125512 0.956573 0.326692 0.384497 0.404486 0.337073 0.499875 0.044171 0.928974 0.359128 0.446798 0.972747 0.782207 0.928291 0.802384 0.727862 0.395934 0.184915 0.092341 0.315319 0.460019 0.823304 0.827672 0.369083 0.450400 0.859680 0.083537 0.463098 0.119481 0.245009 0.884610 0.437555 0.077035 0.432745 0.268398 0.780023 0.946604 0.080899 0.090468 0.642259 0.353439 0.273870 0.998914 0.256397 0.266270 0.525192 0.428141 0.146170 0.124447 0.064458 0.909874 0.663277 0.800317 0.902784 0.262079 0.578764 0.479183 0.240539 0.790519 0.110163 0.710273 0.885457 0.659971 0.648020 0.859218 0.455230 0.038740 0.489702 0.460349 0.829277 0.047248 0.295236 0.021161 0.241801 0.078463 0.279871 0.522595 0.778944 0.026560 0.834872 0.604715 0.386238 0.229236 0.507255 0.532651 0.744202 0.210456 0.404878 0.799501 0.776569 0.341319 0.059830 0.703278 0.410833 0.893748 0.240853 0.758360 0.944795 0.469767 0.401177 0.584573 0.783108 0.728381 0.404797 0.943194 0.305836 0.875429 0.806524 0.499252 0.363528 0.656686 0.619192 0.579159 0.038617 0.351903 0.674984 0.064375 0.021988 0.269032 0.581676 0.372308 0.724171 0.480441 0.068092 0.878357
0.251171 0.882629 0.581115 0.841413 0.126782 0.174407 0.042180 0.597575 0.548807 0.960080 0.213904 0.308740 0.503844 0.873778 0.389219 0.385086 0.644071 0.335972 0.509883 0.039960 0.561233 0.653248 0.512844 0.902391 0.470303 0.727813 0.039816 0.538594 0.348348 0.399898 0.151195 0.741075 0.444111 0.171428 0.879776 0.092237 0.080095 0.712847 0.788258 0.584362 0.068057 0.028605 0.007311 0.469585 0.594924 0.815320 0.014213 0.311133 0.545434 0.255882 0.705300 0.061023 0.908602 0.510109 0.797210 0.605132 0.527365 0.212100 0.634308 0.124903 0.153940 0.264425 0.214209 0.159485 0.180040 0.590099 0.083114 0.995007 0.848760 0.730730 0.836616 0.324432 0.664908 0.704823 0.968386 0.719211 0.698248 0.971191 0.638613 0.802902 0.042134 0.394897 0.125060 0.181234 0.057269 0.164279 0.417697 0.886627 0.756530 0.475712 0.020483 0.894453 0.641019 0.798768 0.093242 0.632878 0.113424 0.893054 0.287745 0.685888 0.479189 0.156009 0.438286 0.663422 0.235809 0.110055 0.950934 0.860522 0.232175 0.338804 0.497900 0.626190 0.450598 0.076526 0.986263 0.423617 0.352935 0.608560 0.804865 0.040614 0.445143 0.419611 0.765963 0.008497 0.880650 0.956322 0.845595 0.676135 0.235890 0.862373 0.478127 0.018893 0.299049 0.339967 0.026319 0.671119 0.542121 0.065648 0.687126 0.960558 0.254202 0.017457 0.398501 0.787569 0.434594 0.642584 0.354152 0.248828 0.967999 0.566060 0.554728 0.499148 0.918329 0.621714 0.994584 0.695681 0.852431 0.714812 0.992408 0.100542 0.360563 0.016621 0.883876 0.056272 0.652399 0.673761 0.064845 0.240200 0.831436 0.314848 0.215518 0.931923 0.847222 0.954103 0.420017 0.087055 0.984248 0.917640 0.063851 0.425406 0.547711 0.996019 0.923599 0.988160 0.580300 0.715926 0.870377 0.266037 0.058940 0.790646 0.059409 0.520884 0.272242 0.928585 0.808760 0.959712 0.074418 0.205015 0.713784 0.820965
0.139653 0.615665 0.763121 0.493610 0.874777 0.414700 0.506685 0.235574 0.786321 0.486454 0.699731 0.097032 0.566432 0.169365 0.093000 0.042121 0.185281 0.392397 0.451139 0.896804 0.760004 0.585168 0.990000 0.460923 0.349376 0.156456 0.139165 0.534027 0.929365 0.874516 0.320335 0.744559 0.449182 0.413395 0.868667 0.759481 0.879597 0.163239 0.638047 0.304922 0.196047 0.286271 0.902681 0.206549 0.197272 0.785302 0.900421 0.355964 0.800676 0.450004 0.890275 0.805857 0.847414 0.659812 0.655633 0.204054 0.109109 0.316575 0.040238 0.111017 0.222353 0.171815 0.613371 0.111294 0.838924 0.944205 0.918858 0.186496 0.304785 0.788822 0.314954 0.590345 0.116573 0.480030 0.323258 0.823949 0.462847 0.448227 0.477458 0.627181 0.050525 0.566192 0.417726 0.282579 0.208573 0.828665 0.420802 0.276747 0.298654 0.388316 0.337138 0.839059 0.653704 0.569065 0.909399 0.602034 0.406187 0.612561 0.997183 0.072644 0.634025 0.741590 0.827885 0.891513 0.941639 0.941180 0.585397 0.283258 0.536133 0.745017 0.957375 0.788436 0.663491 0.585592 0.344096 0.594145 0.866621 0.764713 0.187506 0.467410 0.232216 0.799231 0.224848 0.287834 0.487891 0.880638 0.814359 0.345354 0.683978 0.416896 0.694831 0.452912 0.708786 0.772373 0.458042 0.102360 0.253643 0.556970 0.630934 0.005826 0.309298 0.170079 0.432586 0.004688 0.951267 0.731719 0.878122 0.183282 0.410572 0.409488 0.999241 0.776007 0.327773 0.873410 0.416132 0.372350 0.773991 0.872350 0.445866 0.940739 0.490267 0.064808 0.624965 0.955299 0.799565 0.391256 0.867571 0.037557 0.145036 0.330398 0.112711 0.068232 0.394468 0.658845 0.725081 0.781886 0.047643 0.788710 0.788751 0.381066 0.102140 0.471783 0.347045 0.182636 0.060687 0.524327 0.876721 0.942558 0.359598 0.021156 0.857160 0.802071 0.510273 0.455047 0.610969 0.613640 0.702375 0.478666 0.502664 0.362122
0.017003 0.040196 0.712831 0.452523 0.649858 0.621345 0.543537 0.485913 0.250339 0.588952 0.034299 0.334162 0.155960 0.044343 0.615306 0.809508 0.720285 0.894916 0.926733 0.074256 0.542851 0.464950 0.120878 0.208937 0.006182 0.028416 0.369880 0.139118 0.590027 0.532682 0.268674 0.738363 0.195134 0.819421 0.852025 0.698402 0.681465 0.336798 0.859791 0.483490 0.423068 0.214844 0.872076 0.612639 0.709550 0.186713 0.242180 0.995160 0.534636 0.767747 0.490009 0.882516 0.376492 0.997114 0.928471 0.094377 0.158693 0.378494 0.750363 0.708091 0.970721 0.556653 0.739242 0.064962 0.275549 0.345414 0.119277 0.120954 0.067042 0.226625 0.217401 0.078326 0.916208 0.247381 0.286321 0.671748 0.528693 0.892200 0.809192 0.266449 0.340611 0.037237 0.427829 0.432186 0.434337 0.132825 0.865340 0.746219 0.616508 0.851495 0.382121 0.902369 0.645162 0.270512 0.666878 0.990251 0.918132 0.752229 0.107027 0.027768 0.890391 0.964760 0.901352 0.505319 0.375094 0.687640 0.185681 0.828379 0.638850 0.953949 0.168769 0.074638 0.942972 0.064887 0.348580 0.543554 0.956099 0.512404 0.084947 0.668044 0.107417 0.367192 0.322667 0.697077 0.521708 0.616496 0.703909 0.646841 0.534320 0.099465 0.610452 0.300004 0.570306 0.695792 0.219089 0.140337 0.922277 0.140223 0.465084 0.971047 0.424909 0.835095 0.482357 0.117956 0.417628 0.585358 0.921816 0.184909 0.805213 0.378053 0.792232 0.518173 0.572079 0.860442 0.290809 0.155646 0.354445 0.436964 0.782696 0.370595 0.892333 0.390580 0.622988 0.417076 0.877944 0.309280 0.972502 0.327417 0.217213 0.951175 0.634043 0.188398 0.851969 0.909023 0.990922 0.897957 0.565600 0.447707 0.788057 0.777762 0.905031 0.067235 0.755060 0.799430 0.950559 0.150148 0.458293 0.031959 0.619263 0.918285 0.998104 0.014945 0.935586 0.218851 0.989167 0.259157 0.481828 0.310660 0.857009 0.673075
0.606770 0.742734 0.937361 0.497373 0.758335 0.628412 0.052834 0.918479 0.542318 0.649548 0.871195 0.836323 0.911225 0.409036 0.954260 0.721855 0.760788 0.610088 0.544253 0.971401 0.689130 0.361975 0.631301 0.541843 0.640658 0.694827 0.495466 0.557867 0.299606 0.838135 0.746587 0.861560 0.355171 0.014256 0.529146 0.130650 0.792337 0.868078 0.547035 0.839796 0.486604 0.005756 0.041422 0.517557 0.443113 0.444948 0.324180 0.869757 0.014984 0.501056 0.660829 0.763475 0.397845 0.509555 0.258420 0.834349 0.235036 0.863862 0.685775 0.084848 0.696618 0.202330 0.365187 0.849985 0.180874 0.312412 0.984285 0.601729 0.805388 0.711197 0.284983 0.769268 0.681267 0.608060 0.254814 0.135156 0.857794 0.293280 0.326299 0.407036 0.035009 0.783392 0.840288 0.920189 0.449457 0.966451 0.669971 0.883007 0.735366 0.259494 0.651829 0.607359 0.308503 0.156237 0.338916 0.436103 0.726947 0.273346 0.284332 0.539377 0.126885 0.354253 0.574877 0.110523 0.412303 0.617635 0.151562 0.499700 0.379526 0.121340 0.033521 0.671173 0.416996 0.219926 0.384779 0.807743 0.850056 0.657882 0.418499 0.573369 0.746123 0.467517 0.208214 0.669398 0.396082 0.862192 0.810404 0.860796 0.830945 0.970556 0.064830 0.908348 0.683007 0.900470 0.486675 0.208946 0.949612 0.823096 0.352500 0.054162 0.221750 0.671789 0.574115 0.891359 0.596360 0.121263 0.863938 0.055397 0.965557 0.251269 0.596619 0.305367 0.565030 0.819356 0.308734 0.990267 0.339033 0.685192 0.214060 0.064288 0.954929 0.735957 0.671532 0.508466 0.958078 0.176460 0.917409 0.556397 0.843828 0.866110 0.286329 0.192421 0.723291 0.821846 0.522298 0.257064 0.421340 0.510409 0.483949 0.627349 0.834145 0.746231 0.877713 0.252960 0.991533 0.055824 0.954194 0.671018 0.591852 0.005868 0.985117 0.051219 0.919955 0.725821 0.023486 0.645311 0.632311 0.160111 0.977568 0.676434
0.078115 0.802451 0.574657 0.056076 0.352309 0.165269 0.610817 0.230623 0.131484 0.829768 0.030250 0.562793 0.073512 0.717168 0.706012 0.615946 0.513471 0.197101 0.558967 0.120299 0.616080 0.820133 0.445200 0.766974 0.125404 0.896455 0.467993 0.116646 0.343274 0.523607 0.922060 0.975535 0.146692 0.177673 0.736014 0.676193 0.756305 0.680871 0.727561 0.509410 0.051424 0.138473 0.206202 0.824947 0.191668 0.023867 0.897629 0.673800 0.206639 0.909018 0.342292 0.680218 0.984312 0.607355 0.126430 0.546999 0.995469 0.739851 0.940298 0.234722 0.966643 0.970547 0.787235 0.726587 0.012892 0.397684 0.469526 0.423890 0.689380 0.534376 0.800506 0.580142 0.688940 0.243419 0.299048 0.017423 0.389157 0.757049 0.948836 0.917991 0.550961 0.255979 0.906822 0.537994 0.726384 0.169059 0.543581 0.014042 0.456825 0.935174 0.881248 0.595726 0.181518 0.176655 0.446082 0.538778 0.050093 0.529434 0.729742 0.170333 0.527543 0.493428 0.653341 0.013791 0.421270 0.096837 0.949882 0.119197 0.821179 0.436456 0.448798 0.582526 0.018354 0.569223 0.133948 0.236714 0.485644 0.409523 0.158675 0.246155 0.158422 0.498717 0.995673 0.556228 0.436308 0.399802 0.295913 0.923251 0.057664 0.397523 0.411788 0.127687 0.371803 0.609540 0.108020 0.234091 0.823293 0.118529 0.616009 0.577482 0.191869 0.831372 0.286898 0.921518 0.684249 0.087404 0.798609 0.728496 0.203963 0.714464 0.008359 0.394880 0.632099 0.645468 0.017835 0.576209 0.998948 0.954675 0.124256 0.263391 0.716955 0.219331 0.246135 0.343235 0.854976 0.840091 0.902536 0.767757 0.733962 0.631563 0.491085 0.258983 0.098019 0.112174 0.877317 0.889391 0.104665 0.860071 0.062772 0.753603 0.368502 0.242587 0.026941 0.349172 0.903751 0.116972 0.251132 0.778307 0.206770 0.687955 0.098914 0.083960 0.064367 0.918761 0.744486 0.598944 0.837798 0.481840 0.401896 0.714212
0.776991 0.750358 0.274900 0.702228 0.928891 0.925798 0.885295 0.255409 0.996671 0.589542 0.414714 0.001522 0.992815 0.941150 0.152612 0.813530 0.053905 0.256352 0.511277 0.907666 0.857289 0.353406 0.917103 0.742293 0.769206 0.862113 0.555453 0.962973 0.586425 0.855633 0.820704 0.836656 0.476725 0.238097 0.069636 0.847366 0.070500 0.824501 0.600788 0.931583 0.769757 0.451299 0.229166 0.122722 0.552588 0.336158 0.393621 0.560989 0.151165 0.670635 0.415403 0.070305 0.939426 0.986095 0.404250 0.011091 0.018661 0.131198 0.089623 0.279247 0.602418 0.859557 0.906855 0.996544 0.502661 0.861518 0.827737 0.041859 0.852300 0.062774 0.262458 0.606135 0.100142 0.879719 0.488422 0.323699 0.933770 0.189776 0.796414 0.200517 0.988524 0.185265 0.254144 0.895505 0.102615 0.236738 0.409610 0.238461 0.976854 0.410243 0.572088 0.904936 0.440724 0.497123 0.971889 0.788536 0.026518 0.859976 0.782320 0.346772 0.390482 0.887582 0.332807 0.914137 0.473500 0.957362 0.481910 0.720503 0.686113 0.275229 0.417051 0.835457 0.747629 0.253027 0.866621 0.715006 0.492309 0.260446 0.395597 0.571548 0.019200 0.448153 0.459953 0.060772 0.398773 0.421563 0.788433 0.633687 0.518858 0.401768 0.234157 0.738474 0.732227 0.703082 0.037818 0.356729 0.269707 0.884322 0.705310 0.305518 0.395901 0.479277 0.769795 0.076867 0.514771 0.903981 0.761844 0.418003 0.371095 0.403016 0.921341 0.138706 0.294968 0.351113 0.092523 0.527611 0.775832 0.646039 0.256882 0.499832 0.757965 0.246976 0.676700 0.763103 0.509422 0.917686 0.347369 0.161963 0.302952 0.176321 0.441084 0.888939 0.976083 0.845958 0.374994 0.588328 0.840874 0.770628 0.507817 0.613336 0.524049 0.242908 0.519698 0.905108 0.803318 0.694617 0.497181 0.287763 0.188422 0.797274 0.094923 0.662639 0.941127 0.486475 0.505812 0.895444 0.199624 0.291066 0.337287 0.925604
0.495221 0.358077 0.231294 0.544696 0.768355 0.358935 0.601816 0.284813 0.773310 0.949543 0.756828 0.511138 0.418519 0.568801 0.376359 0.164775 0.321430 0.450507 0.120322 0.778429 0.895610 0.993626 0.029132 0.988349 0.930190 0.589251 0.753661 0.534488 0.658960 0.065242 0.443352 0.832281 0.135972 0.929025 0.547277 0.772177 0.927953 0.465545 0.244770 0.847695 0.617550 0.345215 0.828608 0.230721 0.714866 0.694205 0.555944 0.006732 0.726802 0.614528 0.859411 0.321917 0.002042 0.575079 0.742964 0.722354 0.394830 0.005766 0.843701 0.817146 0.980367 0.387530 0.991396 0.513518 0.086183 0.706972 0.333610 0.201581 0.222176 0.048039 0.810079 0.406992 0.091491 0.005678 0.161923 0.524016 0.135169 0.741609 0.541217 0.383009 0.913966 0.620940 0.684179 0.006147 0.266743 0.211390 0.995719 0.037263 0.225134 0.907622 0.943989 0.811483 0.178960 0.777881 0.036009 0.751724 0.343774 0.444194 0.912053 0.551770 0.586793 0.631832 0.359688 0.248682 0.194689 0.112029 0.706165 0.038939 0.009401 0.055704 0.978022 0.404961 0.988731 0.816774 0.775177 0.906549 0.651097 0.601209 0.716574 0.764274 0.779610 0.078429 0.431412 0.395344 0.213800 0.754796 0.964607 0.301065 0.590650 0.166277 0.835596 0.239370 0.960781 0.181447 0.026650 0.837098 0.068908 0.736722 0.026610 0.385140 0.745686 0.716601 0.322798 0.934382 0.562987 0.465272 0.993067 0.362002 0.193254 0.090816 0.656742 0.618760 0.784659 0.093471 0.260836 0.042915 0.757914 0.179857 0.841533 0.718033 0.053804 0.517526 0.468497 0.575674 0.010572 0.289048 0.742429 0.110058 0.623929 0.748773 0.557102 0.286347 0.865502 0.520110 0.269406 0.440878 0.368580 0.347015 0.639451 0.921079 0.776448 0.286239 0.951631 0.073480 0.831454 0.039557 0.897197 0.651684 0.952056 0.055803 0.665201 0.250619 0.061608 0.184133 0.063871 0.272608 0.817218 0.229385 0.337714 0.239580
0.577266 0.326556 0.354388 0.900995 0.766562 0.202581 0.938443 0.282957 0.129871 0.991447 0.550766 0.482422 0.195736 0.558371 0.169085 0.985823 0.820124 0.116432 0.695853 0.023725 0.921151 0.919307 0.052525 0.058308 0.045476 0.944247 0.313575 0.136063 0.947266 0.721942 0.410341 0.094638 0.995826 0.411463 0.339791 0.682166 0.153914 0.160439 0.985860 0.138560 0.904434 0.649336 0.108002 0.081761 0.718098 0.028069 0.088594 0.714355 0.515127 0.410461 0.256342 0.310550 0.726649 0.733989 0.488001 0.667982 0.247864 0.291432 0.674145 0.122956 0.561655 0.531838 0.459539 0.444201 0.286172 0.409535 0.436604 0.735958 0.150678 0.996580 0.175500 0.897445 0.786619 0.740593 0.377500 0.790978 0.285488 0.507497 0.894600 0.164247 0.882035 0.817783 0.326251 0.277377 0.969101 0.857145 0.346972 0.807514 0.353337 0.315495 0.246457 0.740063 0.258297 0.822367 0.906864 0.035977 0.884443 0.942724 0.138374 0.175943 0.965188 0.183124 0.131291 0.186207 0.710979 0.505923 0.924130 0.530113 0.129205 0.489291 0.501838 0.267511 0.086541 0.959063 0.119771 0.171332 0.074213 0.619767 0.103899 0.641289 0.181991 0.227630 0.921230 0.345921 0.655470 0.801423 0.518336 0.398590 0.387495 0.530673 0.615432 0.488004 0.607737 0.664221 0.370895 0.146616 0.839627 0.468240 0.379674 0.473742 0.675211 0.438683 0.531157 0.672028 0.233163 0.503608 0.211654 0.160429 0.594133 0.710995 0.961120 0.612055 0.388259 0.324736 0.332292 0.913144 0.933852 0.704269 0.896108 0.236363 0.873868 0.132308 0.135476 0.220791 0.224545 0.480335 0.018118 0.540438 0.267842 0.589069 0.394527 0.491050 0.869047 0.946952 0.436348 0.247339 0.153963 0.531919 0.127361 0.468130 0.461782 0.012236 0.751686 0.298944 0.272158 0.736074 0.238787 0.630222 0.936078 0.931861 0.003765 0.555943 0.655646 0.449724 0.024897 0.172844 0.638596 0.110855 0.798827 0.268584
0.825350 0.103629 0.964775 0.471166 0.545566 0.263177 0.576982 0.541055 0.007223 0.774338 0.890289 0.507935 0.237741 0.901966 0.682129 0.369783 0.117954 0.556146 0.692932 0.570214 0.792942 0.434006 0.837335 0.460811 0.873906 0.071648 0.255701 0.950003 0.912884 0.829856 0.904316 0.591810 0.018948 0.884437 0.860068 0.876195 0.470566 0.202905 0.964791 0.350598 0.491981 0.531803 0.777736 0.067800 0.011130 0.299920 0.869463 0.022665 0.874949 0.939032 0.860758 0.391920 0.933324 0.565963 0.177871 0.452054 0.995340 0.949194 0.135969 0.603758 0.618943 0.903175 0.529987 0.050164 0.286268 0.660437 0.426003 0.060796 0.283330 0.472051 0.758492 0.294812 0.750340 0.489322 0.058777 0.761254 0.653605 0.361224 0.286295 0.220335 0.798587 0.861872 0.545117 0.855304 0.114680 0.776784 0.133672 0.857130 0.923077 0.366660 0.117874 0.660376 0.129581 0.113832 0.633678 0.361991 0.648356 0.458051 0.338786 0.170440 0.238928 0.899605 0.346748 0.783260 0.486412 0.186471 0.387751 0.245378 0.758908 0.430285 0.743174 0.394435 0.946533 0.265262 0.528191 0.544539 0.920520 0.023369 0.728945 0.788772 0.685344 0.525375 0.465916 0.664146 0.789024 0.778995 0.227805 0.448893 0.985278 0.633803 0.672342 0.699013 0.713049 0.647853 0.933759 0.854764 0.443843 0.125968 0.838426 0.724278 0.729397 0.996488 0.641806 0.748770 0.397990 0.251836 0.901065 0.691300 0.243619 0.154508 0.424234 0.392702 0.319995 0.643735 0.634193 0.630554 0.953830 0.731521 0.665112 0.392173 0.576252 0.232474 0.127487 0.151563 0.232356 0.740851 0.430275 0.751699 0.332775 0.092740 0.085997 0.721103 0.122564 0.214258 0.187180 0.734300 0.040868 0.122553 0.446171 0.288445 0.524359 0.090318 0.618048 0.877954 0.170112 0.160266 0.206970 0.801073 0.967904 0.313585 0.586991 0.401551 0.654161 0.877201 0.941325 0.768643 0.184444 0.880256 0.756072 0.953129
0.680440 0.665778 0.257892 0.994099 0.485217 0.427286 0.504021 0.911811 0.794023 0.826015 0.879373 0.514041 0.963670 0.502379 0.191445 0.312520 0.857362 0.406879 0.836883 0.188179 0.495382 0.231108 0.487888 0.168385 0.605032 0.901732 0.725446 0.395214 0.974741 0.617892 0.377634 0.784398 0.551101 0.392337 0.065285 0.683498 0.650329 0.782863 0.307846 0.449780 0.156143 0.260589 0.057355 0.332905 0.969927 0.725994 0.680582 0.992697 0.067522 0.910671 0.427291 0.643386 0.980558 0.940594 0.475680 0.281336 0.229923 0.987628 0.129963 0.828754 0.991288 0.125532 0.495889 0.933915 0.670073 0.390443 0.361647 0.165210 0.145537 0.377721 0.128191 0.926269 0.418585 0.820444 0.666816 0.116007 0.821406 0.725159 0.170383 0.806915 0.325809 0.393030 0.324532 0.822403 0.885820 0.627375 0.892529 0.492175 0.391671 0.030838 0.486426 0.738660 0.602333 0.701423 0.767411 0.064804 0.088612 0.141866 0.356718 0.422801 0.635342 0.361020 0.072556 0.357769 0.528380 0.511916 0.890463 0.982763 0.031513 0.844632 0.619974 0.463851 0.787510 0.664032 0.695736 0.031580 0.380522 0.007768 0.646321 0.447286 0.823746 0.345067 0.811157 0.688350 0.281119 0.138551 0.958602 0.480227 0.312688 0.266681 0.458431 0.043580 0.020228 0.975185 0.936749 0.481042 0.161750 0.009129 0.588992 0.610071 0.478910 0.927564 0.083962 0.163699 0.019330 0.514421 0.449319 0.692777 0.398774 0.400789 0.456421 0.860632 0.722736 0.425050 0.989366 0.008647 0.414753 0.793254 0.165624 0.380430 0.554104 0.920558 0.017023 0.476909 0.485324 0.856781 0.062287 0.495892 0.888539 0.488327 0.423383 0.821256 0.168989 0.692280 0.456370 0.970631 0.124343 0.618046 0.368414 0.574302 0.631788 0.238429 0.326121 0.445428 0.529058 0.964945 0.334151 0.478272 0.724180 0.426336 0.887371 0.320017 0.588902 0.280133 0.286005 0.242397 0.390116 0.363194 0.504272 0.623210
0.839609 0.711983 0.766997 0.243505 0.746001 0.642197 0.423702 0.952501 0.056214 0.757576 0.924980 0.113054 0.031386 0.629527 0.871348 0.334652 0.932704 0.640315 0.784563 0.500478 0.669209 0.531214 0.368677 0.510756 0.515529 0.773165 0.490392 0.237215 0.501418 0.538298 0.710685 0.692231 0.337143 0.505386 0.286549 0.894698 0.728053 0.865038 0.727514 0.915099 0.519379 0.577631 0.976869 0.363335 0.396573 0.025697 0.409567 0.854880 0.233245 0.726200 0.198615 0.655012 0.965564 0.357455 0.521110 0.579262 0.977486 0.472027 0.902539 0.628857 0.124990 0.741652 0.027159 0.855756 0.056117 0.841175 0.924182 0.298290 0.457517 0.014478 0.650972 0.348804 0.709877 0.153844 0.284288 0.212376 0.295230 0.720615 0.279818 0.049148 0.554010 0.231390 0.989500 0.404966 0.842309 0.203513 0.628218 0.796050 0.788685 0.795973 0.778163 0.721642 0.122847 0.977636 0.249318 0.057575 0.926266 0.423133 0.483282 0.744273 0.275009 0.235549 0.398406 0.299469 0.804699 0.246852 0.560480 0.631673 0.972741 0.973335 0.217516 0.145023 0.549514 0.861087 0.329552 0.794279 0.882927 0.662987 0.790824 0.130347 0.405876 0.754140 0.927600 0.926460 0.849966 0.877285 0.289767 0.902136 0.382145 0.993528 0.039379 0.412760 0.385567 0.152260 0.222106 0.592312 0.645405 0.692091 0.467349 0.175677 0.652976 0.808696 0.823158 0.807621 0.525418 0.813579 0.054029 0.850605 0.934008 0.739885 0.420737 0.571845 0.415578 0.250221 0.532275 0.845975 0.256109 0.224313 0.657154 0.925288 0.783533 0.391205 0.873377 0.610782 0.183383 0.507459 0.628974 0.468856 0.536434 0.435954 0.430599 0.265874 0.532129 0.417183 0.048539 0.660950 0.331537 0.505307 0.665085 0.518227 0.243679 0.698780 0.892156 0.767919 0.460765 0.336963 0.035317 0.450682 0.816593 0.244244 0.544694 0.091442 0.735244 0.416582 0.684725 0.387489 0.099505 0.953819 0.346585 0.028027
0.396384 0.568523 0.828456 0.281440 0.733735 0.762309 0.023116 0.588667 0.621915 0.058872 0.938407 0.528526 0.941396 0.950324 0.291410 0.378550 0.301068 0.407990 0.608132 0.201519 0.943208 0.095673 0.794151 0.302459 0.680647 0.548306 0.922294 0.006223 0.015720 0.683214 0.872369 0.165463 0.780339 0.890105 0.374620 0.547212 0.465515 0.249468 0.318895 0.178881 0.711004 0.939274 0.434889 0.272458 0.634049 0.865699 0.250141 0.440543 0.730001 0.103674 0.784843 0.975449 0.504611 0.580230 0.450436 0.295585 0.661467 0.875217 0.464500 0.784408 0.269347 0.699960 0.837999 0.164483 0.424705 0.241085 0.093197 0.858029 0.383635 0.189110 0.626922 0.619034 0.135468 0.680468 0.850185 0.448138 0.035796 0.285478 0.333888 0.716553 0.402014 0.670458 0.690540 0.010840 0.906104 0.256450 0.868868 0.180022 0.528159 0.809965 0.232669 0.369411 0.559985 0.082038 0.797143 0.238988 0.511359 0.183574 0.637968 0.125150 0.924170 0.908856 0.199222 0.174757 0.317393 0.962912 0.912019 0.726550 0.766765 0.104977 0.063025 0.016081 0.212736 0.134195 0.475538 0.116677 0.719344 0.308937 0.093391 0.304399 0.378441 0.008516 0.887120 0.309585 0.963690 0.551625 0.343058 0.174980 0.960483 0.105329 0.283589 0.010987 0.689858 0.819264 0.954684 0.952728 0.264421 0.956715 0.591528 0.867530 0.466396 0.703784 0.222062 0.720734 0.890735 0.342550 0.542374 0.359670 0.735718 0.229565 0.862121 0.678889 0.460618 0.301094 0.643634 0.245026 0.604114 0.755352 0.219911 0.687336 0.831294 0.893735 0.061524 0.095213 0.979078 0.774190 0.440889 0.117870 0.371206 0.822864 0.462018 0.031953 0.147350 0.751947 0.379949 0.368459 0.075696 0.350146 0.424882 0.990051 0.097348 0.149433 0.108100 0.074602 0.369977 0.640983 0.446238 0.277750 0.409263 0.400669 0.131902 0.576674 0.685882 0.562516 0.301604 0.709478 0.445591 0.433229 0.022137 0.052678
0.516051 0.653903 0.657962 0.680226 0.007705 0.450952 0.017366 0.913366 0.203433 0.669043 0.241428 0.649657 0.434555 0.048402 0.755407 0.299955 0.060944 0.624038 0.744448 0.491866 0.994878 0.203974 0.165284 0.996311 0.504346 0.892801 0.157744 0.944028 0.540093 0.092205 0.681046 0.739090 0.659971 0.990379 0.259632 0.505239 0.436937 0.789998 0.336930 0.818669 0.018415 0.926126 0.668622 0.299947 0.069632 0.353793 0.284132 0.886991 0.940263 0.036608 0.880026 0.880196 0.740598 0.600599 0.908312 0.986602 0.268636 0.013786 0.180317 0.305719 0.614967 0.252896 0.760532 0.720365 0.842858 0.324408 0.441397 0.809739 0.228879 0.587767 0.469713 0.190409 0.844259 0.402194 0.022915 0.227518 0.275504 0.487751 0.332762 0.921881 0.030725 0.939372 0.712185 0.125936 0.505155 0.422475 0.435808 0.815521 0.456661 0.743449 0.026143 0.235460 0.312928 0.238233 0.830576 0.082217 0.503147 0.269178 0.870894 0.019557 0.307226 0.481257 0.355622 0.813329 0.420494 0.962238 0.041147 0.656755 0.413404 0.508112 0.029064 0.903429 0.267646 0.132435 0.401154 0.506709 0.078409 0.947904 0.785053 0.274571 0.396399 0.626143 0.969984 0.496688 0.114231 0.182832 0.819077 0.691055 0.658851 0.762468 0.993322 0.767099 0.432528 0.914827 0.690836 0.122337 0.363332 0.151159 0.201438 0.328282 0.759729 0.515105 0.663742 0.612907 0.180575 0.080598 0.535524 0.218424 0.946248 0.099439 0.995573 0.443795 0.757429 0.124887 0.659740 0.086071 0.561144 0.977063 0.824414 0.807404 0.626710 0.221032 0.108860 0.385874 0.934663 0.636899 0.227082 0.557461 0.634283 0.211681 0.215549 0.878284 0.922630 0.951942 0.399060 0.441169 0.473141 0.361013 0.715272 0.597182 0.042305 0.739318 0.742353 0.243197 0.489574 0.287147 0.765521 0.452020 0.512782 0.568301 0.526785 0.401374 0.467965 0.139233 0.312891 0.227436 0.079018 0.471365 0.073777 0.218556
0.603139 0.580656 0.905899 0.532273 0.627078 0.905172 0.770009 0.021929 0.895926 0.582981 0.762349 0.903676 0.535591 0.182455 0.074531 0.911623 0.470819 0.034453 0.716576 0.351715 0.769209 0.232343 0.377095 0.808714 0.545359 0.703722 0.721850 0.722954 0.703987 0.856622 0.767247 0.385048 0.362015 0.400414 0.787411 0.149865 0.545355 0.759524 0.996487 0.539191 0.414928 0.400052 0.318181 0.724180 0.178466 0.121383 0.707888 0.812357 0.933697 0.003339 0.887876 0.463158 0.120093 0.036886 0.714288 0.836721 0.520956 0.837045 0.990356 0.469895 0.047482 0.633508 0.304548 0.523120 0.949424 0.993746 0.027674 0.290854 0.635002 0.439627 0.392865 0.388234 0.066210 0.202578 0.819415 0.681919 0.631448 0.473454 0.819636 0.174543 0.535591 0.601015 0.069652 0.602894 0.235568 0.600116 0.555776 0.785799 0.925311 0.808073 0.916563 0.972727 0.801250 0.688645 0.147944 0.482467 0.844215 0.965830 0.786058 0.844449 0.066916 0.317648 0.744518 0.396595 0.130623 0.173873 0.029818 0.855648 0.566508 0.678985 0.973211 0.844785 0.428923 0.184389 0.788709 0.594512 0.252229 0.713577 0.631117 0.905378 0.760025 0.495636 0.184629 0.834501 0.888966 0.789556 0.202185 0.007625 0.548007 0.855073 0.237108 0.957702 0.152981 0.969156 0.433933 0.830698 0.877858 0.694625 0.235115 0.414743 0.573613 0.318349 0.511893 0.240199 0.348627 0.931186 0.425536 0.766869 0.316337 0.767185 0.162883 0.103540 0.192081 0.024938 0.843058 0.524559 0.239079 0.300138 0.014764 0.100168 0.192851 0.730912 0.516032 0.101369 0.103538 0.798490 0.332588 0.398301 0.391474 0.198031 0.690318 0.929930 0.666530 0.660795 0.501694 0.659921 0.545254 0.523446 0.875913 0.303623 0.168189 0.710631 0.615817 0.697558 0.102380 0.302063 0.270515 0.566430 0.032034 0.228747 0.749229 0.155199 0.638954 0.662866 0.806528 0.604966 0.037383 0.108665 0.359822 0.976339
0.892381 0.569162 0.395894 0.412250 0.525549 0.350959 0.521446 0.952898 0.541561 0.014581 0.064961 0.780302 0.603992 0.443197 0.790203 0.156494 0.598015 0.538872 0.394948 0.266329 0.716660 0.832299 0.236305 0.610229 0.655048 0.011829 0.163147 0.675157 0.893265 0.395609 0.771452 0.314982 0.965097 0.967904 0.050465 0.180429 0.183980 0.756408 0.142300 0.518140 0.003408 0.172467 0.671688 0.160944 0.666424 0.374694 0.279225 0.136582 0.050590 0.468693 0.108445 0.720108 0.146785 0.952473 0.702094 0.588809 0.414858 0.991521 0.066711 0.092035 0.710255 0.389328 0.025144 0.753739 0.567107 0.315694 0.522440 0.829054 0.391809 0.358545 0.329252 0.038875 0.457717 0.088181 0.386490 0.628895 0.666740 0.639495 0.340786 0.273842 0.460838 0.367515 0.047952 0.736869 0.405247 0.144337 0.796720 0.629149 0.453011 0.051027 0.868451 0.678811 0.381031 0.132328 0.021220 0.741326 0.025676 0.250441 0.039556 0.590292 0.660657 0.060825 0.196215 0.879193 0.485470 0.248926 0.279710 0.518344 0.982691 0.998689 0.413188 0.632619 0.877205 0.758440 0.918557 0.073041 0.345681 0.413662 0.088032 0.187497 0.921458 0.810432 0.774601 0.929291 0.668560 0.673432 0.953246 0.324922 0.437710 0.889454 0.672885 0.343512 0.509047 0.907204 0.794928 0.259753 0.476626 0.046761 0.691878 0.448814 0.945885 0.060641 0.381462 0.681414 0.899170 0.432404 0.621906 0.475834 0.323140 0.667568 0.496607 0.759851 0.896845 0.764233 0.320574 0.461620 0.170965 0.166133 0.672982 0.321823 0.463763 0.948856 0.403941 0.742603 0.195980 0.934177 0.239719 0.829263 0.417672 0.996046 0.780492 0.312892 0.028818 0.014078 0.091314 0.230784 0.045664 0.535729 0.588023 0.930993 0.612076 0.173761 0.398907 0.797781 0.266516 0.254979 0.821093 0.171658 0.814625 0.910586 0.671773 0.741287 0.275752 0.906339 0.698977 0.089430 0.742718 0.190624 0.824625 0.809235
0.447607 0.868169 0.609022 0.920320 0.939419 0.610353 0.746473 0.623649 0.635043 0.899651 0.161167 0.389486 0.301289 0.680864 0.558372 0.392015 0.056228 0.064892 0.221532 0.533110 0.942667 0.083249 0.948254 0.438699 0.840165 0.025301 0.804207 0.663595 0.183038 0.918207 0.311809 0.438295 0.254177 0.643081 0.583508 0.426127 0.821670 0.713522 0.969623 0.923793 0.639558 0.882844 0.214967 0.102151 0.544109 0.819914 0.311737 0.118276 0.532129 0.697111 0.788694 0.766514 0.229357 0.386335 0.958386 0.932654 0.379352 0.622695 0.802690 0.085986 0.054522 0.516429 0.493051 0.760297 0.244868 0.417499 0.259947 0.296594 0.669051 0.305105 0.811035 0.747658 0.789240 0.050110 0.279030 0.451502 0.417686 0.937606 0.261157 0.949510 0.410867 0.895579 0.323241 0.922204 0.549613 0.193606 0.815351 0.375938 0.153884 0.774318 0.890576 0.487541 0.301875 0.679586 0.898558 0.899474 0.217462 0.857210 0.560061 0.810509 0.160622 0.494372 0.220000 0.193266 0.920811 0.219553 0.563213 0.389042 0.871106 0.285641 0.876339 0.550268 0.272697 0.673153 0.217721 0.943686 0.622306 0.857376 0.348277 0.555552 0.030015 0.196915 0.695762 0.030066 0.984286 0.596355 0.538299 0.779470 0.979680 0.807669 0.020609 0.340537 0.498919 0.751253 0.759955 0.921851 0.203818 0.711969 0.642490 0.376748 0.901759 0.813344 0.895282 0.442731 0.751082 0.379390 0.353553 0.480026 0.642955 0.520682 0.134419 0.743646 0.519429 0.923956 0.223479 0.557811 0.479391 0.341888 0.551280 0.806380 0.466270 0.465397 0.326472 0.846706 0.860166 0.903970 0.027368 0.845421 0.094329 0.782106 0.570206 0.732977 0.765275 0.238922 0.288641 0.485579 0.134140 0.021166 0.015248 0.411211 0.599323 0.779784 0.619622 0.541417 0.634482 0.617787 0.854138 0.271606 0.994360 0.990880 0.797692 0.014416 0.717840 0.855568 0.727628 0.699744 0.240961 0.250749 0.623467 0.769889
0.626345 0.820659 0.910518 0.171281 0.701347 0.725591 0.350288 0.743408 0.041960 0.659799 0.679275 0.750743 0.608158 0.915637 0.924025 0.246187 0.512193 0.083700 0.919919 0.414643 0.362732 0.557853 0.911319 0.412133 0.466979 0.461121 0.011081 0.555593 0.317066 0.159764 0.758847 0.641283 0.871587 0.486147 0.107311 0.768919 0.213167 0.533930 0.393727 0.028006 0.454980 0.843540 0.435290 0.556648 0.690131 0.796530 0.337558 0.264116 0.166623 0.916115 0.774835 0.601067 0.756628 0.317836 0.487244 0.525117 0.497423 0.601542 0.473108 0.667069 0.575228 0.835761 0.704811 0.451846 0.134700 0.542441 0.123779 0.787102 0.453127 0.806254 0.789190 0.962029 0.974019 0.169916 0.320544 0.891249 0.005793 0.552497 0.457442 0.199254 0.139212 0.910480 0.191984 0.102608 0.385367 0.817549 0.072341 0.268545 0.736247 0.734257 0.068503 0.210183 0.946779 0.630817 0.964084 0.012975 0.113906 0.714802 0.584562 0.732345 0.929836 0.088102 0.482673 0.908247 0.716316 0.113347 0.775682 0.842791 0.569362 0.625848 0.740582 0.341759 0.980136 0.933536 0.178486 0.176149 0.894595 0.482324 0.309529 0.977707 0.251843 0.579734 0.714917 0.904377 0.560440 0.921284 0.890382 0.997704 0.738529 0.012863 0.218848 0.586574 0.822754 0.331880 0.995351 0.005894 0.626936 0.967218 0.399914 0.382929 0.196645 0.482367 0.540326 0.974202 0.244320 0.182966 0.743477 0.835789 0.953628 0.454282 0.314905 0.922667 0.952475 0.427152 0.057774 0.877166 0.592371 0.612916 0.062569 0.738892 0.131468 0.196173 0.682655 0.137725 0.539906 0.130624 0.951249 0.097709 0.396212 0.578305 0.080947 0.616584 0.811208 0.925659 0.136519 0.271591 0.512244 0.536492 0.991687 0.762884 0.448658 0.131955 0.754373 0.247205 0.995619 0.640996 0.645301 0.287120 0.046699 0.850292 0.238759 0.356149 0.573537 0.083746 0.665371 0.494397 0.201114 0.358443 0.514673 0.429082
0.321652 0.510825 0.546079 0.211144 0.625353 0.636450 0.978954 0.096371 0.758624 0.945939 0.214856 0.976420 0.289412 0.776459 0.897706 0.667476 0.633430 0.630008 0.522734 0.924147 0.718942 0.815724 0.221723 0.187424 0.403163 0.338634 0.594149 0.462826 0.674904 0.170289 0.778689 0.585168 0.941257 0.704876 0.031104 0.869037 0.937334 0.814878 0.066913 0.130891 0.302839 0.901561 0.250864 0.080276 0.282130 0.661669 0.896798 0.901162 0.514116 0.642715 0.232729 0.357508 0.490863 0.596409 0.746345 0.840208 0.348888 0.027056 0.203954 0.870472 0.934387 0.480990 0.529270 0.014900 0.320047 0.330385 0.763634 0.028555 0.160664 0.201441 0.280382 0.133839 0.948264 0.353785 0.585449 0.318039 0.309428 0.087909 0.155790 0.441577 0.819074 0.331175 0.272138 0.516100 0.150806 0.363240 0.989010 0.233730 0.334782 0.199781 0.086027 0.047300 0.880925 0.139082 0.500630 0.900265 0.228695 0.538388 0.599798 0.669558 0.000746 0.983252 0.465067 0.978380 0.263196 0.307278 0.810096 0.665094 0.372109 0.334160 0.345122 0.482560 0.373311 0.091038 0.189499 0.580454 0.758748 0.579612 0.697071 0.480775 0.286785 0.104821 0.849846 0.732284 0.876805 0.617902 0.341613 0.333545 0.617407 0.467349 0.030090 0.226601 0.219700 0.153833 0.097363 0.263575 0.623144 0.874567 0.475673 0.850178 0.346214 0.928103 0.915585 0.434787 0.246500 0.763286 0.353997 0.217780 0.561202 0.338772 0.290497 0.474615 0.593648 0.985253 0.926328 0.381419 0.371175 0.054835 0.455213 0.669275 0.595754 0.123513 0.136649 0.049307 0.076962 0.743837 0.497165 0.165519 0.049819 0.688611 0.747957 0.413137 0.569818 0.212884 0.247574 0.599153 0.802156 0.287706 0.342077 0.033632 0.496157 0.763733 0.679451 0.791234 0.592995 0.891072 0.452700 0.444117 0.520154 0.617958 0.788006 0.053785 0.859288 0.538388 0.770321 0.538828 0.639182 0.345736 0.343788 0.824691
0.096998 0.668184 0.185560 0.696002 0.780750 0.496138 0.610308 0.835728 0.773929 0.324146 0.669332 0.310119 0.576802 0.757818 0.056090 0.491056 0.797669 0.000943 0.553938 0.442433 0.082684 0.638857 0.173657 0.695013 0.969827 0.963970 0.034330 0.017166 0.135933 0.052183 0.610278 0.813647 0.888462 0.634665 0.709500 0.302773 0.347182 0.885283 0.790140 0.718364 0.964580 0.683515 0.348617 0.599289 0.427150 0.320037 0.242740 0.895956 0.424460 0.843872 0.898269 0.017313 0.437719 0.675690 0.265290 0.891461 0.378866 0.629742 0.625422 0.578050 0.475517 0.361297 0.335383 0.538735 0.131420 0.269880 0.511347 0.910198 0.826688 0.116384 0.507962 0.318860 0.508988 0.444677 0.700448 0.943477 0.387534 0.964714 0.266838 0.277435 0.259172 0.252487 0.548549 0.079794 0.033684 0.376678 0.428193 0.967138 0.376021 0.948130 0.904674 0.547537 0.443687 0.152269 0.626876 0.864487 0.277796 0.549269 0.240333 0.756220 0.170560 0.641179 0.054747 0.677920 0.041745 0.711917 0.601805 0.447956 0.037631 0.689957 0.910111 0.916285 0.874868 0.409655 0.715600 0.620839 0.714278 0.293680 0.905541 0.609096 0.408841 0.580678 0.663173 0.629944 0.676374 0.847655 0.752092 0.137449 0.547054 0.669787 0.181685 0.097036 0.020339 0.930486 0.627756 0.630260 0.772720 0.880228 0.480866 0.850927 0.076179 0.180430 0.360950 0.334309 0.452016 0.794777 0.874766 0.340488 0.314010 0.708870 0.778888 0.726862 0.222236 0.134065 0.498409 0.689961 0.343315 0.776662 0.878987 0.652213 0.259718 0.194463 0.001957 0.962131 0.885219 0.969076 0.439943 0.305772 0.150166 0.320175 0.541948 0.242297 0.553564 0.800383 0.255700 0.827602 0.145650 0.642865 0.341231 0.545895 0.575809 0.604610 0.804637 0.191041 0.059546 0.375727 0.258822 0.610382 0.005332 0.796045 0.180466 0.557859 0.469741 0.304793 0.795468 0.023201 0.970458 0.908017 0.145595 0.814554
0.062165 0.883126 0.376146 0.555638 0.790544 0.948664 0.147100 0.585008 0.991952 0.504137 0.419949 0.468193 0.538937 0.440110 0.079544 0.483553 0.965010 0.061111 0.052078 0.688357 0.482870 0.705831 0.421696 0.423967 0.585818 0.071014 0.699409 0.219916 0.097062 0.627308 0.542116 0.774766 0.735225 0.156785 0.020329 0.453343 0.373813 0.203408 0.304645 0.257357 0.727820 0.096348 0.156408 0.994521 0.476113 0.956628 0.550840 0.983555 0.364356 0.427067 0.587120 0.193271 0.964224 0.557649 0.052757 0.130886 0.855045 0.563970 0.996926 0.695500 0.363825 0.274806 0.193791 0.447754 0.273649 0.254918 0.946337 0.894896 0.979340 0.250595 0.772381 0.140618 0.009534 0.965162 0.247670 0.479556 0.484089 0.934565 0.947948 0.259057 0.723467 0.773382 0.503091 0.296542 0.690408 0.013858 0.461612 0.359536 0.431007 0.858585 0.433708 0.839277 0.020841 0.446815 0.248359 0.852567 0.094047 0.193854 0.896303 0.458520 0.557339 0.173783 0.970862 0.392207 0.267767 0.595321 0.630469 0.643235 0.073802 0.899225 0.573288 0.740778 0.744694 0.354405 0.442624 0.363318 0.216359 0.835125 0.940866 0.226769 0.859678 0.369250 0.665484 0.448942 0.774114 0.089507 0.050750 0.747436 0.894159 0.033809 0.549388 0.155731 0.220406 0.180453 0.842952 0.335563 0.838357 0.908209 0.678791 0.290266 0.984453 0.500864 0.275413 0.081390 0.668179 0.195966 0.745471 0.813403 0.966107 0.956603 0.688293 0.412406 0.214432 0.932660 0.709157 0.330949 0.453331 0.862630 0.122805 0.700686 0.992741 0.030896 0.284967 0.751635 0.803962 0.195360 0.860572 0.975241 0.104661 0.445318 0.759708 0.297190 0.092077 0.128959 0.224729 0.321704 0.134026 0.184556 0.063435 0.301275 0.682334 0.520129 0.883222 0.900759 0.486270 0.087212 0.299633 0.213234 0.518908 0.975108 0.790901 0.349866 0.211514 0.433424 0.870360 0.782861 0.177533 0.464345 0.398691 0.528839
0.167709 0.014211 0.177304 0.517409 0.928577 0.733455 0.026720 0.401714 0.904536 0.535724 0.024146 0.650586 0.852042 0.365459 0.152118 0.047046 0.901699 0.487948 0.271199 0.380908 0.997305 0.885180 0.935030 0.933317 0.263374 0.114572 0.935702 0.226979 0.357889 0.831459 0.185953 0.286746 0.675636 0.872766 0.131257 0.531985 0.476942 0.364540 0.370485 0.066298 0.955897 0.720414 0.761433 0.560101 0.460772 0.262051 0.776896 0.111932 0.835304 0.314458 0.606759 0.651995 0.276643 0.454701 0.475809 0.952551 0.583152 0.497760 0.006168 0.663813 0.749230 0.056161 0.080453 0.030332 0.300620 0.698428 0.296384 0.883840 0.458093 0.444991 0.180244 0.960310 0.429207 0.641255 0.454907 0.660623 0.094086 0.352663 0.256769 0.407732 0.661202 0.379997 0.380464 0.165446 0.237917 0.712560 0.421306 0.941401 0.752797 0.073534 0.560879 0.468679 0.542047 0.936950 0.568598 0.492695 0.538428 0.524377 0.243339 0.901795 0.533713 0.431887 0.191076 0.808328 0.102305 0.261333 0.221811 0.372098 0.216140 0.521345 0.095540 0.895506 0.675536 0.376965 0.166735 0.628327 0.370993 0.835389 0.204338 0.738584 0.133534 0.643590 0.220099 0.710680 0.085837 0.017174 0.030042 0.689786 0.389819 0.324083 0.624267 0.240121 0.838232 0.281595 0.929333 0.141289 0.479552 0.391013 0.585277 0.347350 0.526884 0.765930 0.501962 0.697811 0.911568 0.762991 0.151976 0.481088 0.696257 0.334113 0.027550 0.081736 0.495689 0.917747 0.782879 0.824022 0.013216 0.876812 0.651640 0.924542 0.595633 0.656827 0.946388 0.033396 0.074893 0.602956 0.794397 0.689544 0.979213 0.344205 0.285624 0.685591 0.224109 0.155309 0.234137 0.601686 0.536172 0.106296 0.375820 0.195453 0.773752 0.475797 0.111770 0.854758 0.856445 0.774794 0.050764 0.764966 0.699507 0.617902 0.597232 0.506520 0.317846 0.048699 0.311318 0.622701 0.198211 0.119394 0.870999 0.924895
0.880952 0.209272 0.188343 0.648276 0.580234 0.580210 0.088746 0.672864 0.354547 0.183592 0.949804 0.051747 0.017368 0.148446 0.858519 0.941717 0.661800 0.022194 0.413467 0.560298 0.806122 0.752783 0.141934 0.932568 0.345059 0.844982 0.540218 0.759042 0.159777 0.905131 0.412786 0.153412 0.985850 0.592971 0.444268 0.368467 0.330461 0.704291 0.824560 0.463380 0.770438 0.323689 0.090080 0.989927 0.152979 0.244285 0.585729 0.432953 0.788502 0.142774 0.277711 0.998607 0.780984 0.495832 0.295213 0.067870 0.971058 0.017479 0.058599 0.074794 0.588000 0.743741 0.147880 0.122164 0.453479 0.638840 0.854528 0.639305 0.600130 0.127237 0.473986 0.884004 0.389102 0.181208 0.885152 0.120476 0.840102 0.786404 0.676450 0.255021 0.509260 0.175266 0.063824 0.272775 0.015519 0.789611 0.738496 0.552103 0.531105 0.981637 0.491752 0.882445 0.490155 0.107234 0.794215 0.061772 0.293982 0.568510 0.374340 0.077351 0.744255 0.676985 0.890766 0.709181 0.929849 0.005812 0.247234 0.123562 0.936565 0.229726 0.131346 0.867026 0.165170 0.007768 0.438317 0.345195 0.059556 0.912622 0.618244 0.821140 0.887253 0.383775 0.456361 0.915658 0.699793 0.822620 0.072932 0.438830 0.561264 0.242063 0.533006 0.792409 0.089230 0.178979 0.099387 0.324493 0.998977 0.687085 0.890091 0.065497 0.091956 0.950343 0.298036 0.360444 0.617802 0.975300 0.446274 0.516877 0.245057 0.355422 0.559304 0.038689 0.450090 0.085624 0.827554 0.600498 0.812705 0.502984 0.258117 0.920461 0.340307 0.289844 0.956564 0.419982 0.807944 0.472353 0.661633 0.481958 0.907952 0.450350 0.152884 0.562321 0.929470 0.163555 0.798242 0.422819 0.694253 0.212886 0.330879 0.389921 0.971618 0.168366 0.911611 0.041465 0.548680 0.057676 0.433043 0.977231 0.480418 0.881742 0.794587 0.015479 0.862217 0.612302 0.472378 0.863859 0.113634 0.206654 0.547531 0.097811
0.495727 0.327334 0.048546 0.731606 0.008824 0.766438 0.752236 0.077134 0.826715 0.660547 0.503606 0.318436 0.819614 0.664607 0.044546 0.463432 0.518816 0.709344 0.548731 0.047747 0.866783 0.635075 0.358937 0.297988 0.725121 0.247190 0.445203 0.660593 0.530427 0.810497 0.115819 0.660336 0.406667 0.007987 0.023525 0.486912 0.985433 0.558564 0.494335 0.940460 0.855753 0.841236 0.731279 0.851518 0.347757 0.234114 0.677183 0.368522 0.620185 0.550676 0.688318 0.055645 0.938243 0.506107 0.468924 0.961535 0.713908 0.554302 0.090296 0.142045 0.134525 0.451455 0.860824 0.250202 0.167806 0.130379 0.215305 0.444961 0.749497 0.060960 0.908166 0.590871 0.230754 0.158853 0.972215 0.780733 0.622320 0.327482 0.571419 0.186801 0.233547 0.788190 0.760369 0.431975 0.016012 0.182389 0.464331 0.391730 0.760187 0.897553 0.674183 0.299201 0.466382 0.539794 0.109605 0.365917 0.411867 0.229097 0.927788 0.975584 0.808523 0.168366 0.236125 0.693419 0.090960 0.704918 0.083132 0.491696 0.904442 0.256577 0.602148 0.741973 0.526305 0.109805 0.143757 0.356004 0.485179 0.729336 0.193573 0.285496 0.081497 0.772410 0.919141 0.684749 0.927963 0.104213 0.799500 0.166107 0.824953 0.142862 0.065270 0.114881 0.624374 0.994299 0.994928 0.571494 0.899199 0.482381 0.446516 0.368501 0.981198 0.757824 0.105055 0.660946 0.200442 0.545379 0.975968 0.118587 0.897721 0.164589 0.989017 0.084310 0.761204 0.980377 0.249795 0.042269 0.086831 0.603320 0.640638 0.316400 0.140405 0.551794 0.031919 0.721279 0.220380 0.319267 0.246499 0.787307 0.222220 0.233263 0.545059 0.596527 0.455140 0.811435 0.970575 0.188800 0.302411 0.483749 0.371282 0.489043 0.218303 0.018359 0.528698 0.838168 0.872061 0.801349 0.671079 0.157465 0.317348 0.565064 0.069941 0.759501 0.813110 0.629864 0.260733 0.832783 0.861918 0.343518 0.946789 0.651253
0.770017 0.050605 0.914462 0.142208 0.717644 0.080147 0.316005 0.151184 0.047840 0.263704 0.081325 0.075264 0.545228 0.529786 0.550902 0.607172 0.516623 0.024172 0.284685 0.505773 0.765519 0.137802 0.086269 0.620697 0.962023 0.643798 0.878359 0.755517 0.675456 0.376394 0.830726 0.741304 0.742349 0.131694 0.973030 0.625565 0.807921 0.031272 0.081181 0.979741 0.751137 0.218072 0.298832 0.691588 0.285453 0.788212 0.708789 0.895798 0.222688 0.435380 0.678983 0.427380 0.908203 0.918767 0.825391 0.124119 0.115087 0.265767 0.231127 0.682355 0.407620 0.605757 0.574528 0.045785 0.778233 0.986472 0.762745 0.225288 0.879308 0.271691 0.518284 0.875848 0.459257 0.580789 0.025813 0.296415 0.258183 0.739718 0.429212 0.989863 0.272667 0.837862 0.493728 0.350321 0.701493 0.478053 0.466097 0.255289 0.485307 0.492540 0.465635 0.015589 0.680824 0.041412 0.602077 0.580879 0.816367 0.823203 0.026852 0.329237 0.832954 0.110075 0.455807 0.202117 0.911388 0.074508 0.791580 0.333722 0.629079 0.511607 0.542586 0.196137 0.453310 0.589260 0.960728 0.456037 0.568789 0.636413 0.688245 0.118486 0.011546 0.479359 0.899934 0.473978 0.698464 0.759488 0.149494 0.488230 0.891802 0.530230 0.938524 0.930773 0.613320 0.599429 0.570259 0.169953 0.024382 0.108814 0.966246 0.360528 0.321399 0.768877 0.231243 0.400638 0.978727 0.151744 0.437100 0.248168 0.356520 0.267014 0.328743 0.889759 0.685766 0.506674 0.788476 0.764913 0.162227 0.866024 0.780872 0.838834 0.565672 0.359303 0.165477 0.028785 0.974539 0.835561 0.034327 0.497537 0.220591 0.402975 0.062142 0.032025 0.739151 0.227864 0.338490 0.559492 0.045368 0.478297 0.781920 0.013061 0.108416 0.050399 0.278127 0.147714 0.229220 0.353613 0.578427 0.686636 0.020847 0.625310 0.518186 0.647618 0.373640 0.882955 0.731328 0.446982 0.260541 0.779837 0.100041 0.133403
0.969063 0.853236 0.375101 0.870756 0.531142 0.969915 0.589895 0.777878 0.307267 0.977750 0.880711 0.886044 0.467673 0.971856 0.617346 0.331866 0.371392 0.518576 0.571472 0.100703 0.719822 0.654684 0.524931 0.518767 0.442016 0.103527 0.294226 0.355563 0.192888 0.838088 0.224293 0.651703 0.564923 0.232039 0.983919 0.873432 0.074081 0.467768 0.950608 0.268521 0.365203 0.954735 0.741399 0.102917 0.989990 0.811459 0.204133 0.075547 0.045365 0.896289 0.048973 0.241735 0.567697 0.462578 0.926760 0.406631 0.735543 0.737877 0.598728 0.811159 0.329168 0.278549 0.611958 0.771679 0.264533 0.584678 0.709753 0.763504 0.974090 0.577886 0.774712 0.726492 0.739997 0.530067 0.897631 0.548512 0.116259 0.804536 0.759630 0.098086 0.376556 0.997936 0.339260 0.856357 0.976075 0.564953 0.783861 0.020967 0.880724 0.020897 0.196280 0.450663 0.694044 0.281139 0.248409 0.259795 0.431373 0.162655 0.351259 0.152249 0.411073 0.469076 0.442341 0.531357 0.042549 0.065364 0.528646 0.882365 0.637953 0.807026 0.524848 0.457956 0.097505 0.421313 0.414433 0.598230 0.407200 0.350172 0.767965 0.420986 0.245511 0.281936 0.468774 0.524089 0.390224 0.526579 0.420487 0.194842 0.377864 0.138516 0.010601 0.826485 0.833513 0.268570 0.690483 0.017552 0.605671 0.050276 0.637043 0.232205 0.643682 0.936272 0.207337 0.836570 0.113953 0.877477 0.416598 0.192002 0.481756 0.798641 0.148277 0.420657 0.120718 0.441899 0.147551 0.644534 0.286539 0.512728 0.712876 0.785556 0.480517 0.691064 0.925825 0.033366 0.569724 0.337255 0.643970 0.548189 0.240025 0.550376 0.205448 0.601967 0.220743 0.547421 0.893500 0.041888 0.122288 0.613528 0.677035 0.888116 0.949537 0.833605 0.647641 0.296125 0.192588 0.775363 0.390137 0.196781 0.833269 0.781219 0.871367 0.021959 0.854199 0.997490 0.028916 0.404652 0.894930 0.003257 0.631818 0.156841
0.578473 0.385899 0.949992 0.507087 0.770822 0.515291 0.951134 0.825470 0.398789 0.778974 0.545674 0.356808 0.202388 0.999093 0.844890 0.750974 0.518870 0.531806 0.376652 0.762641 0.089168 0.781647 0.674150 0.676034 0.601333 0.260768 0.172550 0.565444 0.051319 0.572936 0.283794 0.558621 0.461438 0.391296 0.684963 0.676868 0.649909 0.119711 0.440998 0.472290 0.663360 0.434253 0.723306 0.401908 0.149319 0.868587 0.363461 0.981838 0.675203 0.098296 0.286272 0.377094 0.817826 0.713945 0.734203 0.728190 0.405323 0.187816 0.854864 0.806958 0.122253 0.820867 0.958945 0.794055 0.776305 0.910595 0.615287 0.926063 0.687079 0.705799 0.222417 0.861967 0.277878 0.941384 0.850164 0.818834 0.761637 0.833024 0.615993 0.481802 0.753133 0.972895 0.163603 0.899636 0.764717 0.931813 0.913224 0.649233 0.913176 0.922688 0.014976 0.258930 0.323437 0.221148 0.238887 0.582818 0.958056 0.607397 0.032641 0.162939 0.641034 0.171828 0.338560 0.353281 0.665786 0.686199 0.636664 0.668214 0.814724 0.885390 0.402791 0.958491 0.392905 0.310908 0.149399 0.105879 0.442738 0.529550 0.812114 0.257811 0.086165 0.746669 0.622649 0.690713 0.556992 0.978421 0.224918 0.251180 0.687159 0.883212 0.253559 0.737229 0.077578 0.114905 0.301024 0.640492 0.743600 0.505427 0.855052 0.968256 0.442788 0.187046 0.626291 0.569844 0.173467 0.409512 0.378996 0.596680 0.598856 0.473813 0.764045 0.628637 0.045100 0.214210 0.215059 0.312745 0.547336 0.579815 0.235972 0.209246 0.197094 0.484417 0.339349 0.458713 0.101557 0.835387 0.987877 0.136565 0.211808 0.983760 0.589490 0.115602 0.071109 0.951230 0.760978 0.621539 0.642403 0.995024 0.470543 0.432780 0.054150 0.641085 0.088957 0.931281 0.709473 0.350773 0.496681 0.048734 0.558472 0.512368 0.540187 0.106694 0.454224 0.270758 0.766666 0.357561 0.479165 0.252595 0.943345 0.715658
0.932554 0.710830 0.703906 0.773182 0.581271 0.567903 0.602665 0.038810 0.827209 0.848719 0.216497 0.029031 0.969303 0.806466 0.058954 0.925840 0.451830 0.088567 0.813822 0.544971 0.110242 0.310123 0.968401 0.012617 0.587671 0.152033 0.042871 0.635337 0.654981 0.610063 0.472997 0.175379 0.996936 0.796451 0.372223 0.780227 0.860685 0.925677 0.913853 0.311812 0.615879 0.919509 0.623158 0.751338 0.610658 0.064533 0.427798 0.377147 0.473345 0.287608 0.709021 0.516030 0.869638 0.598167 0.058229 0.123405 0.002352 0.462919 0.845090 0.032050 0.381370 0.399975 0.168279 0.915484 0.255873 0.812319 0.794723 0.198342 0.022769 0.564968 0.644960 0.240544 0.424015 0.338572 0.944213 0.350181 0.914029 0.113835 0.878430 0.457842 0.630937 0.483514 0.309032 0.072257 0.021896 0.023160 0.144631 0.751714 0.896809 0.366753 0.379566 0.070322 0.890647 0.345780 0.213660 0.339530 0.578157 0.825394 0.734536 0.133318 0.644181 0.110787 0.314992 0.392012 0.833535 0.275362 0.693037 0.623143 0.663538 0.823843 0.269093 0.717711 0.100536 0.970481 0.787795 0.839380 0.713497 0.844733 0.047241 0.084474 0.867158 0.981108 0.471383 0.291494 0.827177 0.353658 0.076133 0.710143 0.935950 0.528559 0.600022 0.617762 0.709240 0.608533 0.311636 0.832573 0.712521 0.008877 0.779954 0.508660 0.798942 0.791284 0.748958 0.280641 0.996452 0.030862 0.377134 0.621257 0.660268 0.541462 0.152963 0.761004 0.986284 0.971764 0.349210 0.252757 0.341557 0.602841 0.068839 0.961310 0.630715 0.708683 0.955882 0.636766 0.538471 0.722425 0.725038 0.681440 0.405801 0.220982 0.017414 0.520383 0.528564 0.941633 0.417425 0.171235 0.311696 0.576024 0.245109 0.568411 0.248174 0.532047 0.316723 0.370959 0.737767 0.272962 0.430802 0.397147 0.256107 0.543089 0.462816 0.458400 0.714850 0.502830 0.503680 0.475557 0.870128 0.144556 0.326361 0.083400
0.536697 0.655820 0.331103 0.368170 0.684342 0.703836 0.233308 0.247617 0.814293 0.083580 0.033997 0.815095 0.209050 0.159699 0.528804 0.125494 0.042045 0.974104 0.887206 0.107368 0.832963 0.354439 0.452774 0.727370 0.297846 0.937620 0.738944 0.317116 0.421217 0.701941 0.725547 0.450837 0.003888 0.914808 0.376706 0.238781 0.905019 0.454118 0.159124 0.061190 0.517724 0.263189 0.542144 0.727197 0.129757 0.245827 0.187953 0.631794 0.553867 0.903406 0.970887 0.685414 0.276422 0.190801 0.959946 0.886935 0.450319 0.991266 0.132759 0.532003 0.199459 0.606416 0.183256 0.907519 0.292972 0.095360 0.024560 0.047624 0.894791 0.259353 0.614986 0.487575 0.090590 0.650757 0.389625 0.114390 0.262871 0.901737 0.979839 0.701755 0.000087 0.154237 0.564180 0.934273 0.548632 0.721066 0.276486 0.303965 0.510897 0.424512 0.307110 0.303832 0.970559 0.117614 0.905134 0.706567 0.896196 0.687615 0.537380 0.220364 0.056609 0.237332 0.073153 0.416040 0.103899 0.449407 0.146350 0.476786 0.504652 0.694357 0.988785 0.648680 0.196354 0.470845 0.278532 0.020184 0.902105 0.506341 0.251987 0.209360 0.581188 0.293570 0.597403 0.474142 0.588295 0.713551 0.840946 0.492929 0.384475 0.923309 0.948257 0.633281 0.253738 0.493513 0.391694 0.192112 0.453612 0.231500 0.403315 0.741337 0.722520 0.792533 0.993663 0.106059 0.419937 0.172859 0.969010 0.221779 0.275226 0.972053 0.030717 0.746121 0.097992 0.201109 0.416793 0.870929 0.010955 0.509157 0.823172 0.651292 0.160348 0.329768 0.279764 0.102565 0.240856 0.591256 0.608465 0.033697 0.926301 0.026695 0.839522 0.876451 0.790844 0.279065 0.720095 0.874661 0.225206 0.550946 0.947288 0.232227 0.961828 0.889861 0.270466 0.732680 0.466672 0.889297 0.860364 0.183620 0.403906 0.271698 0.190493 0.604999 0.505390 0.380180 0.220986 0.076610 0.035117 0.116953 0.629342 0.624933
0.141328 0.567692 0.825070 0.948384 0.272800 0.973198 0.290469 0.417257 0.026924 0.274107 0.734959 0.143771 0.583108 0.569687 0.423625 0.217595 0.991947 0.166158 0.934002 0.775851 0.458282 0.194969 0.622085 0.059310 0.287246 0.220383 0.431373 0.641037 0.158172 0.600295 0.274384 0.119842 0.628035 0.823429 0.810770 0.914971 0.364420 0.271217 0.057904 0.389391 0.968848 0.664539 0.158003 0.003191 0.918406 0.838100 0.910290 0.729220 0.878095 0.483585 0.933396 0.254454 0.211985 0.277823 0.138264 0.941782 0.067573 0.130298 0.425366 0.744902 0.789903 0.692145 0.874914 0.530212 0.064286 0.050892 0.253542 0.570114 0.473450 0.260642 0.711050 0.209058 0.252918 0.467170 0.742960 0.362840 0.754209 0.758384 0.491274 0.644496 0.374332 0.111330 0.404960 0.112170 0.969337 0.804169 0.760369 0.367497 0.773861 0.678716 0.781772 0.285036 0.631066 0.515898 0.593304 0.589305 0.301275 0.402131 0.166499 0.623538 0.543531 0.426999 0.790327 0.776550 0.882912 0.550451 0.783322 0.456298 0.617571 0.049391 0.225852 0.601168 0.931176 0.905838 0.850843 0.967491 0.533535 0.975235 0.158849 0.243389 0.222960 0.480573 0.713689 0.027134 0.794161 0.052051 0.006748 0.263132 0.275107 0.210112 0.466409 0.554042 0.381770 0.650955 0.009449 0.234287 0.690612 0.466941 0.899987 0.585888 0.844376 0.650064 0.968396 0.429422 0.801208 0.987590 0.766614 0.668441 0.308376 0.338571 0.247096 0.352880 0.273326 0.228401 0.698028 0.288055 0.461053 0.914022 0.984668 0.845489 0.811488 0.103911 0.730124 0.479947 0.578258 0.694464 0.410342 0.065796 0.275572 0.859288 0.043170 0.482507 0.912087 0.690155 0.400507 0.853724 0.608088 0.030297 0.056270 0.444843 0.304222 0.864764 0.805666 0.802413 0.746956 0.359530 0.924714 0.473861 0.032544 0.376606 0.338452 0.349608 0.984762 0.350149 0.593684 0.146273 0.907044 0.035070 0.249561 0.374056
0.164997 0.781077 0.301117 0.711671 0.903993 0.822342 0.480519 0.603486 0.399038 0.317004 0.600453 0.753191 0.084715 0.117268 0.577923 0.660866 0.994917 0.181891 0.076019 0.055883 0.784853 0.760230 0.856428 0.933161 0.858553 0.846548 0.030489 0.677073 0.365241 0.750832 0.091036 0.084900 0.112022 0.422542 0.623857 0.513037 0.555557 0.378332 0.326108 0.003288 0.589154 0.836661 0.610922 0.507858 0.934283 0.148766 0.397429 0.312182 0.620818 0.122767 0.033080 0.171250 0.934756 0.906502 0.733157 0.709269 0.258165 0.684111 0.970424 0.497317 0.842711 0.765653 0.115995 0.814282 0.942736 0.267110 0.162045 0.260172 0.595959 0.362451 0.675131 0.530192 0.830202 0.800674 0.685651 0.307058 0.967253 0.507432 0.099922 0.182398 0.131899 0.027568 0.704900 0.073535 0.293397 0.245537 0.746166 0.566562 0.786644 0.913871 0.563066 0.483141 0.379689 0.573060 0.907115 0.850245 0.052743 0.126868 0.334053 0.925569 0.122191 0.607646 0.917292 0.350058 0.995251 0.229617 0.039734 0.738049 0.963737 0.408817 0.404792 0.770716 0.802543 0.350593 0.267158 0.692112 0.317343 0.437371 0.697423 0.911611 0.970367 0.680855 0.110196 0.569971 0.099796 0.475391 0.743932 0.577556 0.500453 0.051458 0.255449 0.689259 0.830929 0.408823 0.550845 0.097965 0.897061 0.353497 0.346323 0.566969 0.232861 0.393598 0.537591 0.806079 0.025982 0.709162 0.873251 0.814097 0.267911 0.079546 0.459591 0.798713 0.447838 0.642881 0.395782 0.247137 0.617564 0.342828 0.604948 0.258443 0.672255 0.609751 0.905018 0.639826 0.441933 0.727771 0.456797 0.663055 0.202336 0.059281 0.132629 0.719309 0.346085 0.494157 0.887812 0.036806 0.004694 0.737324 0.956669 0.874649 0.665427 0.546054 0.573038 0.569245 0.229019 0.829580 0.441395 0.617621 0.945231 0.656550 0.837261 0.939435 0.749553 0.742417 0.186200 0.715045 0.893385 0.413050 0.004038 0.420791
0.654443 0.861441 0.121735 0.328831 0.455685 0.001908 0.579686 0.322868 0.094302 0.705577 0.849926 0.661566 0.373087 0.862824 0.947967 0.908873 0.349086 0.670870 0.795079 0.501466 0.363105 0.513496 0.507159 0.530371 0.344408 0.476103 0.752899 0.103728 0.180134 0.241322 0.254570 0.259409 0.623911 0.769000 0.595166 0.980003 0.104735 0.734626 0.840488 0.496944 0.256049 0.094551 0.815230 0.441990 0.104374 0.193430 0.544789 0.437965 0.881959 0.857464 0.773906 0.381386 0.090254 0.537729 0.129846 0.811222 0.043858 0.853167 0.375220 0.374354 0.505052 0.360935 0.519964 0.524904 0.457826 0.790578 0.469502 0.578367 0.297440 0.876549 0.815770 0.167692 0.306051 0.235682 0.947847 0.924389 0.067519 0.403179 0.876456 0.663933 0.837672 0.928405 0.432329 0.596562 0.384550 0.702798 0.742277 0.149842 0.144100 0.971128 0.326038 0.572989 0.992635 0.034545 0.934819 0.573480 0.930515 0.170124 0.223254 0.344583 0.192785 0.961649 0.072550 0.605182 0.145942 0.434077 0.825023 0.562343 0.108507 0.023286 0.978721 0.546875 0.726618 0.364395 0.282653 0.690168 0.474433 0.207982 0.951738 0.460679 0.004621 0.389667 0.297309 0.104072 0.828723 0.679485 0.123131 0.390620 0.907615 0.239964 0.619631 0.645401 0.259456 0.106819 0.062927 0.175710 0.934012 0.169831 0.993047 0.245164 0.925932 0.796826 0.384143 0.824981 0.875682 0.798150 0.997723 0.445178 0.240140 0.253136 0.030677 0.547233 0.874595 0.001354 0.774556 0.438269 0.289947 0.658722 0.563179 0.337995 0.925144 0.381462 0.057337 0.210838 0.690009 0.562369 0.034915 0.622624 0.374053 0.975759 0.303268 0.896601 0.120330 0.813303 0.460876 0.866814 0.378160 0.872314 0.296838 0.415987 0.858983 0.629255 0.978859 0.441284 0.850522 0.638735 0.651071 0.782261 0.830151 0.248323 0.042424 0.951513 0.449973 0.576442 0.541995 0.880486 0.533337 0.076674 0.357626 0.889583
0.627255 0.893958 0.643085 0.219490 0.354274 0.872492 0.941451 0.219909 0.865536 0.990860 0.760837 0.970960 0.753217 0.149545 0.376534 0.698097 0.279622 0.928554 0.353738 0.920124 0.123193 0.837545 0.287559 0.062268 0.413841 0.951238 0.699189 0.658197 0.859271 0.097726 0.110563 0.878494 0.581395 0.690312 0.490386 0.600668 0.564529 0.522908 0.645015 0.191465 0.776444 0.317363 0.527691 0.998747 0.717268 0.597278 0.873043 0.634368 0.063012 0.288964 0.485966 0.959037 0.136991 0.884756 0.290657 0.835319 0.080960 0.956651 0.242238 0.794865 0.219770 0.343480 0.978328 0.893281 0.802306 0.796536 0.110598 0.275777 0.213520 0.604345 0.844856 0.694752 0.368312 0.195643 0.746716 0.423902 0.305896 0.654334 0.656977 0.081839 0.013783 0.083571 0.874490 0.190935 0.612594 0.693966 0.286392 0.325919 0.305857 0.399229 0.244099 0.289018 0.150688 0.296006 0.281955 0.204897 0.680341 0.070833 0.401288 0.061519 0.763352 0.904279 0.373471 0.446865 0.544943 0.201246 0.123429 0.624895 0.566886 0.333364 0.791973 0.251826 0.335406 0.392490 0.324994 0.202092 0.209123 0.318611 0.318957 0.603311 0.287688 0.229109 0.171263 0.410133 0.750147 0.301827 0.495391 0.305030 0.466317 0.462855 0.993897 0.862855 0.067449 0.872027 0.568587 0.838490 0.705250 0.073241 0.718953 0.459722 0.585676 0.865351 0.941189 0.910208 0.255957 0.320644 0.942008 0.474909 0.212478 0.528951 0.726077 0.642642 0.011485 0.111708 0.283220 0.488932 0.405863 0.978549 0.878113 0.985464 0.622637 0.479324 0.724445 0.054546 0.978154 0.497120 0.497348 0.312767 0.561237 0.511161 0.787019 0.396168 0.799641 0.124325 0.829850 0.564576 0.470227 0.506946 0.910641 0.142115 0.238599 0.614877 0.797504 0.568507 0.873155 0.801928 0.090326 0.508046 0.648834 0.420771 0.668563 0.456080 0.167809 0.717362 0.354860 0.403340 0.474429 0.617010 0.034556 0.880210
0.593021 0.463261 0.327327 0.491143 0.220308 0.386262 0.185800 0.961064 0.961805 0.058316 0.242672 0.329702 0.653247 0.594133 0.233464 0.333899 0.418798 0.046177 0.215337 0.766184 0.363435 0.873961 0.292881 0.205123 0.374501 0.979707 0.344582 0.131385 0.310112 0.532406 0.767583 0.780583 0.934355 0.904995 0.923021 0.868523 0.746155 0.905401 0.936051 0.676170 0.584941 0.839980 0.668594 0.420433 0.424301 0.361418 0.504911 0.457399 0.248305 0.141619 0.298473 0.781628 0.599890 0.006603 0.190958 0.699939 0.688699 0.667049 0.152580 0.873129 0.072974 0.137517 0.257199 0.930067 0.977205 0.091707 0.460069 0.772390 0.727399 0.337622 0.986940 0.650171 0.391021 0.448771 0.687900 0.066304 0.592114 0.487745 0.273433 0.347184 0.608878 0.429549 0.677123 0.078472 0.847033 0.192672 0.310792 0.590357 0.006920 0.281298 0.007833 0.559632 0.754260 0.408217 0.324957 0.544308 0.526484 0.050574 0.468638 0.440950 0.779726 0.512498 0.833012 0.976521 0.077644 0.351531 0.670072 0.007473 0.084432 0.844420 0.746550 0.816596 0.242920 0.942526 0.585245 0.767648 0.753225 0.325614 0.973927 0.266381 0.912445 0.962736 0.418279 0.424471 0.131591 0.129062 0.297668 0.093197 0.783941 0.915816 0.097669 0.123383 0.878319 0.174351 0.842935 0.669569 0.006143 0.876473 0.327815 0.523350 0.655505 0.064171 0.371485 0.708303 0.445337 0.404337 0.486184 0.798913 0.154851 0.559144 0.762801 0.932861 0.718722 0.170191 0.855478 0.014864 0.162908 0.160618 0.867428 0.339607 0.532673 0.926560 0.314003 0.281916 0.572413 0.469728 0.096394 0.495080 0.142629 0.315369 0.265036 0.017607 0.445746 0.449000 0.508907 0.309690 0.603054 0.838971 0.248255 0.933601 0.599010 0.835340 0.988323 0.165694 0.222697 0.638561 0.269550 0.675695 0.182861 0.991343 0.645410 0.902989 0.265599 0.896266 0.101854 0.830959 0.394708 0.606448 0.432453 0.033957
0.875735 0.991655 0.205676 0.081190 0.509876 0.802062 0.748452 0.429321 0.721383 0.425050 0.654407 0.990520 0.754510 0.065710 0.183141 0.818919 0.774777 0.874394 0.026160 0.300410 0.060636 0.863176 0.918096 0.446580 0.174089 0.739186 0.403665 0.220092 0.547954 0.034148 0.976016 0.423562 0.946164 0.860693 0.862406 0.961807 0.554270 0.303306 0.331844 0.249713 0.724158 0.860439 0.151702 0.466397 0.272009 0.572788 0.835473 0.585345 0.918558 0.697390 0.056988 0.743717 0.965386 0.251692 0.488214 0.505213 0.078123 0.556079 0.642183 0.889659 0.723659 0.902162 0.452953 0.025868 0.124895 0.987848 0.918094 0.118661 0.623674 0.429704 0.940598 0.696052 0.711230 0.615997 0.397999 0.317579 0.967998 0.576797 0.635289 0.381569 0.874711 0.726621 0.480910 0.433421 0.634116 0.753468 0.789767 0.433811 0.968528 0.338963 0.789489 0.366373 0.032603 0.580799 0.201787 0.106288 0.374151 0.803029 0.280916 0.217569 0.668688 0.373891 0.068852 0.433717 0.694189 0.819981 0.424385 0.905576 0.382569 0.127300 0.584645 0.420123 0.665897 0.157488 0.043389 0.804424 0.265427 0.272340 0.290730 0.306047 0.408980 0.031646 0.170228 0.033277 0.940398 0.390976 0.900139 0.119076 0.022607 0.383439 0.623897 0.563718 0.592417 0.787443 0.052234 0.393650 0.125778 0.490714 0.416198 0.106372 0.635242 0.032538 0.629319 0.578419 0.327694 0.657684 0.729095 0.971987 0.204619 0.676079 0.154030 0.555902 0.391562 0.115649 0.892152 0.701416 0.493037 0.106675 0.981042 0.409120 0.155773 0.264086 0.260976 0.344618 0.252995 0.569593 0.112336 0.675443 0.764836 0.855569 0.027991 0.171417 0.834671 0.547615 0.387981 0.698836 0.711807 0.601341 0.899727 0.874651 0.187939 0.838376 0.129613 0.729213 0.461857 0.159272 0.398448 0.822091 0.117984 0.033017 0.062891 0.740544 0.848613 0.342650 0.511071 0.724400 0.822511 0.200826 0.390166 0.472957
0.214338 0.124758 0.585594 0.794016 0.182129 0.682940 0.595979 0.179649 0.624325 0.013302 0.384161 0.386152 0.918270 0.854799 0.545060 0.198851 0.130687 0.310198 0.567375 0.501709 0.530622 0.582274 0.969038 0.456507 0.367132 0.218669 0.498198 0.532879 0.998870 0.140542 0.922479 0.501214 0.592599 0.298199 0.700690 0.173830 0.831304 0.862813 0.853708 0.117022 0.756985 0.935113 0.731010 0.520426 0.667862 0.123275 0.482111 0.809845 0.928391 0.918927 0.573246 0.329590 0.169911 0.873102 0.557648 0.878177 0.237406 0.600679 0.832011 0.490373 0.089988 0.990608 0.727499 0.495701 0.353540 0.850658 0.194485 0.595571 0.688246 0.454000 0.604593 0.147005 0.242976 0.608113 0.351010 0.970073 0.680312 0.989716 0.076593 0.464104 0.587708 0.850685 0.132571 0.759022 0.309495 0.602583 0.353551 0.553841 0.414150 0.334330 0.973181 0.645904 0.414258 0.533222 0.501212 0.856125 0.037478 0.949526 0.011868 0.815761 0.969969 0.048516 0.625240 0.548171 0.882847 0.412557 0.479535 0.461301 0.694858 0.270247 0.647503 0.286335 0.571288 0.740206 0.632183 0.358808 0.226846 0.776068 0.459101 0.608111 0.479875 0.842583 0.283100 0.540618 0.782241 0.520260 0.935532 0.142046 0.913326 0.673115 0.107919 0.685151 0.570801 0.497253 0.079893 0.059285 0.344153 0.440155 0.754113 0.009088 0.257952 0.205183 0.507776 0.815759 0.377636 0.208499 0.618777 0.254006 0.923271 0.797463 0.532916 0.658154 0.025066 0.254735 0.247501 0.178987 0.724467 0.522072 0.344074 0.947553 0.482907 0.861898 0.571771 0.036374 0.914413 0.021028 0.875425 0.888003 0.865031 0.890165 0.822914 0.025186 0.202639 0.303591 0.987041 0.997356 0.260346 0.989164 0.632053 0.644618 0.893471 0.022336 0.347726 0.074827 0.055141 0.944428 0.168890 0.808604 0.427238 0.918200 0.117461 0.529375 0.889515 0.639420 0.755433 0.045664 0.302430 0.520037 0.111354 0.814890
0.320023 0.934427 0.114292 0.044856 0.064575 0.475135 0.475122 0.877253 0.557199 0.833722 0.665138 0.222620 0.789501 0.073613 0.433980 0.224324 0.156487 0.020470 0.348788 0.830513 0.266597 0.765055 0.743814 0.799836 0.463140 0.205170 0.203996 0.326379 0.475734 0.820687 0.223138 0.209597 0.014334 0.154672 0.652349 0.119738 0.845049 0.799698 0.448202 0.684676 0.360320 0.225440 0.204591 0.052924 0.683722 0.104498 0.941452 0.895355 0.742812 0.871889 0.814999 0.834223 0.143944 0.800453 0.123668 0.039202 0.098560 0.162077 0.632943 0.619994 0.339126 0.736549 0.882515 0.454487 0.385187 0.837914 0.711367 0.668495 0.117840 0.463160 0.358327 0.963234 0.344986 0.926786 0.610661 0.763482 0.978774 0.615379 0.542594 0.505196 0.432547 0.605825 0.433640 0.518990 0.959192 0.107997 0.115588 0.017855 0.507915 0.231018 0.787772 0.524014 0.338848 0.874190 0.170468 0.372867 0.257015 0.387805 0.081273 0.292333 0.395512 0.081756 0.042340 0.750834 0.007108 0.341430 0.443945 0.939854 0.789892 0.625810 0.448393 0.363142 0.585265 0.329900 0.718586 0.574676 0.783587 0.085870 0.102165 0.705979 0.546512 0.820221 0.568901 0.728783 0.845825 0.621384 0.180624 0.059174 0.857423 0.177295 0.401912 0.503102 0.790951 0.867486 0.218973 0.513631 0.971815 0.929167 0.860995 0.286301 0.733764 0.408038 0.811318 0.987339 0.080497 0.299820 0.675780 0.708409 0.394560 0.730325 0.823030 0.923000 0.945624 0.023648 0.641573 0.530877 0.486852 0.501923 0.585947 0.114206 0.681563 0.466074 0.066243 0.600305 0.367626 0.335610 0.356912 0.800792 0.461317 0.484681 0.570163 0.938809 0.494449 0.159355 0.220915 0.758639 0.907969 0.056181 0.123309 0.392559 0.317045 0.976387 0.107750 0.627631 0.910294 0.346967 0.399789 0.941155 0.220634 0.284881 0.000693 0.652739 0.852020 0.438441 0.530735 0.487520 0.305337 0.481330 0.065799 0.210179
0.908078 0.775910 0.867389 0.386885 0.968017 0.622632 0.565251 0.372948 0.483656 0.846361 0.355525 0.193735 0.589670 0.500381 0.175283 0.099956 0.801191 0.279535 0.066611 0.181035 0.939437 0.566243 0.184005 0.167374 0.965214 0.807915 0.589654 0.153958 0.042449 0.655009 0.781231 0.612441 0.936880 0.379925 0.375216 0.184144 0.434348 0.582073 0.529975 0.571037 0.642535 0.885482 0.004721 0.204010 0.793540 0.221191 0.383535 0.233295 0.932985 0.416386 0.947792 0.016932 0.694050 0.551066 0.209411 0.690124 0.061061 0.658936 0.025372 0.753936 0.883224 0.767332 0.180954 0.392880 0.300202 0.241683 0.227522 0.708157 0.300720 0.429656 0.224135 0.879407 0.530310 0.505402 0.053676 0.054111 0.399943 0.299466 0.762862 0.093954 0.483153 0.719208 0.709631 0.716739 0.563332 0.756183 0.226049 0.523737 0.380588 0.191239 0.952471 0.124028 0.292597 0.298601 0.316527 0.457562 0.103653 0.889556 0.137003 0.407857 0.640956 0.493815 0.013352 0.013772 0.088551 0.360133 0.433862 0.275719 0.169261 0.788691 0.256942 0.627419 0.322689 0.873020 0.241434 0.167452 0.820580 0.989616 0.536021 0.112882 0.441651 0.748571 0.573599 0.066329 0.789018 0.306912 0.046083 0.037335 0.198791 0.769386 0.460651 0.572889 0.551986 0.256995 0.483215 0.632112 0.728890 0.342796 0.543334 0.715805 0.315815 0.455455 0.524737 0.915543 0.449580 0.211115 0.108895 0.978341 0.212436 0.269812 0.539988 0.148360 0.144851 0.285525 0.540677 0.502784 0.548553 0.761762 0.413089 0.316883 0.215167 0.530008 0.118391 0.608311 0.482179 0.750503 0.969814 0.900506 0.155158 0.501944 0.342322 0.636263 0.844493 0.902592 0.653133 0.495701 0.347655 0.955194 0.763767 0.517725 0.591994 0.966904 0.355067 0.200865 0.136561 0.740650 0.981263 0.347158 0.645785 0.105614 0.557430 0.128997 0.255534 0.809443 0.158554 0.285213 0.491109 0.808409 0.029798 0.850329
0.546403 0.597070 0.842215 0.020473 0.294010 0.010023 0.214074 0.964815 0.698073 0.711255 0.568506 0.281059 0.432082 0.678811 0.020309 0.217527 0.323068 0.877196 0.733326 0.640669 0.066131 0.026516 0.868009 0.831652 0.514200 0.695263 0.242664 0.575123 0.949135 0.155760 0.771425 0.519113 0.972816 0.439493 0.791181 0.985474 0.773284 0.670945 0.328764 0.486583 0.763087 0.894545 0.016193 0.747858 0.217801 0.982017 0.514639 0.933738 0.122827 0.409264 0.539399 0.759371 0.741447 0.956568 0.040966 0.842333 0.996941 0.456113 0.438711 0.578732 0.677233 0.912055 0.798923 0.803519 0.092594 0.855689 0.589952 0.936854 0.105769 0.332586 0.796057 0.300221 0.120316 0.884910 0.347926 0.666632 0.219695 0.226907 0.120910 0.766081 0.225460 0.947132 0.469926 0.218566 0.257265 0.061884 0.469948 0.891061 0.418838 0.459779 0.500807 0.977632 0.837839 0.957575 0.756757 0.569727 0.068396 0.084329 0.725229 0.512104 0.431666 0.449910 0.130758 0.658033 0.686579 0.354608 0.927376 0.593733 0.937683 0.856852 0.457862 0.526552 0.863377 0.242223 0.708038 0.068636 0.532893 0.554268 0.618881 0.664223 0.949469 0.319067 0.425094 0.800684 0.764573 0.330659 0.137549 0.926665 0.668786 0.905125 0.885071 0.109958 0.880594 0.741791 0.482121 0.911925 0.142320 0.457475 0.302872 0.516642 0.591812 0.261923 0.466011 0.965356 0.747522 0.579806 0.496238 0.003879 0.850144 0.444058 0.501562 0.158349 0.819701 0.775303 0.953368 0.750057 0.786925 0.987094 0.914942 0.811156 0.843702 0.551741 0.331845 0.398036 0.921984 0.442440 0.143001 0.772493 0.979317 0.573530 0.250425 0.148586 0.565033 0.414147 0.003372 0.343278 0.343186 0.667221 0.304615 0.086662 0.473142 0.285187 0.026611 0.039313 0.469631 0.901317 0.637200 0.276863 0.052203 0.841494 0.109404 0.417323 0.425032 0.444153 0.825378 0.142221 0.857154 0.682368 0.661713 0.599537
