200
0.117580 0.253499 0.494465 0.934657 0.205654 0.569541 0.878565 0.813596 0.879667 0.714083 0.716460 0.690550 0.953861 0.055592 0.425652 0.272165 0.536390 0.650413 0.371839 0.311984 0.541980 0.583125 0.486561 0.888336 0.767825 0.759340 0.057284 0.657867 0.475764 0.572984 0.180581 0.491932 0.715655 0.773784 0.312324 0.179714 0.108065 0.497200 0.130614 0.668632 0.491295 0.463717 0.004067 0.882115 0.166979 0.801484 0.345212 0.328963 0.644942 0.263979 0.538833 0.078553 0.254665 0.659239 0.546219 0.286636 0.702786 0.540869 0.239566 0.490358 0.193861 0.712580 0.478412 0.578084 0.764855 0.875848 0.307608 0.525534 0.549583 0.074167 0.402791 0.644821 0.539176 0.907920 0.592725 0.253310 0.337874 0.686514 0.351885 0.217216 0.993818 0.261014 0.305938 0.273610 0.730521 0.538142 0.500429 0.559698 0.299144 0.980826 0.683151 0.315885 0.479319 0.582673 0.775664 0.124959 0.093956 0.884707 0.368647 0.049212 0.682468 0.165943 0.512636 0.631615 0.128572 0.603128 0.381644 0.672596 0.429225 0.670946 0.597222 0.286348 0.172511 0.584816 0.477255 0.803008 0.834265 0.240719 0.611554 0.402120 0.397447 0.305240 0.509132 0.936627 0.511213 0.925882 0.401166 0.800399 0.563145 0.760898 0.169444 0.646864 0.894221 0.244096 0.685165 0.408661 0.391614 0.939610 0.784634 0.811211 0.148806 0.602344 0.122399 0.166043 0.150771 0.735840 0.055939 0.943338 0.235600 0.879654 0.442896 0.953866 0.345319 0.918327 0.511337 0.591948 0.519476 0.710535 0.231569 0.475604 0.900134 0.860415 0.737143 0.096377 0.036984 0.863458 0.685088 0.439583 0.422764 0.374594 0.785340 0.840098 0.249690 0.690374 0.357816 0.684904 0.649129 0.694310 0.589739 0.117635 0.553914 0.282149 0.399921 0.658834 0.833433 0.735695 0.460922 0.163288 0.146655 0.174559 0.651934 0.407493 0.785329 0.326526 0.648753 0.198581 0.579188 0.827748 0.931591 0.531492
0.882097 0.658344 0.526802 0.408432 0.176210 0.161995 0.394483 0.438409 0.069334 0.498075 0.869194 0.123145 0.952123 0.312793 0.243346 0.665328 0.894322 0.449511 0.113883 0.138151 0.183510 0.124899 0.450480 0.760387 0.531439 0.012584 0.501278 0.256646 0.920838 0.325384 0.908224 0.224733 0.033985 0.863233 0.470331 0.043087 0.391335 0.403260 0.915434 0.792672 0.802213 0.859644 0.557692 0.276322 0.025933 0.160839 0.501351 0.853626 0.366607 0.704561 0.789578 0.592614 0.233637 0.290139 0.164585 0.263347 0.805747 0.411203 0.183440 0.348482 0.278308 0.883894 0.367264 0.387838 0.727913 0.200870 0.772157 0.294041 0.952300 0.280121 0.425627 0.010642 0.836022 0.705389 0.551306 0.528475 0.714256 0.871748 0.245430 0.702920 0.757354 0.443600 0.065754 0.260098 0.320982 0.252297 0.175543 0.505979 0.835814 0.000460 0.514300 0.293339 0.408509 0.487844 0.185699 0.048695 0.134252 0.284821 0.433222 0.355777 0.645764 0.225319 0.935658 0.747462 0.001359 0.233906 0.240647 0.354058 0.148729 0.567837 0.720700 0.786544 0.396999 0.474876 0.622758 0.435304 0.042856 0.171045 0.487075 0.219127 0.103680 0.809335 0.124677 0.689480 0.485302 0.355395 0.464937 0.282160 0.525635 0.304639 0.314355 0.227755 0.766372 0.024388 0.759409 0.460896 0.434750 0.322508 0.927695 0.044438 0.352494 0.941399 0.468341 0.371990 0.833345 0.427860 0.402221 0.554434 0.062833 0.330979 0.214292 0.557579 0.047533 0.843456 0.352577 0.225915 0.757072 0.814052 0.165448 0.109993 0.553527 0.009680 0.482591 0.627680 0.931238 0.610719 0.387423 0.911399 0.170447 0.031707 0.599949 0.571443 0.076075 0.786511 0.254999 0.952889 0.740827 0.318600 0.873761 0.869156 0.105385 0.175809 0.380983 0.377632 0.725488 0.068303 0.317344 0.657398 0.916153 0.154246 0.131894 0.503860 0.380687 0.449536 0.040750 0.044898 0.627596 0.748035 0.093382 0.880649
0.278073 0.485689 0.172707 0.831737 0.891296 0.022782 0.611078 0.258404 0.319125 0.876900 0.515595 0.393100 0.183012 0.679881 0.427623 0.546858 0.732924 0.046420 0.981838 0.901558 0.129342 0.767923 0.814808 0.332658 0.332520 0.350006 0.409275 0.071635 0.819253 0.839427 0.730904 0.953409 0.123569 0.064788 0.104658 0.011455 0.751537 0.834242 0.167927 0.450944 0.130410 0.463069 0.956348 0.944132 0.064337 0.906363 0.134545 0.803011 0.148819 0.477810 0.142269 0.089050 0.370590 0.073554 0.255650 0.740446 0.480109 0.727180 0.826682 0.964402 0.709946 0.840784 0.221089 0.059500 0.149154 0.486299 0.104383 0.428746 0.528606 0.516944 0.388905 0.425712 0.500069 0.363971 0.226090 0.827039 0.845962 0.274408 0.515119 0.747958 0.639856 0.230388 0.870090 0.689497 0.335470 0.653555 0.325772 0.047389 0.714577 0.480623 0.530052 0.991117 0.784055 0.205157 0.773910 0.110322 0.873877 0.728766 0.325812 0.708782 0.664513 0.119151 0.732793 0.068999 0.759904 0.513119 0.693507 0.359318 0.012264 0.144190 0.594174 0.806253 0.896014 0.644083 0.272314 0.362373 0.813680 0.898596 0.678174 0.808921 0.238402 0.131909 0.825210 0.257342 0.045172 0.491161 0.463308 0.787463 0.238390 0.380605 0.471130 0.788426 0.264575 0.413128 0.018387 0.674869 0.797707 0.999522 0.610652 0.417833 0.729770 0.247711 0.422073 0.084912 0.167619 0.567725 0.151002 0.071134 0.311862 0.598433 0.814885 0.506644 0.473873 0.460844 0.646507 0.453093 0.461298 0.398450 0.779501 0.230900 0.145119 0.868575 0.084441 0.298488 0.108713 0.928381 0.376498 0.376810 0.900350 0.361819 0.578333 0.798901 0.153439 0.290203 0.751612 0.196219 0.669052 0.339445 0.946514 0.303282 0.869788 0.435881 0.627045 0.256515 0.108699 0.534166 0.313032 0.575598 0.620966 0.388339 0.045800 0.238567 0.883052 0.539043 0.431289 0.027818 0.216156 0.849554 0.157549 0.501756
0.459470 0.786871 0.466272 0.983317 0.180652 0.016526 0.368895 0.639986 0.027983 0.644871 0.281509 0.988728 0.464283 0.092076 0.341910 0.387849 0.442480 0.802019 0.838072 0.448981 0.220188 0.431619 0.483340 0.066641 0.151459 0.800360 0.460472 0.049349 0.324837 0.791204 0.302688 0.623586 0.479764 0.994402 0.387569 0.935990 0.166154 0.136232 0.807871 0.243942 0.174638 0.318368 0.464529 0.548503 0.611490 0.982599 0.455495 0.168180 0.424021 0.384596 0.359569 0.768994 0.575418 0.922615 0.415340 0.962017 0.162048 0.201358 0.245019 0.882662 0.374405 0.495380 0.166174 0.473707 0.125143 0.494467 0.219654 0.470243 0.821504 0.865458 0.143528 0.024444 0.076157 0.392962 0.258349 0.358997 0.773696 0.319980 0.924697 0.541231 0.558335 0.931504 0.129936 0.112176 0.620553 0.277139 0.788828 0.928748 0.703827 0.407196 0.458609 0.215404 0.807126 0.548865 0.038529 0.024785 0.353318 0.286888 0.315503 0.630978 0.203167 0.601585 0.270689 0.013568 0.308612 0.983916 0.136839 0.109115 0.181637 0.139744 0.195988 0.689492 0.473727 0.954523 0.679255 0.502287 0.183277 0.295466 0.086993 0.735170 0.979055 0.996732 0.100510 0.967258 0.709289 0.403060 0.409953 0.204418 0.991352 0.400790 0.083000 0.227639 0.706055 0.493159 0.849978 0.325078 0.496504 0.746122 0.053876 0.593318 0.641457 0.608145 0.111591 0.851674 0.565992 0.528070 0.219314 0.125460 0.275241 0.771734 0.909923 0.484324 0.768289 0.634968 0.384585 0.645222 0.404202 0.813865 0.443846 0.478883 0.782496 0.135630 0.629648 0.423369 0.775699 0.691906 0.587688 0.327494 0.762772 0.299514 0.554169 0.545192 0.505027 0.655533 0.435949 0.062418 0.549061 0.018040 0.784883 0.687967 0.300742 0.807220 0.113643 0.655403 0.071974 0.684287 0.155306 0.788826 0.277896 0.252976 0.744026 0.227674 0.110941 0.852960 0.871658 0.892642 0.271529 0.802090 0.723467 0.347729
0.820939 0.556145 0.329428 0.650810 0.039460 0.093257 0.870958 0.228165 0.540545 0.183648 0.743218 0.103260 0.787624 0.868404 0.519119 0.666952 0.445433 0.636995 0.074149 0.736123 0.572440 0.622462 0.216727 0.670862 0.668652 0.620914 0.605876 0.406510 0.724271 0.320357 0.016925 0.427231 0.140341 0.449043 0.316200 0.569215 0.526155 0.944266 0.241937 0.977934 0.434465 0.923756 0.676351 0.066845 0.903524 0.396482 0.487882 0.346438 0.669412 0.681480 0.720652 0.054371 0.299982 0.620748 0.004397 0.983245 0.538733 0.923888 0.936594 0.664276 0.804370 0.440170 0.609363 0.267844 0.857392 0.571844 0.155343 0.939530 0.152779 0.386241 0.262670 0.338253 0.754089 0.153277 0.147448 0.019632 0.297014 0.588116 0.191162 0.162062 0.293625 0.742376 0.150482 0.215388 0.181798 0.748875 0.412012 0.770455 0.175329 0.162132 0.645327 0.583960 0.982900 0.619302 0.525809 0.385896 0.927210 0.710829 0.310306 0.386467 0.713648 0.777265 0.053531 0.335269 0.949210 0.650935 0.166132 0.345905 0.778957 0.766092 0.692925 0.942436 0.720367 0.320365 0.212357 0.881221 0.959940 0.100789 0.464514 0.196184 0.166159 0.454073 0.829841 0.356540 0.371246 0.214131 0.572525 0.312995 0.871375 0.534873 0.173344 0.805063 0.134216 0.178843 0.440777 0.337253 0.055841 0.471048 0.240787 0.496796 0.670739 0.572427 0.867936 0.707881 0.248186 0.502184 0.648341 0.497922 0.706490 0.548057 0.562132 0.536824 0.540430 0.586657 0.446911 0.744184 0.583338 0.516364 0.661884 0.870235 0.436817 0.127789 0.807181 0.370532 0.169843 0.337049 0.387220 0.093135 0.971931 0.712733 0.253376 0.292916 0.922326 0.678626 0.000843 0.299929 0.313889 0.388257 0.838850 0.758008 0.023473 0.204172 0.478990 0.239974 0.594817 0.761802 0.941827 0.490875 0.325564 0.975889 0.873475 0.976504 0.635829 0.075643 0.002880 0.529525 0.662787 0.215436 0.678331 0.436210
0.553717 0.561439 0.541927 0.515905 0.087589 0.114077 0.426222 0.765953 0.952486 0.342017 0.065213 0.846741 0.454306 0.787640 0.452354 0.996813 0.144413 0.217983 0.944113 0.297291 0.259665 0.873570 0.170918 0.982905 0.633708 0.334266 0.364013 0.717670 0.660004 0.034890 0.542707 0.143212 0.307078 0.479354 0.294844 0.869397 0.806607 0.016824 0.201937 0.491550 0.090623 0.338249 0.858003 0.453034 0.650859 0.374156 0.919781 0.502020 0.754548 0.724928 0.199804 0.163095 0.302704 0.530050 0.870267 0.344864 0.056901 0.077927 0.662943 0.083250 0.480695 0.442560 0.764863 0.828726 0.171209 0.706061 0.971852 0.161939 0.776783 0.233746 0.747641 0.947124 0.203772 0.502610 0.152841 0.388255 0.054007 0.499848 0.947331 0.209196 0.213427 0.249328 0.652618 0.675617 0.793488 0.002663 0.817715 0.615175 0.792015 0.464854 0.232322 0.623976 0.344554 0.933108 0.006126 0.406901 0.106765 0.044216 0.360512 0.816029 0.577914 0.628676 0.074071 0.866068 0.316731 0.796626 0.527105 0.638065 0.046860 0.619987 0.436509 0.071502 0.887963 0.983197 0.440095 0.045923 0.539483 0.285171 0.157304 0.176714 0.618439 0.076551 0.284407 0.591725 0.059796 0.094340 0.798597 0.030674 0.469369 0.705943 0.997238 0.129653 0.685104 0.612831 0.722685 0.394913 0.183544 0.107272 0.773600 0.121305 0.104235 0.166389 0.222748 0.420767 0.604276 0.836928 0.984102 0.486834 0.584518 0.930109 0.912331 0.318902 0.879073 0.240076 0.391634 0.813696 0.887842 0.018902 0.459915 0.915710 0.309521 0.017916 0.474421 0.971495 0.562784 0.589111 0.292663 0.421428 0.291007 0.517396 0.193686 0.466173 0.853326 0.439366 0.031579 0.851821 0.697361 0.785436 0.194089 0.644528 0.538731 0.132380 0.436949 0.305916 0.954015 0.853279 0.065375 0.700784 0.320988 0.965926 0.265587 0.849315 0.702654 0.130013 0.362957 0.947747 0.744184 0.999678 0.056264 0.680377
0.360625 0.491142 0.775360 0.588150 0.640966 0.495957 0.868987 0.602048 0.337589 0.137443 0.367717 0.073222 0.742321 0.440794 0.971016 0.402859 0.217423 0.682170 0.818893 0.482457 0.899401 0.406520 0.608283 0.985127 0.398625 0.121992 0.243546 0.528037 0.312627 0.974462 0.476423 0.624891 0.573506 0.855780 0.189153 0.281674 0.893079 0.831463 0.997844 0.905071 0.294979 0.952293 0.743597 0.170811 0.199682 0.259285 0.690936 0.531575 0.089205 0.991114 0.122511 0.156813 0.773225 0.205075 0.969886 0.133580 0.215871 0.999435 0.580417 0.973714 0.181727 0.400453 0.481170 0.406856 0.244045 0.968487 0.254125 0.545056 0.417904 0.074310 0.980801 0.419214 0.973887 0.040033 0.844521 0.043797 0.309671 0.809672 0.553208 0.824592 0.633497 0.007906 0.021175 0.844979 0.609244 0.123641 0.352760 0.175058 0.332857 0.205466 0.049037 0.266707 0.094130 0.398116 0.616493 0.203590 0.448522 0.193158 0.510668 0.879145 0.307905 0.366709 0.213619 0.183849 0.112542 0.416681 0.819340 0.951815 0.711922 0.798524 0.930767 0.747951 0.074697 0.298144 0.072056 0.978661 0.195396 0.086990 0.379010 0.415908 0.403669 0.059324 0.310304 0.516398 0.264680 0.399252 0.161037 0.653290 0.293238 0.136767 0.130082 0.709004 0.549292 0.016332 0.694893 0.828421 0.296027 0.630850 0.855784 0.109332 0.960159 0.408665 0.659919 0.898777 0.699424 0.783695 0.748117 0.682650 0.018757 0.360670 0.602481 0.061944 0.563561 0.615030 0.131995 0.088578 0.927083 0.701165 0.076419 0.255964 0.969013 0.866764 0.304740 0.646901 0.637924 0.647964 0.138101 0.434281 0.518749 0.455321 0.675919 0.129932 0.300237 0.419286 0.302185 0.882038 0.657805 0.634896 0.112832 0.332289 0.503602 0.799842 0.881133 0.157024 0.331272 0.307099 0.151092 0.438589 0.871860 0.911098 0.052542 0.053740 0.136374 0.600332 0.920028 0.134459 0.263228 0.593503 0.392925 0.803651
0.162156 0.571353 0.075571 0.533163 0.762365 0.381553 0.750120 0.077016 0.939247 0.453418 0.617474 0.488936 0.062693 0.977322 0.920982 0.014190 0.171337 0.241779 0.139168 0.795858 0.898560 0.165429 0.760253 0.469475 0.286705 0.975822 0.916489 0.826704 0.542762 0.542720 0.785505 0.111389 0.733026 0.542101 0.448882 0.944986 0.123883 0.170434 0.341944 0.118148 0.137402 0.427174 0.574582 0.876502 0.634075 0.743236 0.288909 0.622841 0.033995 0.922135 0.858434 0.621735 0.384796 0.193009 0.819805 0.532386 0.882611 0.445911 0.202172 0.024730 0.752709 0.532761 0.068632 0.186045 0.395146 0.466703 0.861563 0.669370 0.427415 0.222263 0.876680 0.839979 0.688257 0.073168 0.130003 0.455926 0.153352 0.012277 0.158982 0.961339 0.290832 0.963937 0.667240 0.414545 0.513980 0.872207 0.592634 0.118816 0.878608 0.249794 0.931421 0.980020 0.548452 0.607772 0.444754 0.466419 0.043148 0.185577 0.595184 0.345617 0.199413 0.832871 0.986390 0.945151 0.455266 0.909862 0.461650 0.081335 0.960857 0.494222 0.276043 0.600139 0.362686 0.632428 0.187337 0.010755 0.394363 0.477122 0.354076 0.945678 0.849151 0.855298 0.964480 0.692433 0.857037 0.447205 0.358777 0.701992 0.836951 0.709410 0.321470 0.615792 0.191679 0.391950 0.855555 0.991228 0.113932 0.556479 0.078609 0.434500 0.222064 0.854400 0.038866 0.802304 0.633222 0.183080 0.979340 0.016050 0.321316 0.581681 0.920538 0.706272 0.660752 0.021281 0.024767 0.796996 0.998659 0.404692 0.866684 0.258303 0.492916 0.054366 0.634978 0.448907 0.426804 0.069421 0.080388 0.626295 0.306097 0.757099 0.524467 0.342174 0.364366 0.532908 0.024830 0.129026 0.679485 0.096328 0.286251 0.970671 0.660531 0.895432 0.744130 0.970426 0.663939 0.443252 0.785914 0.239291 0.637133 0.704250 0.571089 0.446585 0.846204 0.083443 0.541738 0.425364 0.573518 0.725633 0.921799 0.288891
0.499583 0.265690 0.405847 0.381657 0.685760 0.433366 0.001684 0.275598 0.782851 0.942567 0.333488 0.965062 0.744271 0.732687 0.330552 0.198188 0.353806 0.573950 0.374203 0.010207 0.045689 0.100874 0.693318 0.497341 0.707235 0.112916 0.419703 0.494301 0.511864 0.305021 0.895684 0.486069 0.092951 0.979759 0.675828 0.191429 0.986517 0.902297 0.568555 0.438326 0.054199 0.122349 0.930108 0.187382 0.582849 0.513141 0.760599 0.688463 0.465031 0.662629 0.183883 0.425219 0.394886 0.247980 0.040670 0.594533 0.247030 0.493928 0.962401 0.997687 0.046464 0.656137 0.364337 0.482704 0.206456 0.357773 0.016543 0.557747 0.486629 0.976046 0.404786 0.322612 0.578751 0.339243 0.493801 0.510462 0.409495 0.698138 0.715174 0.211639 0.591906 0.102297 0.920083 0.346994 0.414239 0.849856 0.081034 0.895592 0.156626 0.854752 0.197267 0.918414 0.515855 0.407663 0.723381 0.152467 0.411734 0.628218 0.089276 0.898340 0.940534 0.964157 0.093341 0.413765 0.341719 0.132717 0.339927 0.819367 0.471184 0.138866 0.426111 0.612499 0.636822 0.345664 0.693778 0.218353 0.296052 0.184420 0.812354 0.630813 0.130100 0.026335 0.703725 0.722890 0.814464 0.532038 0.584702 0.363696 0.209230 0.504342 0.012749 0.669261 0.357465 0.985998 0.167973 0.250063 0.215498 0.221886 0.532400 0.890140 0.130457 0.726610 0.731525 0.303728 0.744762 0.091764 0.105999 0.473289 0.305555 0.902540 0.565121 0.471501 0.010832 0.136086 0.415411 0.927348 0.804409 0.592196 0.834149 0.901078 0.029111 0.613846 0.982913 0.643483 0.661357 0.872877 0.271837 0.619925 0.901105 0.457499 0.816601 0.658751 0.261538 0.923450 0.473151 0.281208 0.040589 0.305635 0.242589 0.983734 0.743682 0.939947 0.359637 0.013068 0.007738 0.465299 0.129357 0.973743 0.406464 0.728327 0.986932 0.641959 0.000195 0.922245 0.167928 0.809926 0.820398 0.687592 0.781303 0.326773
0.330052 0.351477 0.962835 0.869902 0.552118 0.373907 0.500154 0.282896 0.967681 0.966965 0.551204 0.413357 0.893310 0.531994 0.890514 0.395163 0.279109 0.034229 0.134999 0.220182 0.765167 0.220722 0.464564 0.892374 0.482184 0.296320 0.135935 0.296832 0.785295 0.917368 0.228248 0.755259 0.649250 0.293806 0.305056 0.306545 0.862318 0.231300 0.968818 0.542340 0.979591 0.127806 0.299784 0.623729 0.181388 0.554912 0.706571 0.314351 0.427234 0.219543 0.950779 0.576684 0.392102 0.079461 0.194239 0.849040 0.178220 0.322238 0.619141 0.149389 0.293720 0.779033 0.304894 0.631684 0.378096 0.877256 0.486224 0.072362 0.013779 0.370842 0.036432 0.613499 0.898148 0.456473 0.244453 0.565002 0.015176 0.662214 0.847672 0.369421 0.431649 0.158276 0.748253 0.796434 0.406803 0.533639 0.610739 0.714899 0.992582 0.430339 0.423126 0.959485 0.369522 0.634986 0.720954 0.035207 0.830213 0.940587 0.593122 0.993053 0.704962 0.038109 0.942485 0.671546 0.467591 0.489890 0.837135 0.226419 0.630069 0.775353 0.129661 0.058728 0.573530 0.037129 0.197443 0.610690 0.461853 0.202670 0.419950 0.228717 0.938790 0.890498 0.825944 0.673946 0.712239 0.024928 0.283026 0.130432 0.714110 0.075862 0.476551 0.962982 0.973711 0.936264 0.114937 0.216940 0.235206 0.080705 0.087077 0.386557 0.056557 0.280894 0.526160 0.725976 0.157010 0.618540 0.470851 0.089514 0.541887 0.918001 0.786032 0.989621 0.342186 0.961720 0.762192 0.350331 0.926493 0.220739 0.583583 0.601318 0.517590 0.424061 0.273670 0.281767 0.320843 0.776471 0.173918 0.141461 0.522811 0.328753 0.169315 0.277616 0.246692 0.456368 0.455915 0.387717 0.979437 0.974236 0.413446 0.213725 0.323333 0.273003 0.179206 0.177027 0.250793 0.152857 0.309268 0.160528 0.806938 0.396693 0.890855 0.418059 0.648745 0.365500 0.318792 0.034125 0.908951 0.980286 0.297185 0.062650
0.841893 0.091745 0.543625 0.660834 0.035969 0.880711 0.271922 0.652130 0.234804 0.669056 0.351545 0.995274 0.737301 0.403256 0.782335 0.657199 0.296153 0.059331 0.247001 0.731214 0.740506 0.173530 0.335131 0.801015 0.003645 0.784818 0.307119 0.352651 0.247698 0.902664 0.693591 0.776352 0.892966 0.650133 0.351850 0.035297 0.010209 0.622740 0.094526 0.529191 0.302386 0.544694 0.096037 0.195894 0.011453 0.038032 0.525806 0.083220 0.521157 0.126836 0.446666 0.761357 0.033511 0.542807 0.987135 0.530432 0.291900 0.289379 0.606926 0.107077 0.823993 0.350038 0.563479 0.725461 0.699051 0.144332 0.621690 0.613548 0.183953 0.562305 0.127209 0.323022 0.035966 0.075813 0.795001 0.591259 0.096194 0.332140 0.656503 0.883282 0.079813 0.045312 0.398012 0.723588 0.985841 0.973837 0.559418 0.261665 0.267520 0.080347 0.208074 0.847830 0.523969 0.277637 0.595196 0.179750 0.113356 0.577922 0.737659 0.272361 0.450989 0.497710 0.863882 0.076175 0.259504 0.300181 0.797558 0.719878 0.451105 0.654242 0.411322 0.317083 0.317772 0.203061 0.822680 0.429079 0.473730 0.797879 0.368233 0.351463 0.388087 0.722162 0.887679 0.609606 0.092415 0.816140 0.114908 0.933573 0.089863 0.149799 0.584335 0.439093 0.528412 0.575369 0.644608 0.383353 0.698264 0.458504 0.433261 0.247034 0.095959 0.233386 0.606512 0.062758 0.203263 0.428060 0.443931 0.536224 0.783529 0.921092 0.730764 0.489757 0.052404 0.674682 0.481871 0.216716 0.939917 0.313616 0.689347 0.128179 0.043679 0.778279 0.565821 0.217738 0.491156 0.290321 0.127764 0.009128 0.256343 0.077677 0.865175 0.475570 0.710681 0.467490 0.916177 0.673344 0.094821 0.975956 0.556967 0.019189 0.013811 0.216605 0.467282 0.237772 0.981464 0.352634 0.865987 0.548524 0.694285 0.445845 0.445369 0.888686 0.306427 0.816860 0.459395 0.229088 0.583149 0.944073 0.551755 0.351544
0.088763 0.799386 0.046926 0.636480 0.314162 0.792000 0.013410 0.709369 0.796469 0.977203 0.192688 0.512887 0.859428 0.511711 0.156843 0.149981 0.585117 0.416312 0.392739 0.479074 0.781041 0.418305 0.189042 0.403119 0.380928 0.711182 0.499185 0.775359 0.668419 0.235394 0.888036 0.432380 0.481353 0.137950 0.616107 0.966794 0.932029 0.298148 0.818491 0.664796 0.070306 0.290707 0.363100 0.643205 0.185958 0.255331 0.044519 0.110866 0.149379 0.266995 0.617481 0.627606 0.017361 0.340693 0.798312 0.756804 0.211174 0.068823 0.270564 0.189030 0.208834 0.098587 0.121012 0.157322 0.170559 0.427354 0.694084 0.265511 0.019266 0.590918 0.152599 0.198521 0.933617 0.331694 0.523847 0.227203 0.869412 0.081492 0.600484 0.308284 0.393341 0.252830 0.400690 0.024497 0.262192 0.607682 0.991458 0.883308 0.381979 0.853365 0.753928 0.886748 0.673298 0.543241 0.818854 0.057610 0.373965 0.086576 0.416225 0.655175 0.977612 0.169246 0.290923 0.265391 0.035406 0.719253 0.481938 0.168506 0.045247 0.609214 0.193708 0.507987 0.459267 0.800835 0.654790 0.340796 0.269156 0.520987 0.970140 0.721901 0.255109 0.284592 0.944921 0.141141 0.896236 0.940054 0.627959 0.534803 0.476995 0.862417 0.772488 0.086310 0.809718 0.434879 0.963261 0.192022 0.727187 0.894600 0.247604 0.728263 0.436860 0.434292 0.566736 0.653948 0.277665 0.203128 0.001300 0.230004 0.898085 0.543047 0.720774 0.777327 0.989124 0.477179 0.775814 0.943416 0.641653 0.913856 0.289939 0.167050 0.367769 0.098034 0.280100 0.545048 0.994839 0.172613 0.975921 0.674414 0.208073 0.207418 0.051712 0.514755 0.773744 0.478845 0.579738 0.530411 0.545694 0.309302 0.048699 0.019325 0.878470 0.841387 0.604764 0.139429 0.590016 0.014781 0.605831 0.958062 0.150755 0.167545 0.282360 0.885249 0.269041 0.377792 0.672680 0.247089 0.686182 0.612460 0.202327 0.269670
0.156550 0.056114 0.739725 0.714484 0.699004 0.252453 0.180973 0.081654 0.253461 0.932897 0.565264 0.860317 0.998337 0.644324 0.089023 0.921930 0.159419 0.472770 0.097523 0.607390 0.101549 0.767827 0.103516 0.138189 0.724967 0.229681 0.061457 0.342664 0.330402 0.531115 0.344808 0.200102 0.285562 0.232817 0.428630 0.335950 0.177428 0.168897 0.925459 0.652151 0.915710 0.214455 0.831802 0.632976 0.353728 0.867371 0.892090 0.216441 0.404537 0.198020 0.461751 0.488247 0.332608 0.715483 0.917612 0.070795 0.656244 0.532236 0.029786 0.755481 0.448371 0.923992 0.415219 0.946116 0.702128 0.236085 0.264843 0.065058 0.089270 0.711215 0.066557 0.851736 0.953334 0.463391 0.126816 0.069925 0.220744 0.162180 0.690036 0.397997 0.862009 0.756033 0.196885 0.595176 0.283229 0.997874 0.885595 0.469084 0.141361 0.818224 0.786349 0.397259 0.800353 0.043832 0.811706 0.909703 0.413746 0.139884 0.834794 0.405695 0.758724 0.204493 0.595769 0.573081 0.448830 0.563781 0.125483 0.974020 0.355104 0.712211 0.578028 0.382043 0.005730 0.557629 0.492228 0.521677 0.019357 0.859917 0.842356 0.938484 0.901269 0.543759 0.712342 0.995717 0.494460 0.239025 0.562379 0.290496 0.969898 0.352297 0.811416 0.860583 0.273268 0.055975 0.827136 0.114032 0.398995 0.736597 0.120015 0.384911 0.748299 0.967182 0.133540 0.744182 0.148974 0.752163 0.236779 0.421520 0.410613 0.293372 0.338663 0.270346 0.484171 0.123551 0.018115 0.531172 0.961548 0.995429 0.150954 0.445465 0.127550 0.600262 0.198633 0.759068 0.860113 0.815777 0.355387 0.702901 0.968552 0.166802 0.871379 0.032806 0.137645 0.871807 0.967034 0.643239 0.862174 0.650263 0.270927 0.882656 0.515675 0.952510 0.980808 0.780364 0.235048 0.534117 0.226210 0.979203 0.707683 0.397093 0.110807 0.830027 0.887434 0.977180 0.625261 0.248220 0.986752 0.950519 0.808206 0.116175
0.114364 0.287627 0.664660 0.351067 0.220255 0.796026 0.971953 0.148661 0.441769 0.611767 0.420189 0.705666 0.927318 0.783317 0.791609 0.772983 0.400758 0.018916 0.774277 0.094483 0.729795 0.261740 0.343736 0.986826 0.765924 0.518694 0.783729 0.036540 0.900723 0.380443 0.794522 0.788872 0.794491 0.809990 0.873121 0.907376 0.983603 0.325139 0.056375 0.836137 0.709388 0.825109 0.044357 0.036053 0.159160 0.622915 0.475460 0.129150 0.868221 0.508063 0.241979 0.791744 0.155461 0.580975 0.885714 0.325832 0.017206 0.756237 0.911239 0.888900 0.404916 0.862162 0.712089 0.528752 0.759017 0.503689 0.175644 0.504372 0.431893 0.617209 0.139891 0.068166 0.290366 0.090132 0.157688 0.066009 0.124125 0.461975 0.821923 0.182086 0.161591 0.301953 0.042134 0.128734 0.685749 0.166783 0.176367 0.000350 0.784123 0.374111 0.805360 0.220557 0.510882 0.289306 0.875173 0.513177 0.004853 0.614160 0.669173 0.070961 0.122983 0.677526 0.253756 0.779082 0.341172 0.878664 0.413661 0.055988 0.843203 0.280985 0.983768 0.110901 0.256923 0.213422 0.627621 0.751366 0.496203 0.633073 0.113261 0.050487 0.199306 0.473984 0.359935 0.417917 0.959387 0.249086 0.268372 0.383554 0.507796 0.822173 0.791864 0.190799 0.779341 0.550634 0.103804 0.277708 0.803468 0.531852 0.565875 0.183908 0.529566 0.297480 0.143626 0.593481 0.435943 0.209887 0.515753 0.993722 0.122422 0.520994 0.274571 0.694889 0.472359 0.948764 0.431814 0.257091 0.225547 0.206483 0.448953 0.664548 0.655261 0.792789 0.532371 0.913343 0.763168 0.548240 0.703148 0.915116 0.803966 0.075557 0.116225 0.735299 0.593627 0.861941 0.636396 0.748040 0.758120 0.418906 0.137792 0.493400 0.348152 0.250975 0.245424 0.482732 0.912997 0.481930 0.559654 0.362385 0.100693 0.040514 0.803803 0.976041 0.162184 0.919344 0.592890 0.711015 0.161149 0.912701 0.400541 0.347385
0.336460 0.448826 0.433565 0.958561 0.046822 0.883456 0.284166 0.426880 0.934138 0.890341 0.749897 0.133841 0.488523 0.514762 0.533939 0.683464 0.946832 0.916104 0.116522 0.894104 0.186351 0.811038 0.812948 0.594549 0.344340 0.654764 0.361378 0.346704 0.357478 0.227728 0.911329 0.101269 0.606744 0.485941 0.049299 0.187080 0.889402 0.468216 0.271834 0.056645 0.550547 0.046191 0.548044 0.978222 0.130104 0.255864 0.138126 0.521851 0.485500 0.941606 0.810768 0.726052 0.439715 0.145188 0.629384 0.051080 0.155522 0.950502 0.240901 0.290357 0.530790 0.462692 0.754536 0.516965 0.898373 0.155527 0.268852 0.975473 0.659672 0.417853 0.670206 0.128691 0.287005 0.827238 0.272785 0.528120 0.785825 0.338032 0.386172 0.115467 0.264105 0.400383 0.879759 0.920470 0.475595 0.051864 0.554919 0.038737 0.829364 0.711198 0.111333 0.352527 0.667601 0.087881 0.771055 0.142547 0.215228 0.325398 0.709687 0.129563 0.419989 0.957753 0.155911 0.502000 0.830113 0.311215 0.100353 0.958079 0.302945 0.038530 0.621499 0.408480 0.491975 0.129328 0.970965 0.055728 0.387542 0.194278 0.722156 0.016698 0.595801 0.085298 0.082151 0.407569 0.028313 0.903153 0.519052 0.694487 0.801967 0.249507 0.088109 0.886672 0.282316 0.457265 0.135447 0.727815 0.163978 0.114382 0.092264 0.744394 0.538042 0.116795 0.227010 0.339676 0.253405 0.570252 0.494562 0.728194 0.713202 0.859741 0.547611 0.553581 0.645429 0.095718 0.069616 0.031329 0.084974 0.240382 0.499458 0.263938 0.819686 0.354050 0.104751 0.346328 0.383010 0.064757 0.778219 0.228635 0.018561 0.772954 0.370218 0.608637 0.061759 0.618711 0.620306 0.840126 0.946945 0.521076 0.902244 0.314516 0.561100 0.268852 0.811485 0.544335 0.019900 0.349051 0.317397 0.798154 0.236836 0.059412 0.149684 0.184977 0.548575 0.945403 0.855203 0.185509 0.825404 0.812198 0.183986 0.431671
0.699477 0.538959 0.067886 0.401438 0.716882 0.602800 0.310323 0.723224 0.281255 0.246001 0.762955 0.812771 0.395483 0.511646 0.252050 0.084770 0.662759 0.551742 0.606587 0.158042 0.640375 0.621625 0.614694 0.026610 0.228584 0.777589 0.263678 0.136490 0.883960 0.527720 0.388283 0.800648 0.319783 0.043886 0.114346 0.747449 0.323729 0.934047 0.976214 0.165987 0.952551 0.798720 0.199902 0.481758 0.759057 0.021990 0.369197 0.412303 0.328157 0.213808 0.759314 0.559216 0.465713 0.982437 0.662541 0.718990 0.496831 0.445014 0.953496 0.287164 0.530817 0.612897 0.018153 0.525642 0.821813 0.736944 0.274932 0.952314 0.203853 0.995442 0.013282 0.553440 0.493221 0.718000 0.833506 0.152625 0.201043 0.536430 0.158596 0.734210 0.430000 0.564305 0.837966 0.181432 0.839897 0.793788 0.914681 0.452969 0.421797 0.339986 0.227556 0.698540 0.877540 0.279782 0.663888 0.608202 0.262139 0.247314 0.312133 0.156328 0.844945 0.236196 0.605389 0.645316 0.839038 0.680000 0.728631 0.736083 0.698298 0.203250 0.386416 0.273931 0.250433 0.055692 0.425213 0.642842 0.727154 0.718110 0.983999 0.811438 0.201875 0.303516 0.646598 0.375448 0.721352 0.720204 0.140787 0.552051 0.844049 0.103107 0.514500 0.648957 0.826744 0.012212 0.693810 0.726166 0.450762 0.509226 0.529512 0.012733 0.106604 0.522196 0.787496 0.647677 0.983458 0.883742 0.741313 0.145704 0.849526 0.707130 0.306055 0.787414 0.605993 0.949420 0.570426 0.665060 0.385752 0.293416 0.387001 0.725088 0.718858 0.514864 0.831874 0.755335 0.175665 0.039426 0.273702 0.778735 0.406127 0.266849 0.009974 0.769767 0.775151 0.603494 0.630786 0.642147 0.186825 0.299137 0.636761 0.275066 0.044306 0.697960 0.657682 0.962817 0.351643 0.049822 0.761552 0.684203 0.605194 0.835635 0.745569 0.893057 0.967033 0.692155 0.363854 0.729240 0.816105 0.156542 0.596496 0.392440
0.961013 0.296956 0.638692 0.515182 0.349249 0.876181 0.097914 0.581127 0.467743 0.071563 0.221802 0.817011 0.300503 0.943518 0.026392 0.130027 0.830818 0.663862 0.201480 0.383955 0.540138 0.985442 0.361246 0.326742 0.748150 0.178325 0.100320 0.844094 0.978026 0.980002 0.545476 0.764960 0.180555 0.611876 0.647546 0.675667 0.825369 0.780158 0.523282 0.486627 0.664246 0.776884 0.395328 0.880099 0.518707 0.136070 0.229120 0.794363 0.709443 0.842321 0.440519 0.242628 0.612700 0.964411 0.307191 0.189085 0.750848 0.419754 0.120306 0.249902 0.943027 0.290629 0.089091 0.148154 0.320828 0.991802 0.209980 0.055034 0.573878 0.930268 0.502731 0.132779 0.246894 0.020651 0.526270 0.304230 0.437919 0.020788 0.825622 0.156285 0.493299 0.515555 0.910538 0.715235 0.650531 0.764189 0.781078 0.558358 0.834285 0.798843 0.258749 0.395295 0.978161 0.775382 0.942586 0.237628 0.270639 0.737434 0.220393 0.904709 0.811175 0.625985 0.967012 0.038417 0.439182 0.774032 0.158736 0.191708 0.793229 0.277754 0.605466 0.504932 0.061442 0.338371 0.821914 0.753511 0.605302 0.558428 0.077890 0.371458 0.104640 0.828967 0.954701 0.456943 0.564683 0.593919 0.802439 0.799417 0.820312 0.665617 0.057724 0.388685 0.815615 0.638841 0.052432 0.403842 0.085859 0.336419 0.671281 0.975900 0.225946 0.064192 0.324167 0.217491 0.913987 0.570610 0.452525 0.144425 0.054748 0.650626 0.971989 0.697138 0.130876 0.560327 0.122135 0.457663 0.936241 0.785181 0.119465 0.080663 0.605819 0.285286 0.361791 0.119886 0.796910 0.984097 0.288851 0.989997 0.409752 0.142642 0.517465 0.483583 0.594469 0.201486 0.420464 0.312803 0.936249 0.488850 0.154853 0.223891 0.834917 0.303820 0.303593 0.943799 0.813167 0.423054 0.218834 0.104228 0.817002 0.642656 0.945834 0.853894 0.013339 0.117896 0.475454 0.074033 0.199705 0.414746 0.074020 0.870756
0.295561 0.020577 0.884698 0.600488 0.038931 0.677902 0.272853 0.568623 0.395267 0.499970 0.661734 0.977084 0.686686 0.658910 0.199435 0.536130 0.056851 0.558368 0.359794 0.727733 0.775569 0.091444 0.043588 0.339956 0.342174 0.593668 0.669248 0.892125 0.357331 0.633534 0.169479 0.005511 0.861916 0.093554 0.277206 0.070839 0.259055 0.064360 0.269969 0.703664 0.564863 0.223966 0.152237 0.290882 0.272163 0.045604 0.210501 0.146790 0.709523 0.999399 0.506018 0.822075 0.304106 0.578271 0.203153 0.782033 0.246028 0.261029 0.417942 0.576012 0.269074 0.988639 0.618543 0.068544 0.733078 0.272756 0.841126 0.894642 0.009949 0.226847 0.604362 0.094839 0.601914 0.514427 0.901620 0.353792 0.301783 0.142571 0.006530 0.444216 0.907900 0.483299 0.169359 0.894526 0.921985 0.235355 0.040775 0.678945 0.680437 0.997961 0.009084 0.461762 0.063206 0.528584 0.101124 0.492185 0.200051 0.385121 0.458907 0.654960 0.012710 0.282598 0.876242 0.341696 0.654353 0.980283 0.078787 0.774624 0.713207 0.810372 0.228261 0.610697 0.904107 0.146387 0.087538 0.106242 0.468785 0.552874 0.711015 0.916353 0.416234 0.066254 0.621667 0.520405 0.691086 0.079289 0.169674 0.990278 0.658545 0.063531 0.719916 0.287458 0.053125 0.600674 0.088519 0.134036 0.506073 0.925810 0.976378 0.159695 0.029502 0.582824 0.526482 0.139183 0.907974 0.213634 0.231450 0.314255 0.335947 0.677573 0.370992 0.169418 0.865054 0.506811 0.221163 0.178851 0.553596 0.949853 0.040559 0.365743 0.770166 0.195267 0.596751 0.258088 0.747657 0.216269 0.782163 0.934389 0.248034 0.437679 0.737961 0.126461 0.654602 0.874551 0.113878 0.874930 0.217295 0.898015 0.591682 0.253593 0.567752 0.609847 0.149986 0.442853 0.389083 0.343287 0.820404 0.036682 0.066198 0.938083 0.061549 0.887688 0.849190 0.597499 0.167780 0.560101 0.377164 0.617249 0.351113 0.278965
0.679314 0.973588 0.589823 0.119366 0.383641 0.615110 0.837062 0.338209 0.415606 0.580274 0.635699 0.627800 0.332015 0.916424 0.704197 0.285976 0.658698 0.055658 0.145813 0.853838 0.819779 0.684241 0.568486 0.934337 0.664161 0.484594 0.097550 0.836525 0.552565 0.783344 0.125365 0.055169 0.609683 0.285254 0.141912 0.065566 0.108686 0.394028 0.566862 0.380409 0.950111 0.603326 0.619370 0.443511 0.071495 0.540965 0.961858 0.311100 0.767666 0.199575 0.566703 0.162986 0.343105 0.338650 0.190151 0.792442 0.875184 0.969389 0.788818 0.120208 0.894188 0.351849 0.650850 0.235651 0.438252 0.639338 0.773823 0.344468 0.838958 0.247131 0.116222 0.507490 0.551602 0.953305 0.816757 0.755259 0.241339 0.888580 0.180117 0.606579 0.231032 0.621170 0.819546 0.731925 0.175307 0.517777 0.260192 0.702860 0.808165 0.053082 0.691392 0.294268 0.143078 0.787179 0.229769 0.667628 0.580347 0.620591 0.723970 0.450589 0.046431 0.329316 0.857462 0.296286 0.317689 0.226427 0.392267 0.057699 0.500628 0.057861 0.259777 0.574788 0.253183 0.990807 0.629584 0.304235 0.765831 0.971123 0.143991 0.003447 0.449232 0.102645 0.032944 0.895016 0.383908 0.005811 0.957779 0.642292 0.291201 0.564595 0.369894 0.093234 0.452938 0.063331 0.320518 0.612538 0.466461 0.401938 0.381814 0.185471 0.121961 0.590302 0.058842 0.410428 0.901626 0.799534 0.661204 0.034464 0.578343 0.908542 0.904548 0.294904 0.426656 0.939843 0.997446 0.664466 0.108247 0.753515 0.245218 0.269822 0.519864 0.904504 0.143477 0.760434 0.749243 0.383908 0.225351 0.608989 0.471668 0.204958 0.417192 0.578152 0.702267 0.441774 0.852272 0.108827 0.907272 0.151434 0.175421 0.779638 0.402309 0.558709 0.478923 0.798408 0.501161 0.135698 0.936525 0.886517 0.213278 0.544005 0.332512 0.391148 0.509072 0.393304 0.597442 0.456259 0.312279 0.755897 0.596610 0.790458
0.358504 0.906992 0.432571 0.791267 0.023226 0.776475 0.203573 0.229063 0.046208 0.800614 0.557080 0.735908 0.889290 0.086792 0.629467 0.958526 0.693621 0.076971 0.018572 0.479248 0.321585 0.930092 0.158109 0.275683 0.968202 0.898581 0.859338 0.792617 0.458750 0.509114 0.720765 0.703276 0.429952 0.841585 0.405108 0.926314 0.262478 0.091623 0.836646 0.458391 0.204004 0.115396 0.325463 0.716198 0.932350 0.809143 0.970473 0.778442 0.881467 0.840343 0.136913 0.115702 0.715034 0.732356 0.258335 0.940732 0.886610 0.091003 0.629274 0.859721 0.328112 0.629648 0.340692 0.730982 0.232623 0.543861 0.611559 0.404140 0.045027 0.074945 0.463115 0.539181 0.026586 0.806514 0.456061 0.241177 0.073252 0.965186 0.778090 0.677363 0.335974 0.295760 0.678864 0.548928 0.494719 0.537328 0.275452 0.521149 0.628686 0.176733 0.150429 0.901197 0.514922 0.043576 0.439209 0.797370 0.876865 0.662822 0.807015 0.582978 0.564104 0.560659 0.284989 0.322888 0.746585 0.623086 0.646109 0.173628 0.527683 0.795725 0.966851 0.930312 0.736613 0.726625 0.041706 0.699335 0.582588 0.928030 0.299384 0.017196 0.642596 0.896248 0.148500 0.296902 0.246102 0.681260 0.764943 0.258003 0.595601 0.932483 0.412740 0.828891 0.708101 0.033122 0.672546 0.615071 0.614404 0.719612 0.652512 0.907435 0.581533 0.498880 0.826654 0.177020 0.942972 0.422125 0.724126 0.538477 0.412650 0.672570 0.979077 0.492530 0.047145 0.173078 0.780586 0.718731 0.915749 0.265634 0.489089 0.743693 0.499551 0.843629 0.499318 0.691225 0.694484 0.951142 0.038198 0.217763 0.725267 0.411836 0.630138 0.757577 0.650015 0.703250 0.710285 0.390071 0.055026 0.644447 0.416542 0.539070 0.612967 0.822021 0.223989 0.216373 0.263317 0.513549 0.144840 0.757779 0.454876 0.174060 0.906349 0.617530 0.966579 0.644566 0.172617 0.088508 0.098414 0.790790 0.749896 0.482007
0.350375 0.431487 0.731156 0.925861 0.792456 0.968954 0.874446 0.168046 0.762304 0.494236 0.885130 0.972010 0.220690 0.000110 0.927745 0.341285 0.050798 0.911121 0.663822 0.653380 0.799059 0.258029 0.401418 0.456562 0.138862 0.603204 0.003622 0.623638 0.521889 0.398573 0.561793 0.442909 0.203505 0.878503 0.255979 0.156364 0.363502 0.562940 0.198023 0.418733 0.211228 0.834638 0.675328 0.629215 0.503751 0.636256 0.617421 0.094752 0.996419 0.887105 0.146667 0.040538 0.600741 0.361432 0.156301 0.797494 0.227172 0.143923 0.335516 0.123788 0.319191 0.930209 0.641802 0.748160 0.212052 0.356140 0.815353 0.077591 0.659384 0.042439 0.094130 0.939475 0.405853 0.849867 0.338574 0.789866 0.718373 0.560683 0.975850 0.588182 0.756504 0.701106 0.197179 0.629801 0.980128 0.936214 0.299763 0.351510 0.236338 0.632735 0.301737 0.726305 0.929783 0.847284 0.727605 0.035328 0.749986 0.095369 0.056369 0.867639 0.824610 0.511309 0.843196 0.408436 0.469713 0.489675 0.790399 0.917089 0.807329 0.744633 0.476874 0.289000 0.689026 0.187454 0.793575 0.156024 0.829324 0.143098 0.510409 0.038870 0.493013 0.333292 0.734802 0.442699 0.963355 0.693647 0.153613 0.656191 0.353841 0.727331 0.970132 0.962053 0.864477 0.306204 0.754477 0.474988 0.422460 0.990515 0.375854 0.745272 0.875806 0.675254 0.272239 0.018456 0.620600 0.694747 0.945890 0.676470 0.473714 0.205439 0.664403 0.174260 0.040604 0.636255 0.407494 0.330139 0.624295 0.892055 0.958030 0.930508 0.209245 0.412924 0.739302 0.735886 0.530779 0.717861 0.645576 0.989115 0.180707 0.518301 0.035015 0.019627 0.317209 0.330471 0.356504 0.795594 0.034797 0.096000 0.577073 0.767701 0.546151 0.394440 0.181197 0.170072 0.168153 0.918715 0.594383 0.702698 0.062595 0.201904 0.827714 0.687067 0.363682 0.441161 0.439113 0.657124 0.036353 0.910346 0.340094 0.202981
0.619742 0.552420 0.651169 0.773076 0.520292 0.105814 0.378110 0.211989 0.648633 0.553146 0.272065 0.985680 0.633410 0.157940 0.649906 0.735849 0.953987 0.948878 0.188713 0.635964 0.152854 0.700346 0.365650 0.007193 0.038118 0.179995 0.046393 0.141078 0.693576 0.323018 0.030153 0.018322 0.819249 0.883087 0.953223 0.820815 0.467941 0.625566 0.576328 0.621273 0.674781 0.077283 0.821748 0.796129 0.710722 0.646220 0.032958 0.543797 0.622105 0.153417 0.587578 0.894130 0.585919 0.959739 0.341645 0.064896 0.083504 0.712772 0.130933 0.495778 0.708272 0.639814 0.421829 0.832536 0.356637 0.422527 0.961408 0.038655 0.177597 0.922230 0.700563 0.317774 0.236921 0.665616 0.101383 0.295213 0.650316 0.293474 0.113372 0.000100 0.311790 0.036635 0.518825 0.548765 0.603118 0.453908 0.590589 0.882079 0.658201 0.110261 0.981448 0.760465 0.234806 0.196262 0.304416 0.028242 0.291210 0.813651 0.087543 0.747256 0.401236 0.036675 0.115214 0.248589 0.715223 0.499016 0.837530 0.304708 0.365780 0.445150 0.953145 0.259159 0.497756 0.655578 0.247877 0.986273 0.313372 0.526698 0.772565 0.699211 0.675454 0.135286 0.359639 0.842341 0.637133 0.406053 0.606404 0.077522 0.295502 0.138366 0.906324 0.443410 0.366188 0.888858 0.163088 0.858543 0.143743 0.573236 0.339053 0.590364 0.243799 0.920294 0.420134 0.586418 0.994001 0.867931 0.164628 0.386622 0.085704 0.341243 0.806398 0.643359 0.476096 0.811525 0.665275 0.921395 0.664912 0.398676 0.491580 0.842796 0.315488 0.825607 0.069203 0.012031 0.863216 0.377845 0.391608 0.936924 0.913001 0.720012 0.417540 0.006020 0.238530 0.064747 0.838838 0.820415 0.490136 0.091070 0.163645 0.919955 0.131561 0.810147 0.939474 0.809378 0.063712 0.692231 0.663421 0.628108 0.439728 0.135364 0.530563 0.913236 0.675814 0.122609 0.050605 0.381416 0.625413 0.337002 0.140364 0.818590
0.433872 0.415330 0.295051 0.625597 0.957695 0.594112 0.591363 0.470008 0.743628 0.719053 0.067999 0.246053 0.840416 0.845422 0.699958 0.128438 0.838832 0.106709 0.884414 0.358176 0.077758 0.437004 0.655946 0.731142 0.624898 0.069417 0.209282 0.392430 0.225819 0.165382 0.359956 0.676828 0.777075 0.740651 0.879304 0.200983 0.054527 0.869293 0.183808 0.426369 0.641594 0.184518 0.275513 0.351751 0.943198 0.157746 0.360233 0.327952 0.987935 0.418797 0.515067 0.438545 0.043410 0.588441 0.601810 0.747745 0.018910 0.623307 0.502102 0.833465 0.392829 0.412557 0.680400 0.239464 0.773527 0.853010 0.866515 0.906078 0.934997 0.694838 0.973260 0.455673 0.809362 0.481355 0.051087 0.924146 0.052466 0.296873 0.713196 0.902392 0.683193 0.987700 0.428854 0.038536 0.125033 0.662489 0.182475 0.516264 0.376175 0.810956 0.049954 0.193664 0.531115 0.327641 0.197750 0.861662 0.783018 0.714918 0.144156 0.916523 0.161563 0.208227 0.350726 0.635056 0.501874 0.871072 0.551240 0.630129 0.063766 0.335933 0.026396 0.679654 0.695819 0.106817 0.495650 0.177164 0.330783 0.521203 0.244876 0.785256 0.235314 0.819801 0.882274 0.038783 0.124886 0.012416 0.860899 0.353286 0.413783 0.252882 0.815927 0.772762 0.980263 0.727100 0.713871 0.137857 0.737668 0.670655 0.456254 0.575460 0.801550 0.385278 0.215830 0.077248 0.741146 0.891950 0.999265 0.904342 0.007660 0.813654 0.244565 0.014027 0.644534 0.303912 0.777745 0.129521 0.185417 0.005429 0.395140 0.879047 0.197633 0.023632 0.955147 0.765235 0.356282 0.745440 0.833279 0.527448 0.829520 0.259431 0.760991 0.905709 0.856069 0.050171 0.041449 0.021856 0.380971 0.919755 0.717973 0.423623 0.676475 0.139275 0.724441 0.834904 0.198809 0.090815 0.193163 0.952416 0.132365 0.408818 0.439062 0.057679 0.410078 0.354657 0.521699 0.164178 0.922400 0.990552 0.602098 0.953803
0.557935 0.444955 0.643586 0.156639 0.735093 0.526008 0.616664 0.426514 0.792724 0.889049 0.191574 0.311078 0.663884 0.779653 0.083143 0.110175 0.974175 0.020586 0.388129 0.219279 0.081353 0.049850 0.357923 0.464691 0.300994 0.862044 0.079543 0.275988 0.341759 0.333798 0.009053 0.946940 0.450113 0.835891 0.556178 0.008217 0.602883 0.541675 0.198961 0.165809 0.253952 0.021699 0.739880 0.554843 0.448869 0.411149 0.942238 0.532816 0.233758 0.335506 0.430771 0.596672 0.433207 0.825472 0.177622 0.860761 0.672923 0.072063 0.993620 0.455308 0.061448 0.456621 0.259019 0.462399 0.155083 0.007978 0.938697 0.400824 0.094782 0.548797 0.582827 0.958630 0.527422 0.267922 0.938251 0.588704 0.862107 0.372465 0.454206 0.214643 0.031315 0.166317 0.479994 0.747674 0.468127 0.895319 0.167881 0.663858 0.000617 0.965196 0.166211 0.379189 0.041964 0.267180 0.934059 0.376783 0.854314 0.360044 0.098427 0.489851 0.991056 0.523211 0.922826 0.320093 0.716735 0.204650 0.489382 0.820843 0.330482 0.621233 0.284083 0.261488 0.450016 0.747557 0.487796 0.642861 0.753084 0.641700 0.102287 0.637771 0.514796 0.115732 0.284643 0.386744 0.090496 0.935976 0.836603 0.842656 0.139036 0.684130 0.477360 0.614899 0.740770 0.005203 0.632179 0.620114 0.561329 0.272088 0.296389 0.114994 0.372762 0.335288 0.627467 0.787220 0.767748 0.583332 0.457121 0.529132 0.973020 0.166848 0.506044 0.527408 0.398417 0.626216 0.679250 0.708767 0.672444 0.954103 0.681918 0.365302 0.467308 0.049344 0.175441 0.613997 0.064907 0.042261 0.060780 0.872865 0.938370 0.581856 0.799379 0.908275 0.754470 0.716317 0.778194 0.558672 0.086879 0.242888 0.617239 0.746060 0.132027 0.389885 0.480574 0.125313 0.615935 0.931828 0.641371 0.459383 0.175916 0.020327 0.825540 0.207981 0.019751 0.695616 0.998876 0.032855 0.507924 0.288248 0.705503 0.156070
0.520597 0.300208 0.722862 0.402007 0.386001 0.177869 0.481605 0.606272 0.130703 0.635321 0.633430 0.495593 0.964866 0.898829 0.486146 0.843427 0.495933 0.788215 0.534922 0.675135 0.008878 0.675550 0.562306 0.234094 0.743108 0.609348 0.321500 0.516650 0.579320 0.882754 0.851293 0.868114 0.474028 0.520091 0.998194 0.143662 0.244392 0.247618 0.160427 0.585733 0.096970 0.720710 0.891592 0.948404 0.393913 0.452078 0.237434 0.182168 0.159968 0.134237 0.314035 0.317546 0.789184 0.951035 0.733367 0.275788 0.285991 0.647639 0.395739 0.197944 0.273541 0.526801 0.839326 0.258232 0.771810 0.126650 0.219092 0.271246 0.270309 0.017942 0.930819 0.680571 0.020208 0.449967 0.351877 0.459059 0.560617 0.951528 0.223465 0.818668 0.159523 0.056647 0.085288 0.154840 0.438023 0.092207 0.954150 0.824300 0.869256 0.925881 0.698092 0.895121 0.768905 0.659747 0.306871 0.657114 0.437175 0.775716 0.773537 0.621669 0.078870 0.504795 0.831989 0.819447 0.477496 0.227965 0.810066 0.862907 0.355669 0.958336 0.947952 0.745914 0.839307 0.455014 0.902404 0.288798 0.474436 0.294515 0.448638 0.709709 0.982411 0.644259 0.139294 0.294558 0.231643 0.429546 0.309815 0.466673 0.031668 0.539910 0.170520 0.272456 0.663282 0.760457 0.244028 0.810381 0.111258 0.916514 0.609237 0.975302 0.114711 0.172552 0.767702 0.927453 0.491745 0.659795 0.640156 0.710319 0.177604 0.665959 0.118518 0.472147 0.801380 0.086304 0.782590 0.671142 0.868011 0.387028 0.243663 0.100997 0.053357 0.611450 0.712461 0.457339 0.128353 0.534988 0.949761 0.244884 0.913286 0.903102 0.048585 0.555433 0.958436 0.800113 0.392739 0.651665 0.391221 0.827585 0.161277 0.420666 0.100181 0.209476 0.649698 0.675475 0.631416 0.973112 0.976266 0.971486 0.919425 0.557091 0.151433 0.252033 0.531782 0.411495 0.823440 0.849922 0.221269 0.660382 0.610936 0.013080
0.362208 0.420410 0.413563 0.445405 0.641089 0.823333 0.702779 0.877113 0.011111 0.739523 0.189495 0.539520 0.254120 0.624613 0.952333 0.251668 0.713204 0.335731 0.609749 0.346684 0.056747 0.003858 0.719381 0.747605 0.548217 0.912625 0.773649 0.539082 0.548164 0.104655 0.640466 0.111739 0.086048 0.306284 0.280722 0.576996 0.749974 0.832367 0.532728 0.479274 0.555721 0.855672 0.697919 0.299130 0.869902 0.143490 0.029162 0.948951 0.648073 0.975703 0.734351 0.608961 0.057792 0.471620 0.390487 0.994557 0.019593 0.098094 0.328570 0.711489 0.643190 0.946023 0.047378 0.468127 0.553534 0.624357 0.742405 0.613844 0.050722 0.684802 0.103467 0.138284 0.270072 0.736874 0.720011 0.846587 0.339818 0.200715 0.604153 0.468865 0.939873 0.138190 0.919504 0.028664 0.731654 0.466603 0.101777 0.686845 0.266395 0.850215 0.822006 0.537052 0.157912 0.023706 0.084670 0.257261 0.916289 0.834270 0.639092 0.653029 0.897744 0.877211 0.922921 0.346520 0.896632 0.412318 0.480193 0.490306 0.276982 0.978854 0.104381 0.107525 0.983078 0.990166 0.492711 0.987531 0.755811 0.134993 0.203806 0.104652 0.708704 0.559482 0.309618 0.221950 0.249991 0.956133 0.551069 0.500307 0.743262 0.148888 0.046931 0.804488 0.085633 0.105485 0.983228 0.571036 0.831951 0.724214 0.804322 0.430782 0.663133 0.579372 0.120336 0.546024 0.054227 0.570057 0.628628 0.891261 0.596547 0.716352 0.882721 0.464060 0.559886 0.196876 0.857609 0.765525 0.889634 0.470618 0.567020 0.372441 0.072238 0.448188 0.756969 0.414394 0.949400 0.334724 0.887970 0.427915 0.537880 0.289076 0.341879 0.403610 0.763606 0.712212 0.853705 0.049426 0.346000 0.286906 0.172556 0.578323 0.809155 0.696578 0.815536 0.908275 0.190230 0.656551 0.693448 0.960432 0.092948 0.844237 0.010239 0.847399 0.861174 0.276081 0.868704 0.621813 0.887510 0.025411 0.206065 0.334143
0.224286 0.194650 0.446328 0.661311 0.555924 0.940142 0.096622 0.210536 0.612604 0.010338 0.865045 0.871123 0.171922 0.897187 0.660051 0.301925 0.631480 0.861617 0.783412 0.545896 0.109551 0.643778 0.008704 0.487330 0.771549 0.057457 0.367154 0.751736 0.954130 0.733305 0.197641 0.851776 0.302371 0.823650 0.023051 0.829777 0.649580 0.284650 0.076200 0.249204 0.348860 0.338181 0.099769 0.922114 0.627815 0.346570 0.066455 0.742289 0.522833 0.371187 0.281257 0.258994 0.522262 0.520707 0.709000 0.004725 0.760073 0.505748 0.829157 0.289525 0.534418 0.770072 0.409103 0.371922 0.644886 0.256906 0.248892 0.644725 0.104316 0.981140 0.773125 0.926309 0.307322 0.090351 0.423821 0.738852 0.141420 0.834786 0.030203 0.358837 0.099510 0.371480 0.454578 0.376470 0.107010 0.605631 0.378672 0.842541 0.399953 0.431938 0.655881 0.439571 0.315633 0.170432 0.302535 0.906576 0.929703 0.641967 0.614016 0.602507 0.866393 0.282470 0.079554 0.557815 0.115313 0.917876 0.585191 0.841874 0.143514 0.254981 0.646213 0.116913 0.521007 0.855240 0.822540 0.526270 0.718565 0.748168 0.580812 0.547104 0.137469 0.621887 0.207520 0.686531 0.026338 0.588422 0.909570 0.901968 0.843397 0.841825 0.172633 0.859714 0.115799 0.596748 0.953972 0.908314 0.088222 0.648378 0.956108 0.250837 0.841588 0.303394 0.020650 0.368375 0.464356 0.652051 0.055653 0.879572 0.145807 0.238884 0.328280 0.808174 0.424436 0.573061 0.281272 0.626587 0.956356 0.029973 0.256427 0.672690 0.584417 0.434879 0.035058 0.621275 0.938863 0.722095 0.811547 0.717610 0.793967 0.492958 0.444684 0.962628 0.762121 0.408472 0.903811 0.180802 0.427898 0.790900 0.685194 0.399847 0.053230 0.331244 0.115788 0.734778 0.585494 0.418124 0.106819 0.526297 0.027619 0.933463 0.011951 0.844250 0.947728 0.036633 0.116557 0.665332 0.387831 0.272591 0.240860 0.979631
0.911454 0.270466 0.148492 0.523334 0.670487 0.204686 0.082277 0.271760 0.790287 0.474219 0.239164 0.802116 0.803096 0.300080 0.089417 0.646509 0.502325 0.696814 0.700675 0.933909 0.536426 0.313125 0.960151 0.489946 0.183069 0.660375 0.746135 0.388275 0.570355 0.038640 0.273231 0.430776 0.505626 0.257642 0.436277 0.045641 0.981616 0.048365 0.109461 0.429119 0.914411 0.313058 0.498911 0.909593 0.111357 0.248197 0.184697 0.994060 0.642685 0.190904 0.063963 0.634811 0.317676 0.998379 0.495713 0.369782 0.486193 0.607274 0.441448 0.451393 0.304080 0.859588 0.336049 0.410473 0.001394 0.724821 0.419723 0.371343 0.478926 0.924207 0.685335 0.215057 0.646945 0.134420 0.882631 0.576930 0.914496 0.449402 0.959482 0.962372 0.671527 0.115438 0.550584 0.489826 0.818634 0.326295 0.921817 0.926873 0.880630 0.439894 0.309838 0.681759 0.589578 0.410331 0.727579 0.158020 0.182015 0.459539 0.962114 0.961410 0.442751 0.259627 0.717682 0.016843 0.163742 0.330976 0.675858 0.047900 0.066645 0.393097 0.260461 0.881659 0.590931 0.423605 0.111645 0.235178 0.614969 0.998926 0.926780 0.816255 0.717176 0.735215 0.601541 0.317342 0.405099 0.921341 0.423800 0.466019 0.206598 0.212315 0.227662 0.038314 0.695732 0.943664 0.798006 0.837853 0.544456 0.007644 0.457851 0.050917 0.896069 0.157585 0.184467 0.320341 0.123457 0.411377 0.420527 0.098943 0.800512 0.945059 0.494599 0.449140 0.352940 0.488913 0.196398 0.306317 0.142809 0.019925 0.571929 0.454958 0.244883 0.064937 0.603321 0.094280 0.157080 0.570487 0.692557 0.230318 0.588122 0.792651 0.078167 0.436608 0.394294 0.969665 0.151248 0.424484 0.792536 0.289913 0.953160 0.728052 0.768692 0.549208 0.537942 0.296482 0.246916 0.058831 0.197732 0.319058 0.623470 0.125270 0.628518 0.405345 0.484919 0.857504 0.653574 0.282017 0.978497 0.744004 0.948992 0.405959
0.950317 0.870169 0.709634 0.228223 0.469384 0.639687 0.976812 0.237131 0.169026 0.779980 0.152794 0.643386 0.449028 0.172568 0.917694 0.610467 0.423377 0.537037 0.417180 0.297675 0.341356 0.814088 0.578681 0.688166 0.044450 0.302016 0.346626 0.553826 0.894341 0.602100 0.921310 0.945585 0.763145 0.586588 0.542980 0.753525 0.063771 0.869212 0.471002 0.162203 0.208576 0.825364 0.610711 0.174339 0.414374 0.546871 0.046587 0.347956 0.503715 0.552109 0.520919 0.961601 0.915222 0.672670 0.032189 0.247962 0.629843 0.118757 0.322210 0.164399 0.332998 0.651207 0.063232 0.243831 0.159205 0.776882 0.207722 0.398660 0.262690 0.539927 0.613885 0.817048 0.923596 0.915786 0.361678 0.334081 0.624434 0.525492 0.135048 0.734574 0.631856 0.250973 0.833057 0.111475 0.736961 0.768101 0.871724 0.841974 0.383254 0.415104 0.311960 0.958454 0.214926 0.879562 0.326457 0.356376 0.348702 0.588847 0.775569 0.247723 0.958380 0.200173 0.584588 0.475333 0.936560 0.288149 0.750902 0.956770 0.211591 0.140707 0.898157 0.164605 0.120093 0.451899 0.207022 0.905973 0.885158 0.243548 0.544134 0.195637 0.047409 0.254590 0.400850 0.317344 0.576588 0.367908 0.582825 0.027506 0.131067 0.042358 0.592768 0.207983 0.171685 0.368672 0.280637 0.065894 0.192713 0.310720 0.198791 0.972618 0.990951 0.997613 0.854489 0.142679 0.203292 0.927959 0.552726 0.444415 0.401228 0.617985 0.725295 0.051206 0.176783 0.896655 0.020740 0.498917 0.327928 0.924676 0.753900 0.341743 0.160931 0.733441 0.014169 0.724089 0.305180 0.266875 0.055873 0.917239 0.910417 0.811256 0.602770 0.121929 0.923399 0.127153 0.186736 0.842651 0.942690 0.114190 0.306180 0.920933 0.579679 0.067542 0.881187 0.250045 0.746929 0.572919 0.002118 0.891489 0.781933 0.304759 0.485602 0.179677 0.265201 0.544379 0.813357 0.016680 0.410515 0.188127 0.219471 0.244864
0.976891 0.496427 0.143379 0.195680 0.431770 0.741112 0.004937 0.106663 0.387637 0.199128 0.274105 0.677710 0.424533 0.974245 0.116589 0.970196 0.640088 0.741456 0.869107 0.496385 0.917973 0.646168 0.618998 0.512062 0.695799 0.281512 0.172974 0.739237 0.645670 0.622387 0.219684 0.535668 0.550167 0.074350 0.215059 0.837523 0.974339 0.133339 0.795506 0.818910 0.290574 0.610380 0.260995 0.336363 0.762074 0.270845 0.527113 0.655358 0.373046 0.171686 0.619409 0.911092 0.140012 0.980067 0.155547 0.096781 0.271251 0.094016 0.640993 0.088870 0.659554 0.992682 0.236074 0.446620 0.129847 0.543231 0.913962 0.857047 0.647132 0.318553 0.988606 0.908582 0.015373 0.702090 0.094203 0.026698 0.628923 0.026545 0.884438 0.151800 0.125188 0.046799 0.487124 0.464302 0.561242 0.634495 0.177060 0.793804 0.245125 0.596733 0.478874 0.551316 0.343638 0.078363 0.828100 0.124676 0.245893 0.511412 0.820718 0.860429 0.696373 0.364615 0.605913 0.123318 0.736693 0.266278 0.339526 0.045869 0.322169 0.284285 0.484612 0.132490 0.734027 0.249954 0.858465 0.221347 0.886375 0.362634 0.267319 0.548504 0.663648 0.874218 0.086126 0.313807 0.016914 0.761452 0.535665 0.932346 0.216498 0.904473 0.465808 0.972945 0.988314 0.764813 0.044287 0.655775 0.487757 0.821940 0.577527 0.447094 0.191174 0.508768 0.352832 0.558971 0.195425 0.868510 0.961167 0.154771 0.142760 0.497847 0.009462 0.651366 0.427319 0.525108 0.695519 0.021576 0.809476 0.478481 0.586568 0.536980 0.163511 0.653561 0.477693 0.275690 0.203469 0.385790 0.254052 0.584671 0.585685 0.103382 0.765031 0.369832 0.443382 0.350877 0.928106 0.093334 0.497914 0.167497 0.927277 0.579257 0.906676 0.204773 0.113023 0.203492 0.158210 0.869171 0.123697 0.977576 0.708653 0.229366 0.496807 0.178277 0.433460 0.901080 0.541715 0.339359 0.189058 0.338507 0.803794 0.712009
0.054577 0.983867 0.478372 0.155725 0.549300 0.744769 0.734747 0.368046 0.497282 0.336701 0.761914 0.153505 0.249732 0.431912 0.390127 0.551656 0.099176 0.507869 0.080038 0.292127 0.447297 0.934002 0.566652 0.049393 0.516151 0.045267 0.071139 0.174445 0.375763 0.580010 0.098805 0.431857 0.116436 0.923558 0.357144 0.607661 0.879748 0.100977 0.535375 0.623098 0.209104 0.674984 0.176374 0.601694 0.009919 0.211742 0.838824 0.848627 0.144000 0.953501 0.887730 0.145980 0.190050 0.605548 0.586333 0.352461 0.224365 0.263093 0.485996 0.543528 0.652960 0.423765 0.797547 0.032567 0.374899 0.760314 0.953878 0.353178 0.376202 0.976996 0.293747 0.019601 0.493157 0.514524 0.052385 0.635407 0.690761 0.678807 0.666490 0.997386 0.264614 0.267312 0.627530 0.641554 0.875041 0.490328 0.879268 0.236785 0.834160 0.545357 0.413604 0.305101 0.892538 0.638931 0.632482 0.541075 0.318648 0.938780 0.336958 0.987978 0.251657 0.103246 0.014185 0.163157 0.301528 0.771227 0.037106 0.847150 0.147024 0.176479 0.454612 0.376687 0.034868 0.284133 0.950956 0.152223 0.956689 0.303931 0.102368 0.379570 0.169637 0.414805 0.713101 0.002725 0.168823 0.471070 0.661812 0.092117 0.450368 0.098216 0.976371 0.687398 0.101187 0.318394 0.009258 0.445312 0.744991 0.594881 0.217574 0.185061 0.040207 0.280824 0.895287 0.752915 0.113927 0.538075 0.218934 0.799197 0.932048 0.120309 0.183563 0.066133 0.707413 0.212898 0.618356 0.171961 0.986335 0.964768 0.891767 0.584723 0.002591 0.625876 0.380372 0.082987 0.219929 0.258010 0.776341 0.632726 0.027458 0.803424 0.071454 0.755909 0.833446 0.058643 0.224918 0.060532 0.008211 0.889580 0.857499 0.500038 0.158014 0.658035 0.167575 0.846751 0.323353 0.500192 0.664873 0.591282 0.846495 0.946375 0.576704 0.068708 0.852899 0.052630 0.788746 0.709293 0.481938 0.154467 0.041849 0.550073
0.905018 0.160219 0.562059 0.060048 0.523877 0.661342 0.110269 0.623665 0.126675 0.387450 0.612054 0.498693 0.088382 0.742016 0.773976 0.564719 0.626524 0.456756 0.819178 0.005333 0.642035 0.388755 0.285214 0.855984 0.835021 0.696023 0.538794 0.713274 0.211221 0.741767 0.833008 0.062235 0.617352 0.175348 0.428257 0.849452 0.215543 0.645397 0.532101 0.750561 0.901591 0.510334 0.895173 0.440816 0.364141 0.149175 0.937325 0.459085 0.712488 0.782362 0.172461 0.425932 0.648941 0.649150 0.680575 0.888523 0.758773 0.956864 0.101260 0.408796 0.286644 0.906716 0.104413 0.872924 0.214584 0.323568 0.637930 0.142017 0.055361 0.156216 0.321198 0.028890 0.653291 0.256113 0.488335 0.152075 0.888859 0.342313 0.146540 0.413706 0.259143 0.031351 0.902132 0.347413 0.125557 0.640467 0.753591 0.701431 0.982739 0.752576 0.175990 0.692454 0.723934 0.222299 0.534344 0.466300 0.106490 0.874897 0.012895 0.043921 0.074994 0.177519 0.506764 0.648627 0.949008 0.339977 0.240497 0.729357 0.202637 0.038822 0.369211 0.737958 0.691922 0.082848 0.283217 0.730573 0.357957 0.600768 0.609348 0.495157 0.623140 0.971679 0.294867 0.015833 0.563178 0.500188 0.369386 0.752766 0.033864 0.918871 0.460568 0.479070 0.340293 0.352119 0.008138 0.549779 0.229367 0.389018 0.737352 0.234855 0.343688 0.713656 0.069982 0.688538 0.915545 0.718536 0.993044 0.292496 0.331592 0.004538 0.614805 0.209256 0.225391 0.944707 0.590831 0.310272 0.724281 0.412597 0.225367 0.429600 0.512278 0.561493 0.713915 0.678321 0.241521 0.053288 0.792426 0.755965 0.720917 0.335857 0.035644 0.159133 0.134325 0.218997 0.888870 0.035784 0.313176 0.056402 0.203461 0.132232 0.317647 0.764536 0.373175 0.991685 0.421299 0.797637 0.078322 0.957084 0.742803 0.401371 0.916873 0.989635 0.713960 0.381765 0.999148 0.900797 0.675257 0.534276 0.257903 0.216913
0.486001 0.134965 0.906045 0.821589 0.905061 0.206272 0.839085 0.746173 0.557600 0.569793 0.514328 0.133926 0.137701 0.351216 0.577880 0.474888 0.746561 0.234826 0.034821 0.449964 0.109538 0.760491 0.485676 0.310970 0.020479 0.159261 0.264514 0.213314 0.622384 0.026174 0.137281 0.005446 0.539999 0.037384 0.848909 0.194165 0.673910 0.238301 0.634767 0.989478 0.466736 0.562637 0.710472 0.054805 0.153126 0.010673 0.338224 0.951303 0.558374 0.667804 0.783582 0.605988 0.057482 0.582272 0.063726 0.795160 0.849194 0.967721 0.995343 0.219226 0.975917 0.678888 0.310479 0.326204 0.964787 0.777525 0.461438 0.329149 0.080288 0.136948 0.890356 0.997445 0.974964 0.683856 0.378350 0.525758 0.473427 0.369023 0.901331 0.949729 0.787544 0.150365 0.196069 0.849053 0.726956 0.216331 0.784165 0.177015 0.215976 0.968195 0.169290 0.898342 0.744771 0.688259 0.092476 0.957919 0.924223 0.362510 0.997827 0.006847 0.014466 0.151111 0.008287 0.337248 0.695924 0.446203 0.413018 0.647913 0.022138 0.478498 0.712026 0.544936 0.437778 0.312859 0.579543 0.869623 0.803172 0.173530 0.454666 0.409784 0.674028 0.985965 0.767034 0.538459 0.856705 0.159056 0.868068 0.128524 0.147702 0.431696 0.784922 0.359007 0.089968 0.778247 0.420089 0.672487 0.396408 0.939299 0.242129 0.988385 0.424044 0.520337 0.992362 0.145259 0.554335 0.175565 0.007796 0.915685 0.255573 0.527044 0.787664 0.095250 0.768447 0.225698 0.443556 0.036011 0.626674 0.146721 0.665868 0.585026 0.610465 0.511666 0.358945 0.456458 0.061551 0.340705 0.518744 0.909439 0.000869 0.659354 0.769804 0.174719 0.844193 0.547713 0.685509 0.225290 0.024904 0.629066 0.128264 0.808936 0.708178 0.424618 0.030174 0.020574 0.164560 0.199104 0.898023 0.843197 0.766534 0.889347 0.119850 0.533664 0.559184 0.830799 0.866031 0.483788 0.960714 0.683156 0.541820 0.559297
0.658716 0.608944 0.912109 0.333796 0.194325 0.255205 0.691628 0.255865 0.469748 0.561630 0.175455 0.173886 0.292158 0.636551 0.993364 0.638738 0.523812 0.309047 0.191128 0.834290 0.604118 0.180776 0.320551 0.553511 0.720102 0.419468 0.286773 0.634705 0.968635 0.643585 0.645278 0.407178 0.898069 0.626574 0.897116 0.801377 0.344688 0.120189 0.203345 0.109790 0.678728 0.976528 0.752118 0.869154 0.611440 0.284245 0.356038 0.999246 0.785533 0.964053 0.295616 0.298757 0.835428 0.864290 0.391128 0.747893 0.799121 0.722936 0.487771 0.802436 0.835692 0.266291 0.563941 0.602962 0.829823 0.017897 0.831842 0.649308 0.712835 0.278339 0.777130 0.697966 0.119053 0.604266 0.305775 0.145786 0.334989 0.197842 0.823696 0.632641 0.868154 0.105439 0.089131 0.153865 0.867518 0.911631 0.735716 0.781672 0.384526 0.556808 0.505501 0.514654 0.232061 0.557916 0.904992 0.537684 0.467441 0.692407 0.990350 0.525219 0.092122 0.458231 0.259930 0.902406 0.905823 0.420272 0.992288 0.952009 0.933462 0.034939 0.656210 0.969099 0.530910 0.555202 0.914055 0.349654 0.942429 0.109894 0.052835 0.233082 0.870037 0.658462 0.337109 0.922188 0.552255 0.295343 0.213635 0.218710 0.302531 0.800350 0.462685 0.681168 0.084497 0.107157 0.083053 0.194882 0.495479 0.992854 0.915298 0.285600 0.020399 0.291683 0.203106 0.968796 0.778411 0.244270 0.788103 0.631888 0.701713 0.277942 0.778990 0.393544 0.857850 0.264951 0.760148 0.365201 0.714746 0.363616 0.962553 0.030066 0.602276 0.647628 0.105318 0.996615 0.964752 0.446557 0.956952 0.498182 0.897717 0.308091 0.927141 0.662402 0.597536 0.506050 0.795052 0.730160 0.145812 0.331834 0.120409 0.723933 0.006875 0.567211 0.081768 0.992134 0.647438 0.180675 0.266296 0.250124 0.809222 0.088678 0.246494 0.182774 0.574094 0.537019 0.816972 0.330426 0.609873 0.420196 0.885425 0.158660
0.121112 0.437587 0.492405 0.684168 0.957901 0.946789 0.812612 0.012734 0.663347 0.872336 0.583091 0.689404 0.033681 0.893634 0.698501 0.479699 0.870957 0.211782 0.225312 0.727867 0.450955 0.098407 0.512719 0.786119 0.290927 0.133020 0.775812 0.901676 0.696021 0.317696 0.562965 0.895220 0.668852 0.450791 0.705387 0.149794 0.287493 0.022437 0.531451 0.518291 0.129977 0.068158 0.312509 0.559418 0.796578 0.072951 0.488968 0.810631 0.834019 0.436922 0.346244 0.272273 0.944838 0.370284 0.197671 0.420157 0.559185 0.289921 0.205162 0.949515 0.472236 0.853940 0.678317 0.540042 0.358131 0.302435 0.500344 0.700021 0.327965 0.478559 0.556608 0.050057 0.853753 0.593345 0.747043 0.722885 0.776689 0.529424 0.371587 0.016106 0.802549 0.824331 0.882597 0.397975 0.150826 0.526383 0.814760 0.951490 0.521715 0.122926 0.944267 0.980229 0.823284 0.498599 0.346724 0.928101 0.584600 0.647200 0.946564 0.253210 0.677011 0.715566 0.876548 0.419290 0.455733 0.621974 0.953112 0.985102 0.037116 0.147401 0.085926 0.735105 0.934665 0.899317 0.179713 0.262259 0.138858 0.668296 0.788650 0.075027 0.288447 0.509285 0.693687 0.183438 0.879665 0.257666 0.190045 0.221573 0.605835 0.935661 0.016540 0.572258 0.999403 0.450154 0.005605 0.353133 0.689504 0.545956 0.440799 0.062513 0.172522 0.129623 0.524509 0.549100 0.563218 0.680403 0.809766 0.654458 0.724525 0.907565 0.366076 0.871766 0.443642 0.071974 0.536377 0.279322 0.797887 0.250477 0.821268 0.838781 0.320468 0.425929 0.474611 0.156534 0.316479 0.755080 0.448023 0.354413 0.169725 0.624372 0.702582 0.793722 0.433298 0.540252 0.649277 0.258679 0.558767 0.154327 0.911858 0.670157 0.442885 0.332093 0.363859 0.082464 0.114532 0.431692 0.704260 0.376177 0.454796 0.324335 0.410666 0.022207 0.468733 0.280759 0.137718 0.327736 0.826964 0.613283 0.287000 0.218456
0.795253 0.039478 0.945975 0.753400 0.255850 0.479353 0.186566 0.144506 0.732915 0.708661 0.954362 0.698974 0.553021 0.510607 0.615944 0.882037 0.844164 0.852082 0.917874 0.789892 0.401042 0.825732 0.490618 0.459189 0.675874 0.366778 0.684047 0.842966 0.679719 0.576922 0.826873 0.361035 0.251606 0.903817 0.204547 0.488516 0.388725 0.572812 0.956212 0.208973 0.294127 0.385080 0.569024 0.535088 0.816240 0.769251 0.609308 0.825065 0.794507 0.800237 0.027680 0.053189 0.790461 0.516341 0.613904 0.944537 0.016956 0.857502 0.116785 0.941750 0.850754 0.530811 0.784658 0.008115 0.890418 0.017141 0.125553 0.161792 0.135026 0.492519 0.214693 0.049467 0.554242 0.383555 0.199120 0.756894 0.238102 0.342047 0.641879 0.435416 0.500655 0.157195 0.129962 0.207546 0.086276 0.033563 0.673988 0.041392 0.045781 0.545692 0.076581 0.841094 0.813547 0.273555 0.786037 0.914379 0.801040 0.475701 0.281659 0.192917 0.731895 0.829908 0.376612 0.718595 0.211391 0.011253 0.423972 0.046880 0.028678 0.652627 0.301926 0.691585 0.893546 0.350834 0.167471 0.295581 0.640069 0.987013 0.116896 0.079408 0.859390 0.846176 0.079620 0.369960 0.932176 0.110476 0.504812 0.309185 0.676350 0.791024 0.401672 0.289915 0.934213 0.531989 0.224357 0.792264 0.158808 0.337730 0.066888 0.104235 0.210984 0.785589 0.396314 0.518544 0.145479 0.198723 0.551340 0.181619 0.544097 0.375250 0.689286 0.048828 0.705741 0.479766 0.220168 0.832585 0.341179 0.798220 0.454233 0.764639 0.096163 0.413693 0.104886 0.378849 0.663165 0.464084 0.125354 0.233490 0.567150 0.581154 0.407725 0.871521 0.272328 0.684103 0.932405 0.012778 0.675422 0.310250 0.016085 0.137770 0.882686 0.386118 0.158630 0.656194 0.896910 0.609439 0.827867 0.118631 0.264056 0.744228 0.055379 0.938698 0.545078 0.248728 0.336206 0.438127 0.955168 0.379501 0.090201 0.031415
0.045816 0.747885 0.565227 0.617517 0.989802 0.440328 0.895884 0.384656 0.569244 0.367599 0.174815 0.826789 0.141777 0.685379 0.240052 0.415915 0.596561 0.672056 0.553341 0.934464 0.328817 0.477521 0.799302 0.662896 0.298924 0.093232 0.597602 0.899662 0.059028 0.177486 0.893911 0.850915 0.402417 0.931065 0.953679 0.793075 0.415688 0.914940 0.136476 0.841946 0.533754 0.474365 0.566032 0.121513 0.418911 0.590477 0.766626 0.937064 0.260508 0.740050 0.469420 0.243011 0.475833 0.605526 0.894507 0.951853 0.689987 0.631835 0.606497 0.137421 0.734713 0.496859 0.854726 0.396268 0.847384 0.251619 0.654632 0.527222 0.181706 0.218276 0.675477 0.522374 0.095860 0.492012 0.864936 0.935074 0.743573 0.998341 0.843023 0.021199 0.859611 0.299157 0.287515 0.059698 0.071081 0.697050 0.528742 0.581538 0.838032 0.417240 0.798270 0.647997 0.949261 0.996864 0.375515 0.752425 0.938020 0.516954 0.822990 0.637183 0.697765 0.911248 0.078569 0.313570 0.375792 0.596888 0.899669 0.493957 0.545626 0.557238 0.597083 0.544346 0.751217 0.145396 0.331747 0.367876 0.912401 0.570925 0.842577 0.163761 0.787703 0.296142 0.467971 0.417276 0.884306 0.482700 0.080907 0.270875 0.471523 0.192169 0.592398 0.029324 0.922173 0.573456 0.550778 0.123704 0.655108 0.510884 0.577343 0.512832 0.907187 0.999018 0.382850 0.399834 0.783068 0.663736 0.207652 0.261174 0.919709 0.696752 0.264537 0.797539 0.207279 0.758033 0.100990 0.128331 0.372559 0.751232 0.261970 0.799110 0.147277 0.643127 0.879045 0.483033 0.959742 0.582085 0.357904 0.380493 0.357006 0.108923 0.751054 0.163438 0.789240 0.554397 0.160877 0.164274 0.777811 0.816216 0.384503 0.458442 0.324749 0.653750 0.290942 0.704445 0.673474 0.681417 0.703704 0.837671 0.211430 0.447693 0.889690 0.145243 0.806611 0.421641 0.778002 0.865767 0.616021 0.118760 0.909358 0.552091
0.431839 0.457714 0.657752 0.279120 0.640591 0.701553 0.952623 0.134507 0.870884 0.412488 0.282424 0.703607 0.371693 0.220233 0.336282 0.920059 0.676005 0.533210 0.646606 0.806351 0.598896 0.186925 0.642042 0.425263 0.408212 0.422737 0.180594 0.132624 0.212313 0.465637 0.251068 0.789965 0.791189 0.366806 0.564488 0.186701 0.245765 0.498029 0.384711 0.432599 0.656033 0.229237 0.234485 0.543683 0.871824 0.007135 0.347591 0.497408 0.021914 0.898155 0.759633 0.123468 0.388023 0.079171 0.538822 0.258572 0.638809 0.083099 0.298509 0.643574 0.289942 0.625008 0.908804 0.502658 0.707632 0.087699 0.035566 0.755841 0.721108 0.254296 0.486812 0.809419 0.706812 0.490085 0.073493 0.837614 0.175742 0.093450 0.053367 0.423737 0.953554 0.326402 0.734072 0.761172 0.553716 0.670177 0.625126 0.803046 0.642171 0.540236 0.901121 0.282245 0.271265 0.351164 0.075005 0.813420 0.554165 0.048782 0.117964 0.148866 0.443899 0.817276 0.248745 0.950214 0.449401 0.615970 0.004156 0.017200 0.374799 0.999302 0.667925 0.942682 0.051351 0.922755 0.807067 0.643558 0.366310 0.609178 0.112543 0.655349 0.797079 0.128884 0.007108 0.128347 0.454721 0.573576 0.658013 0.249031 0.106161 0.407139 0.529785 0.049056 0.116479 0.352098 0.598704 0.358201 0.310370 0.141886 0.621907 0.073123 0.204269 0.581759 0.248752 0.241083 0.246447 0.526456 0.117524 0.666951 0.099819 0.666598 0.140404 0.190581 0.151656 0.728715 0.113991 0.901223 0.269649 0.125673 0.150391 0.122696 0.713008 0.500898 0.799463 0.796176 0.046609 0.780847 0.261276 0.814948 0.624643 0.458562 0.261887 0.153628 0.123487 0.950245 0.178438 0.013986 0.383066 0.700524 0.681333 0.396817 0.988097 0.622069 0.872733 0.584841 0.474471 0.742650 0.722890 0.902134 0.615064 0.297009 0.365935 0.855936 0.898619 0.923475 0.387240 0.823306 0.957002 0.414119 0.723992 0.428933
0.218445 0.045332 0.817099 0.454716 0.290572 0.478317 0.180259 0.332103 0.743957 0.434173 0.138744 0.858307 0.039339 0.281278 0.641933 0.388622 0.173351 0.973707 0.541851 0.611728 0.629963 0.051684 0.291409 0.631035 0.311646 0.306549 0.566058 0.471737 0.828929 0.265238 0.254012 0.131435 0.447822 0.383833 0.865877 0.759802 0.204750 0.866267 0.184863 0.389411 0.450160 0.427138 0.076008 0.168888 0.998587 0.647812 0.701279 0.563835 0.388771 0.051233 0.415503 0.884447 0.500172 0.300152 0.965699 0.862005 0.477969 0.401344 0.131269 0.074386 0.020431 0.457476 0.035131 0.596352 0.936544 0.256342 0.994964 0.174411 0.481537 0.776160 0.286346 0.938812 0.949011 0.802716 0.345538 0.982646 0.962064 0.515449 0.123600 0.349807 0.035600 0.586659 0.716374 0.105946 0.469496 0.848837 0.245913 0.867780 0.060546 0.309398 0.360066 0.958960 0.649966 0.439714 0.478082 0.953307 0.988699 0.659880 0.481706 0.031544 0.494879 0.211001 0.560678 0.841953 0.442360 0.841515 0.443248 0.559793 0.163363 0.748935 0.971315 0.991433 0.364086 0.122488 0.941078 0.338567 0.873247 0.432886 0.959228 0.222851 0.415441 0.927739 0.071806 0.232917 0.898455 0.250921 0.376163 0.829871 0.243847 0.883874 0.057889 0.947918 0.410358 0.281440 0.676921 0.699210 0.172726 0.686151 0.324011 0.133856 0.440376 0.084479 0.411042 0.186071 0.881897 0.557186 0.911503 0.526063 0.446244 0.018372 0.509762 0.171422 0.180869 0.210408 0.214284 0.938695 0.753954 0.262788 0.871772 0.191215 0.515490 0.679715 0.143071 0.558243 0.611402 0.391107 0.582356 0.104709 0.270931 0.299977 0.142953 0.775513 0.561044 0.280626 0.726370 0.862610 0.079210 0.597123 0.183359 0.959883 0.299469 0.809863 0.580475 0.753586 0.145377 0.110629 0.109753 0.019325 0.664369 0.868974 0.359376 0.536352 0.029851 0.941719 0.646198 0.560676 0.209881 0.679424 0.643860 0.154756
0.962558 0.572700 0.919324 0.253555 0.675171 0.033066 0.548774 0.423416 0.681533 0.751819 0.463865 0.354927 0.915546 0.629342 0.285483 0.356349 0.595536 0.448189 0.168588 0.134737 0.504964 0.509933 0.428603 0.959323 0.578164 0.014269 0.281772 0.831054 0.804281 0.924057 0.055291 0.386712 0.834057 0.269704 0.224998 0.484542 0.210167 0.649850 0.745624 0.449300 0.133513 0.664774 0.998408 0.495759 0.964447 0.713468 0.558614 0.509294 0.169422 0.932398 0.202118 0.021890 0.019991 0.593157 0.420597 0.906682 0.007667 0.515439 0.829182 0.137940 0.341780 0.766274 0.577857 0.004484 0.743126 0.978936 0.655701 0.707670 0.755975 0.257151 0.586748 0.463256 0.145541 0.795961 0.291327 0.325447 0.401053 0.550476 0.961702 0.136476 0.735395 0.025279 0.715001 0.468879 0.401379 0.687793 0.706011 0.955339 0.512037 0.282279 0.481190 0.617645 0.649922 0.582869 0.264617 0.289073 0.109712 0.224658 0.640812 0.777550 0.897439 0.578652 0.539633 0.364124 0.954845 0.718617 0.419581 0.656691 0.432233 0.348532 0.755875 0.671797 0.294796 0.319895 0.688615 0.158314 0.070746 0.411604 0.956842 0.413236 0.938442 0.172432 0.015467 0.171132 0.816609 0.540358 0.530292 0.440327 0.933928 0.121831 0.828535 0.405165 0.542347 0.341099 0.201630 0.815573 0.581017 0.460871 0.488842 0.810261 0.478446 0.711113 0.583392 0.217214 0.477496 0.674032 0.330611 0.557142 0.639732 0.305018 0.793125 0.703043 0.771552 0.085048 0.703985 0.776023 0.974060 0.009429 0.852308 0.054530 0.631609 0.335440 0.796566 0.462216 0.992652 0.721951 0.477234 0.079859 0.253319 0.627221 0.800413 0.191723 0.873000 0.426679 0.191157 0.676707 0.578390 0.467560 0.267248 0.873100 0.314452 0.643904 0.481704 0.495811 0.060153 0.618518 0.227890 0.519734 0.297559 0.260489 0.878620 0.067330 0.887965 0.956028 0.745969 0.132284 0.629225 0.422356 0.767966 0.067341
0.101112 0.516476 0.942693 0.554076 0.363906 0.029380 0.110683 0.654936 0.945098 0.134915 0.621363 0.589914 0.095703 0.482150 0.370029 0.610146 0.577621 0.928840 0.678402 0.432555 0.174870 0.131321 0.783802 0.384453 0.289862 0.476557 0.707457 0.215606 0.216353 0.330546 0.919636 0.141119 0.706948 0.015781 0.783950 0.935450 0.199396 0.090703 0.746745 0.408500 0.688298 0.930254 0.307059 0.768609 0.998878 0.383517 0.176719 0.130806 0.254694 0.968121 0.728319 0.065734 0.836783 0.189238 0.539570 0.460860 0.237379 0.056649 0.487617 0.484915 0.168094 0.478690 0.233170 0.775855 0.010917 0.668705 0.609373 0.586497 0.964281 0.939095 0.100922 0.682488 0.139499 0.210718 0.252511 0.237032 0.633853 0.277241 0.515060 0.741056 0.014918 0.471243 0.056881 0.492710 0.600352 0.214650 0.313284 0.835503 0.721516 0.571031 0.410056 0.451939 0.301592 0.650073 0.190961 0.537234 0.259819 0.653314 0.297456 0.416537 0.731070 0.425727 0.957241 0.728707 0.963803 0.619027 0.651186 0.417090 0.762252 0.922944 0.422404 0.409685 0.371264 0.260887 0.023826 0.650215 0.234033 0.362369 0.163497 0.457528 0.158381 0.869747 0.884980 0.041170 0.970377 0.747104 0.967533 0.833674 0.532712 0.424385 0.703634 0.894370 0.490981 0.918382 0.034781 0.750755 0.082404 0.571982 0.163623 0.474063 0.810452 0.725471 0.357897 0.509262 0.594477 0.257642 0.056405 0.036101 0.392845 0.699239 0.265640 0.479003 0.446279 0.740496 0.952493 0.683069 0.600009 0.062112 0.438907 0.029516 0.475834 0.074034 0.974086 0.058842 0.106151 0.772573 0.871447 0.531137 0.526939 0.883568 0.371954 0.849032 0.837030 0.053307 0.916457 0.570587 0.398842 0.645874 0.572856 0.120939 0.308700 0.611714 0.187604 0.357578 0.253656 0.686813 0.613584 0.013124 0.487451 0.368265 0.267987 0.819826 0.769457 0.126353 0.241511 0.237433 0.375036 0.845607 0.101263 0.674550
0.220371 0.202061 0.696049 0.400557 0.977718 0.507526 0.206888 0.416464 0.803000 0.462215 0.590563 0.339807 0.574254 0.370000 0.600986 0.175251 0.542148 0.272248 0.513088 0.779526 0.435361 0.078066 0.745404 0.167756 0.162985 0.444673 0.122364 0.480088 0.309858 0.268645 0.521508 0.806471 0.417989 0.953093 0.159565 0.947222 0.961580 0.280726 0.779555 0.682977 0.430005 0.466486 0.299300 0.682540 0.781252 0.587323 0.410776 0.495644 0.928395 0.401245 0.353116 0.689560 0.849524 0.226271 0.621829 0.043506 0.421292 0.720335 0.559817 0.412404 0.657591 0.364269 0.207410 0.534680 0.370444 0.353738 0.648758 0.928488 0.559056 0.495352 0.022997 0.098705 0.224901 0.390919 0.544350 0.338324 0.820686 0.794027 0.856172 0.110814 0.682453 0.619877 0.424005 0.804777 0.434030 0.367133 0.310129 0.083181 0.327908 0.948015 0.937278 0.421006 0.188206 0.333695 0.114963 0.762924 0.311436 0.703227 0.866832 0.263226 0.505353 0.761828 0.976240 0.596618 0.333417 0.635319 0.236701 0.758537 0.176442 0.196417 0.263659 0.894761 0.430239 0.259042 0.999105 0.939375 0.813279 0.928924 0.120934 0.128300 0.610844 0.976657 0.282895 0.377726 0.766661 0.251872 0.248106 0.006974 0.901011 0.126254 0.965208 0.087520 0.940850 0.536387 0.960596 0.012378 0.827912 0.319429 0.804386 0.573724 0.514083 0.198934 0.079250 0.497388 0.021986 0.241105 0.607020 0.131037 0.521773 0.223278 0.781466 0.493983 0.217464 0.766078 0.270874 0.760552 0.982527 0.882125 0.448900 0.556255 0.026356 0.333496 0.950691 0.017788 0.821314 0.274078 0.285349 0.004781 0.320056 0.464239 0.899285 0.014775 0.890518 0.108695 0.312145 0.160068 0.668034 0.544067 0.735020 0.606200 0.262755 0.943180 0.101607 0.185936 0.637929 0.658944 0.309398 0.603861 0.224451 0.573947 0.882854 0.459458 0.621835 0.941387 0.165725 0.184974 0.660704 0.356950 0.970187 0.780301
0.925345 0.822221 0.328772 0.675956 0.262187 0.904819 0.386844 0.497054 0.077365 0.863146 0.136146 0.064237 0.052083 0.438610 0.546023 0.978133 0.880899 0.567564 0.844692 0.348124 0.505443 0.011516 0.560930 0.135650 0.688693 0.937351 0.768470 0.486101 0.266462 0.050479 0.092545 0.883812 0.713024 0.981761 0.882938 0.265923 0.573410 0.965897 0.282267 0.523133 0.551489 0.775807 0.644857 0.274869 0.387154 0.472918 0.699553 0.346506 0.107926 0.835519 0.413364 0.030811 0.280824 0.453323 0.244140 0.542772 0.041784 0.188392 0.014961 0.701721 0.405277 0.404555 0.646003 0.804222 0.325383 0.035578 0.742810 0.206861 0.471263 0.599908 0.294297 0.234215 0.983219 0.816429 0.156246 0.935621 0.352740 0.910537 0.683816 0.842399 0.370122 0.284657 0.987721 0.445471 0.062043 0.944903 0.600095 0.241342 0.975012 0.250573 0.169385 0.510772 0.172519 0.885216 0.928386 0.097288 0.275721 0.237209 0.406071 0.522391 0.337172 0.978671 0.389747 0.711587 0.219758 0.594059 0.172860 0.559128 0.292197 0.075761 0.970115 0.353351 0.260913 0.943510 0.434406 0.536567 0.130617 0.524166 0.536272 0.933387 0.882738 0.078657 0.535601 0.304798 0.925176 0.754669 0.532572 0.071896 0.035790 0.181021 0.239352 0.051649 0.361590 0.182040 0.825173 0.650353 0.992618 0.526856 0.353098 0.827946 0.048778 0.027439 0.406591 0.231217 0.879438 0.630483 0.151941 0.590252 0.481009 0.744788 0.664423 0.996757 0.496234 0.886985 0.455023 0.860743 0.907411 0.976861 0.949265 0.299340 0.182671 0.247608 0.117011 0.541924 0.496177 0.352205 0.447394 0.576778 0.653682 0.004064 0.054454 0.478666 0.458987 0.592760 0.866705 0.805353 0.412721 0.662021 0.717000 0.043063 0.136184 0.887175 0.744768 0.329796 0.086912 0.523020 0.142783 0.076294 0.342865 0.824696 0.875097 0.442474 0.383596 0.054838 0.359732 0.096623 0.142228 0.248002 0.235923 0.058653
0.836882 0.242740 0.226960 0.529193 0.780350 0.733390 0.662379 0.805436 0.968987 0.755076 0.399518 0.650989 0.099459 0.156954 0.859335 0.388461 0.821189 0.754242 0.339570 0.590113 0.037552 0.374259 0.019179 0.626758 0.902219 0.295564 0.432427 0.475711 0.455382 0.058366 0.008410 0.051610 0.690213 0.012730 0.295659 0.224894 0.792535 0.130840 0.529736 0.404513 0.680275 0.955292 0.423160 0.648894 0.665560 0.386462 0.842750 0.688721 0.631445 0.150807 0.780784 0.155521 0.405971 0.204113 0.209420 0.168731 0.736875 0.022277 0.219786 0.652619 0.114704 0.720388 0.969080 0.889613 0.999108 0.312930 0.822773 0.690949 0.973046 0.073347 0.832085 0.914167 0.512066 0.860263 0.331158 0.779147 0.263947 0.541939 0.887664 0.090808 0.552077 0.907368 0.759745 0.305366 0.219115 0.055167 0.819446 0.596619 0.073756 0.086547 0.463855 0.009687 0.064802 0.847771 0.931566 0.302038 0.762168 0.704323 0.233906 0.491761 0.607397 0.386000 0.743140 0.026658 0.768543 0.363306 0.705863 0.603222 0.471238 0.583520 0.993113 0.726908 0.030897 0.475233 0.641333 0.745863 0.849758 0.027175 0.532088 0.288298 0.411104 0.658282 0.366042 0.673170 0.027129 0.661504 0.943505 0.705782 0.194800 0.253863 0.043033 0.961805 0.260185 0.213415 0.682381 0.215239 0.613203 0.722166 0.371768 0.469892 0.634432 0.102090 0.447597 0.213870 0.429963 0.383953 0.886829 0.918907 0.538717 0.233493 0.975631 0.058515 0.829344 0.764414 0.557307 0.990232 0.218657 0.469245 0.383540 0.473502 0.634767 0.182537 0.226557 0.932524 0.027141 0.345832 0.823004 0.808588 0.011894 0.866498 0.902535 0.184591 0.091555 0.170399 0.954631 0.797836 0.275521 0.693130 0.200408 0.639127 0.004816 0.172137 0.165369 0.708185 0.126695 0.046586 0.584812 0.121609 0.063425 0.066443 0.716479 0.212336 0.264326 0.443457 0.229462 0.633733 0.762250 0.549879 0.990472 0.123278
0.743125 0.210304 0.101714 0.930834 0.077157 0.139115 0.235466 0.001883 0.162379 0.085815 0.236142 0.131102 0.163532 0.623496 0.709552 0.870014 0.790437 0.083972 0.941289 0.668369 0.792542 0.462530 0.063757 0.855181 0.653659 0.570889 0.670239 0.184039 0.784376 0.736001 0.262802 0.114677 0.465755 0.945858 0.441590 0.562870 0.772960 0.925136 0.483407 0.007048 0.956800 0.966051 0.709303 0.270083 0.446162 0.326522 0.682052 0.276307 0.046740 0.814183 0.664412 0.610976 0.598367 0.510269 0.660170 0.183856 0.572518 0.464186 0.680781 0.144107 0.734197 0.916012 0.052835 0.961081 0.633907 0.747138 0.537140 0.611417 0.206608 0.977226 0.559853 0.608849 0.397786 0.370609 0.914672 0.284516 0.579670 0.006929 0.297476 0.963360 0.481532 0.490408 0.657944 0.280942 0.113320 0.881459 0.818344 0.332242 0.612422 0.060139 0.731914 0.740774 0.291981 0.781683 0.452219 0.795545 0.884542 0.263778 0.410274 0.774856 0.168942 0.732725 0.601684 0.848400 0.727307 0.707528 0.938280 0.072081 0.311633 0.471234 0.713345 0.087553 0.657453 0.323118 0.975160 0.047904 0.161460 0.258060 0.268057 0.606468 0.853362 0.569942 0.614731 0.264118 0.774442 0.178165 0.361922 0.086449 0.586628 0.196546 0.583846 0.608843 0.241522 0.086774 0.996034 0.275549 0.277852 0.311544 0.301314 0.495020 0.411411 0.239684 0.525270 0.892451 0.650476 0.978425 0.099382 0.987244 0.860860 0.331941 0.246985 0.762785 0.170420 0.020379 0.647050 0.947936 0.989360 0.701244 0.100326 0.249584 0.667775 0.241622 0.036214 0.987606 0.953875 0.393430 0.068462 0.816446 0.645510 0.829497 0.440842 0.684465 0.202599 0.211526 0.511051 0.255002 0.034287 0.219261 0.780857 0.901695 0.576840 0.803046 0.423237 0.349300 0.903258 0.381709 0.873516 0.732340 0.827151 0.565597 0.611634 0.707353 0.694826 0.668396 0.419285 0.232094 0.013694 0.873336 0.940019 0.208648
0.822328 0.669016 0.251152 0.616582 0.648188 0.392098 0.254468 0.430034 0.847304 0.707567 0.488653 0.027724 0.897346 0.899571 0.395673 0.974674 0.568725 0.626240 0.849404 0.652163 0.499957 0.375451 0.992365 0.799898 0.557810 0.859907 0.524457 0.420174 0.128462 0.170203 0.390287 0.496992 0.239294 0.973074 0.162616 0.791451 0.488591 0.111710 0.730136 0.720830 0.905294 0.629910 0.347472 0.853870 0.054848 0.597703 0.250450 0.729909 0.421032 0.394451 0.148466 0.629223 0.515866 0.272159 0.567257 0.320935 0.426130 0.417012 0.777556 0.387658 0.545520 0.350974 0.704437 0.389294 0.687453 0.452234 0.897647 0.972469 0.039645 0.370986 0.971938 0.527691 0.271909 0.713188 0.594428 0.255404 0.049870 0.890539 0.366830 0.789140 0.139461 0.817722 0.175965 0.400413 0.618000 0.918777 0.777031 0.467895 0.189591 0.324809 0.473244 0.177783 0.651139 0.557139 0.540301 0.992367 0.017028 0.142443 0.420134 0.579047 0.983791 0.184035 0.668865 0.551611 0.818461 0.050623 0.585521 0.246787 0.270185 0.241315 0.289631 0.670745 0.817110 0.558960 0.023135 0.886874 0.135920 0.854626 0.791049 0.145745 0.165667 0.213826 0.068713 0.133209 0.984983 0.763761 0.180427 0.673965 0.714510 0.779851 0.912532 0.879617 0.121959 0.871520 0.546518 0.794435 0.763695 0.689088 0.312002 0.992596 0.058275 0.579012 0.286903 0.089201 0.115903 0.782838 0.947052 0.134698 0.900968 0.749333 0.168626 0.376027 0.616329 0.874840 0.324450 0.063602 0.271692 0.406223 0.593942 0.489431 0.378735 0.580591 0.626640 0.683842 0.451150 0.896494 0.983931 0.759176 0.983579 0.288343 0.996682 0.373076 0.779183 0.401340 0.944806 0.790506 0.950789 0.205386 0.969557 0.705681 0.533161 0.563470 0.445457 0.272073 0.936728 0.857567 0.931228 0.662679 0.617604 0.544356 0.750636 0.235309 0.064404 0.725425 0.557685 0.274887 0.606981 0.054434 0.114019 0.011903
0.795912 0.043306 0.106381 0.745439 0.886733 0.886484 0.924504 0.154526 0.357269 0.004342 0.607653 0.263573 0.163088 0.053720 0.062843 0.818254 0.790025 0.337119 0.450550 0.482975 0.935615 0.129342 0.871766 0.238740 0.862010 0.216285 0.335674 0.896162 0.322808 0.401793 0.278391 0.156936 0.524651 0.750756 0.753793 0.059174 0.978203 0.725432 0.575428 0.119314 0.842988 0.233335 0.962743 0.038130 0.169975 0.064007 0.175205 0.346775 0.160394 0.257400 0.504463 0.944436 0.867772 0.632345 0.732872 0.123551 0.068085 0.439668 0.207793 0.397898 0.916636 0.726729 0.862905 0.580453 0.435124 0.827747 0.008488 0.262093 0.517572 0.089042 0.517537 0.653822 0.260863 0.135242 0.857617 0.076379 0.972074 0.013584 0.891239 0.042653 0.330094 0.758020 0.399663 0.022626 0.177021 0.530058 0.659047 0.055453 0.794419 0.824464 0.910373 0.680326 0.279929 0.157080 0.659749 0.049508 0.805620 0.936925 0.453525 0.713824 0.557718 0.841035 0.069384 0.872242 0.130420 0.679280 0.994638 0.340492 0.997284 0.634058 0.321364 0.600952 0.034453 0.094952 0.746886 0.931561 0.334141 0.642282 0.964196 0.373221 0.888868 0.578066 0.807448 0.603066 0.034618 0.971966 0.654773 0.543864 0.344650 0.561210 0.861118 0.249227 0.999800 0.797940 0.967306 0.503659 0.414837 0.892247 0.041239 0.888700 0.850950 0.961585 0.475413 0.313915 0.984242 0.815718 0.227604 0.533431 0.899483 0.103463 0.868999 0.445956 0.317435 0.724370 0.874345 0.007024 0.327896 0.701513 0.422037 0.659075 0.920637 0.547979 0.990055 0.229662 0.863684 0.516548 0.021286 0.243568 0.632930 0.107120 0.473995 0.300400 0.547340 0.978371 0.556764 0.959704 0.017751 0.926439 0.322536 0.342927 0.991357 0.646476 0.924536 0.456300 0.085553 0.300271 0.419842 0.841683 0.367182 0.835490 0.261753 0.687212 0.707144 0.500002 0.486788 0.404170 0.655033 0.565521 0.557233 0.410805
0.212442 0.659630 0.891536 0.931965 0.913904 0.899764 0.204873 0.608544 0.368784 0.621522 0.563015 0.372711 0.045569 0.735312 0.002648 0.821922 0.325613 0.682810 0.096338 0.061239 0.917245 0.811998 0.780089 0.409650 0.584545 0.604943 0.136173 0.190265 0.746630 0.755770 0.825925 0.705544 0.534824 0.276449 0.707429 0.715782 0.988943 0.811353 0.874128 0.666078 0.542105 0.146156 0.003625 0.039412 0.839142 0.507803 0.639111 0.892093 0.055678 0.012371 0.090277 0.661691 0.141603 0.704302 0.484798 0.677285 0.521018 0.464831 0.893055 0.441422 0.584223 0.251127 0.732026 0.602016 0.809635 0.174534 0.999712 0.929233 0.276523 0.654872 0.184102 0.513925 0.789398 0.100122 0.493778 0.458788 0.975362 0.621280 0.190318 0.662799 0.674334 0.249703 0.471959 0.045107 0.006731 0.443197 0.644163 0.561318 0.321507 0.616859 0.343934 0.857363 0.468106 0.374004 0.084719 0.357772 0.746042 0.882445 0.457746 0.751087 0.076133 0.338325 0.611538 0.791163 0.964463 0.703457 0.899355 0.922704 0.848244 0.779179 0.768079 0.818547 0.446718 0.382253 0.815710 0.228488 0.538731 0.205230 0.726131 0.431170 0.131021 0.681982 0.307761 0.418180 0.432626 0.404122 0.462786 0.259366 0.239473 0.059776 0.935287 0.575391 0.315053 0.585483 0.044685 0.773663 0.929746 0.926869 0.732739 0.977053 0.637467 0.392820 0.361118 0.047277 0.284517 0.260583 0.984953 0.856707 0.690647 0.125122 0.060266 0.107353 0.051420 0.476707 0.979796 0.426916 0.670545 0.783702 0.951022 0.444485 0.931669 0.805147 0.297444 0.947110 0.654086 0.805829 0.621264 0.285876 0.994177 0.149044 0.409922 0.309512 0.375929 0.926721 0.844438 0.395869 0.939042 0.449656 0.417233 0.473683 0.203370 0.745898 0.019351 0.538487 0.676123 0.276853 0.039185 0.466972 0.433896 0.125236 0.585349 0.777110 0.688270 0.362616 0.450496 0.514416 0.909511 0.315552 0.842755 0.866499
0.924318 0.306297 0.849277 0.650079 0.281108 0.563642 0.650120 0.653327 0.229361 0.085802 0.427608 0.277363 0.490988 0.450389 0.715844 0.955439 0.050315 0.089329 0.710675 0.375012 0.647983 0.596344 0.204145 0.110075 0.755303 0.252779 0.292486 0.775305 0.773348 0.077948 0.777309 0.601534 0.359716 0.932394 0.360493 0.188121 0.894970 0.711287 0.568010 0.718033 0.828612 0.858392 0.715229 0.843501 0.452776 0.066068 0.120760 0.151383 0.155000 0.135989 0.576652 0.566815 0.517824 0.842454 0.555935 0.578826 0.553546 0.255756 0.535324 0.908515 0.525042 0.565179 0.945513 0.459069 0.806796 0.525761 0.377284 0.108561 0.352374 0.710528 0.565357 0.866632 0.291853 0.959129 0.584805 0.190846 0.315461 0.964658 0.512660 0.437136 0.907376 0.436783 0.103322 0.154972 0.595863 0.479797 0.593212 0.921910 0.691735 0.186915 0.892067 0.284394 0.036269 0.143794 0.231505 0.871944 0.568648 0.118378 0.186702 0.821005 0.253159 0.875845 0.463374 0.458765 0.021782 0.553125 0.997915 0.218237 0.474886 0.594975 0.740668 0.573945 0.912796 0.638448 0.910218 0.881835 0.292117 0.364770 0.641076 0.162192 0.023215 0.403977 0.466890 0.519485 0.308799 0.879368 0.770252 0.968898 0.314905 0.599242 0.275479 0.485178 0.108719 0.167640 0.232083 0.416636 0.324588 0.164821 0.692349 0.082079 0.263645 0.376872 0.792678 0.480415 0.411377 0.131731 0.198832 0.689867 0.213100 0.756967 0.893667 0.837954 0.941653 0.436462 0.204375 0.029674 0.884272 0.604715 0.381038 0.549660 0.384745 0.919305 0.893393 0.414065 0.324961 0.221599 0.246622 0.245142 0.365075 0.831027 0.883232 0.995649 0.932041 0.176041 0.669983 0.181472 0.546180 0.326531 0.312595 0.142527 0.445853 0.330740 0.416478 0.433903 0.557661 0.417923 0.551979 0.486618 0.773784 0.018783 0.234455 0.008826 0.681368 0.286505 0.631216 0.593912 0.569300 0.916595 0.141320 0.464481
0.880762 0.546283 0.006876 0.560807 0.787653 0.821991 0.536783 0.199442 0.802026 0.639232 0.250808 0.927515 0.014450 0.170587 0.275730 0.767167 0.292496 0.970439 0.302361 0.496793 0.296214 0.893346 0.077999 0.947854 0.555109 0.656203 0.781407 0.475579 0.865631 0.544375 0.485458 0.550364 0.911406 0.787937 0.073889 0.541612 0.416704 0.105361 0.513771 0.073249 0.394775 0.460223 0.617617 0.972924 0.313098 0.992150 0.153256 0.354457 0.963915 0.694874 0.121917 0.451531 0.930013 0.959878 0.953334 0.930366 0.463151 0.840208 0.847568 0.950512 0.631154 0.006597 0.189174 0.262599 0.641336 0.260544 0.289066 0.978485 0.345499 0.813559 0.897041 0.736911 0.491477 0.344911 0.005634 0.069573 0.200283 0.308448 0.019493 0.055749 0.318618 0.146910 0.581052 0.644895 0.864609 0.844938 0.438227 0.043992 0.435927 0.520109 0.677494 0.451594 0.121223 0.467177 0.803042 0.642214 0.968162 0.791243 0.798204 0.598809 0.694050 0.875513 0.843223 0.278532 0.227159 0.066537 0.135060 0.035052 0.663480 0.486894 0.691557 0.500752 0.485766 0.607404 0.698471 0.865866 0.632294 0.815553 0.000369 0.263038 0.743345 0.726418 0.491807 0.511185 0.143430 0.966771 0.455132 0.292561 0.630019 0.644080 0.452018 0.135829 0.117379 0.979414 0.198987 0.143579 0.289803 0.044155 0.979636 0.877256 0.124497 0.383317 0.670050 0.037488 0.597182 0.211324 0.475648 0.260244 0.576005 0.244789 0.273246 0.460761 0.642346 0.355876 0.333531 0.609212 0.336734 0.502807 0.040843 0.172913 0.732888 0.568608 0.226476 0.357491 0.564373 0.231919 0.143230 0.268577 0.216581 0.229318 0.142110 0.328636 0.902319 0.788536 0.828340 0.011802 0.725647 0.225497 0.310369 0.037177 0.750793 0.695975 0.854394 0.373522 0.545099 0.567777 0.969319 0.806879 0.408556 0.517541 0.057574 0.410572 0.493618 0.487601 0.280145 0.382350 0.357212 0.235578 0.846487 0.899131
0.822744 0.236056 0.479758 0.796591 0.378153 0.895384 0.883515 0.198842 0.249833 0.538205 0.986237 0.251275 0.120388 0.113454 0.038309 0.221658 0.546220 0.132567 0.482613 0.615561 0.409054 0.349776 0.308023 0.499490 0.186014 0.936573 0.692202 0.776065 0.604989 0.478149 0.288519 0.964145 0.015367 0.429441 0.811879 0.211055 0.027830 0.594932 0.221620 0.164672 0.184998 0.249546 0.240610 0.637832 0.191770 0.808821 0.154024 0.233270 0.911316 0.464389 0.298407 0.260736 0.598865 0.330560 0.752243 0.618487 0.416971 0.620472 0.621957 0.290528 0.780776 0.073430 0.752598 0.020332 0.632123 0.505964 0.157048 0.177059 0.438305 0.740242 0.889405 0.588882 0.961569 0.005287 0.393913 0.647389 0.329578 0.032742 0.486327 0.738606 0.336436 0.874117 0.160447 0.596350 0.463711 0.084303 0.054752 0.599358 0.977996 0.009707 0.996838 0.439181 0.974417 0.062668 0.514282 0.876488 0.506035 0.899328 0.686973 0.666257 0.858992 0.250004 0.529194 0.165122 0.640459 0.046168 0.253282 0.424869 0.402099 0.035993 0.026270 0.559833 0.555729 0.759369 0.766853 0.624228 0.432396 0.203732 0.168157 0.748859 0.741146 0.979611 0.566107 0.369382 0.405728 0.694381 0.883289 0.494729 0.430185 0.139299 0.840702 0.018412 0.195515 0.232055 0.512246 0.225649 0.848395 0.379952 0.131518 0.645043 0.063736 0.258075 0.239104 0.474541 0.583315 0.558751 0.961997 0.031526 0.433714 0.860607 0.132317 0.494062 0.186168 0.321109 0.472834 0.834475 0.681555 0.756734 0.556410 0.158596 0.339667 0.162967 0.963748 0.084397 0.298314 0.386586 0.817846 0.323782 0.916359 0.888401 0.426717 0.989124 0.478439 0.935132 0.699585 0.204919 0.903885 0.828837 0.257357 0.535499 0.238690 0.468029 0.800421 0.703817 0.795505 0.326732 0.668710 0.042224 0.540267 0.020028 0.874056 0.753068 0.196258 0.606112 0.571828 0.260325 0.771753 0.701198 0.931818 0.209204
0.963853 0.079441 0.124705 0.845090 0.433296 0.849078 0.622297 0.607906 0.893148 0.390359 0.569711 0.897681 0.273448 0.811544 0.407416 0.745249 0.002738 0.127317 0.035018 0.702423 0.162378 0.821209 0.973414 0.185661 0.875380 0.441639 0.256332 0.203472 0.247601 0.313422 0.884966 0.321690 0.023349 0.717067 0.037972 0.966196 0.560420 0.614971 0.840905 0.178076 0.498537 0.984857 0.172916 0.008212 0.243080 0.704114 0.976335 0.161933 0.082786 0.577670 0.980446 0.798293 0.856678 0.156077 0.955569 0.919613 0.516741 0.995974 0.207617 0.248106 0.815512 0.745568 0.119713 0.764935 0.202052 0.784362 0.031869 0.462756 0.080542 0.551640 0.452063 0.414914 0.914369 0.870052 0.025920 0.476594 0.757557 0.289555 0.048060 0.531073 0.404668 0.276254 0.297597 0.246488 0.907679 0.676305 0.297740 0.049118 0.884428 0.474308 0.342618 0.740341 0.563237 0.589443 0.377966 0.608408 0.285956 0.585807 0.978682 0.109372 0.667355 0.792073 0.526106 0.208187 0.799300 0.893190 0.271942 0.206589 0.044394 0.762231 0.886826 0.609148 0.866650 0.045313 0.262182 0.335941 0.458990 0.831354 0.440625 0.501978 0.363094 0.865946 0.352504 0.103854 0.436487 0.645985 0.550655 0.968851 0.750650 0.244028 0.793816 0.736197 0.775125 0.258855 0.929337 0.804399 0.202015 0.284170 0.503761 0.443673 0.662468 0.108165 0.367597 0.876129 0.714713 0.121427 0.185851 0.152868 0.953653 0.881492 0.503071 0.695596 0.352417 0.001823 0.360732 0.038611 0.856044 0.598019 0.755447 0.877182 0.410067 0.360363 0.935273 0.672611 0.456398 0.625163 0.943658 0.160021 0.652077 0.267014 0.310552 0.050156 0.701163 0.226635 0.508842 0.898452 0.384732 0.316938 0.848584 0.432931 0.978743 0.633933 0.172198 0.898865 0.351933 0.658771 0.728139 0.765586 0.071287 0.313997 0.292464 0.036417 0.576076 0.018691 0.473834 0.003383 0.589781 0.440391 0.524408 0.285896
0.628685 0.049874 0.304569 0.544054 0.650100 0.233095 0.495160 0.946489 0.343408 0.656494 0.225327 0.061079 0.555976 0.652169 0.172942 0.302183 0.091824 0.158635 0.531502 0.110098 0.583718 0.028161 0.427768 0.181435 0.190614 0.892381 0.203623 0.125851 0.279292 0.365430 0.434281 0.374081 0.734070 0.113924 0.048900 0.679199 0.821248 0.895276 0.417905 0.282144 0.878132 0.543990 0.334670 0.434266 0.839072 0.151460 0.492145 0.757326 0.286920 0.645687 0.793895 0.228156 0.853341 0.596968 0.107031 0.186351 0.414630 0.044204 0.860419 0.833080 0.632231 0.189099 0.478533 0.557756 0.360665 0.970094 0.700015 0.545493 0.066307 0.053552 0.571066 0.082790 0.416172 0.678469 0.650729 0.624364 0.666115 0.801876 0.527640 0.042372 0.705351 0.767151 0.669748 0.814240 0.125688 0.314774 0.619807 0.696697 0.616107 0.694210 0.145043 0.711730 0.379690 0.361249 0.998418 0.369387 0.509984 0.816879 0.872873 0.160370 0.377169 0.361587 0.254660 0.200922 0.064094 0.318208 0.851423 0.689758 0.399821 0.081660 0.695999 0.065287 0.634533 0.811722 0.535223 0.216969 0.481422 0.491338 0.060833 0.817423 0.380553 0.445389 0.564797 0.711197 0.143188 0.993198 0.062583 0.710889 0.990855 0.053436 0.610338 0.187140 0.177822 0.637324 0.024015 0.044131 0.950876 0.199604 0.990969 0.412635 0.184925 0.805189 0.181518 0.395426 0.653379 0.570785 0.650475 0.050821 0.840896 0.513960 0.629110 0.468642 0.641618 0.080842 0.792781 0.480321 0.851167 0.826156 0.378409 0.123326 0.407622 0.673715 0.063066 0.002291 0.202519 0.261267 0.832413 0.245094 0.312159 0.224752 0.946975 0.472657 0.667171 0.669744 0.635211 0.269010 0.952645 0.569989 0.381145 0.958527 0.601104 0.257393 0.614046 0.500696 0.757878 0.446759 0.935482 0.476054 0.238751 0.904983 0.904399 0.252054 0.937204 0.782159 0.756086 0.534711 0.321763 0.666674 0.095998 0.446825
0.978889 0.596493 0.955753 0.101806 0.933656 0.256390 0.366169 0.003234 0.773676 0.914140 0.347257 0.772926 0.364371 0.607461 0.889346 0.290515 0.150237 0.418824 0.534751 0.182759 0.750317 0.037226 0.764341 0.816279 0.650574 0.196891 0.897565 0.264349 0.944360 0.360016 0.347579 0.666057 0.909717 0.274625 0.622950 0.918736 0.861446 0.298030 0.766238 0.093439 0.348976 0.911620 0.107293 0.694756 0.071444 0.513822 0.222110 0.015587 0.150403 0.238173 0.972542 0.769082 0.756476 0.161014 0.128504 0.561634 0.445487 0.936107 0.529358 0.026826 0.212747 0.134784 0.514946 0.058998 0.256914 0.431173 0.821538 0.768396 0.864792 0.961252 0.647561 0.591589 0.792091 0.074291 0.431971 0.598456 0.073954 0.992498 0.328892 0.433594 0.685833 0.463700 0.184359 0.502708 0.693402 0.411764 0.872910 0.395562 0.298819 0.192948 0.823379 0.588780 0.483065 0.612785 0.464718 0.570403 0.233299 0.518690 0.468379 0.568337 0.900093 0.035056 0.240919 0.470334 0.250937 0.668441 0.669800 0.114649 0.524132 0.564066 0.121645 0.464179 0.129311 0.006392 0.652580 0.406797 0.664689 0.172669 0.467372 0.201019 0.394490 0.372763 0.582491 0.970157 0.165064 0.336489 0.688617 0.675413 0.054589 0.345851 0.091172 0.156458 0.686257 0.560425 0.709436 0.752232 0.040808 0.303582 0.625272 0.001011 0.120596 0.995973 0.580874 0.025689 0.447310 0.242106 0.377011 0.036160 0.435107 0.354744 0.723131 0.130796 0.307069 0.262778 0.912243 0.527529 0.288915 0.617968 0.791471 0.948041 0.843667 0.979132 0.907099 0.509467 0.976695 0.555259 0.773140 0.956098 0.323687 0.354011 0.531076 0.350259 0.931386 0.336392 0.018561 0.677823 0.670428 0.686157 0.372715 0.840199 0.460859 0.252997 0.507642 0.932137 0.290502 0.266738 0.355885 0.478293 0.394954 0.951732 0.839603 0.402999 0.403231 0.008819 0.489802 0.716860 0.913892 0.181225 0.646043 0.934863
0.083128 0.345258 0.622191 0.059587 0.482523 0.404135 0.955407 0.535178 0.027957 0.473306 0.586633 0.684413 0.520344 0.746494 0.110283 0.366450 0.572993 0.970200 0.129512 0.221864 0.619231 0.052862 0.629408 0.102478 0.464173 0.212996 0.463072 0.409830 0.103768 0.189132 0.251896 0.128039 0.988806 0.610127 0.299754 0.433430 0.171443 0.590411 0.041392 0.353233 0.878025 0.415497 0.543209 0.422151 0.943944 0.549275 0.052580 0.252169 0.355921 0.360760 0.956228 0.174451 0.904031 0.286254 0.269722 0.890218 0.825848 0.027852 0.500230 0.944280 0.020167 0.482738 0.458465 0.644260 0.637927 0.734584 0.445371 0.753336 0.074581 0.152212 0.412582 0.530382 0.126979 0.184753 0.291628 0.186895 0.938888 0.507312 0.908237 0.821449 0.696598 0.390421 0.630538 0.412882 0.935814 0.246002 0.990254 0.349944 0.758948 0.839770 0.989337 0.138727 0.791219 0.991185 0.045884 0.504495 0.618338 0.608675 0.628480 0.675402 0.160582 0.067964 0.775001 0.059813 0.481830 0.279730 0.056094 0.064238 0.027093 0.796870 0.233152 0.483961 0.741580 0.643180 0.204984 0.240619 0.811390 0.307165 0.443814 0.252199 0.838523 0.351437 0.357189 0.561206 0.724457 0.725383 0.366670 0.121506 0.332839 0.321264 0.960658 0.597245 0.651868 0.476585 0.789871 0.851463 0.920202 0.130620 0.499031 0.921283 0.046360 0.087661 0.681313 0.321571 0.313067 0.453172 0.575558 0.229370 0.049609 0.322601 0.373058 0.947121 0.989398 0.844183 0.162028 0.551210 0.669461 0.104271 0.554373 0.960142 0.272077 0.539119 0.234269 0.743829 0.171802 0.977129 0.684089 0.148778 0.172296 0.538336 0.277971 0.235077 0.584802 0.328686 0.298147 0.787253 0.977436 0.034061 0.644932 0.811392 0.896093 0.716603 0.438441 0.531234 0.677210 0.752339 0.621869 0.798230 0.855912 0.241752 0.276242 0.794850 0.258615 0.058586 0.935044 0.170257 0.327657 0.919644 0.352390 0.018186
0.671548 0.547340 0.800163 0.363052 0.546286 0.321448 0.480937 0.137540 0.856572 0.331764 0.844273 0.621464 0.855755 0.426525 0.164937 0.899359 0.693898 0.045235 0.651022 0.960338 0.968720 0.365476 0.046788 0.257571 0.259114 0.496515 0.375523 0.890035 0.529860 0.106891 0.098008 0.005313 0.370511 0.857405 0.122683 0.505022 0.496380 0.945239 0.655878 0.667140 0.167098 0.879003 0.245361 0.969617 0.227862 0.598245 0.129935 0.328206 0.470627 0.304855 0.662659 0.549412 0.669375 0.450027 0.139525 0.287767 0.073429 0.505765 0.114449 0.099742 0.524199 0.932348 0.717008 0.109141 0.299631 0.304475 0.345981 0.674601 0.643971 0.233670 0.742954 0.673205 0.008776 0.058871 0.196655 0.623976 0.518670 0.738224 0.713404 0.022949 0.800903 0.336943 0.109204 0.554399 0.976121 0.789063 0.973790 0.385827 0.752919 0.471606 0.986320 0.532133 0.624162 0.384011 0.843919 0.409149 0.772529 0.966665 0.705304 0.194654 0.616232 0.539082 0.628019 0.051605 0.018046 0.688123 0.092894 0.806503 0.335233 0.098464 0.334950 0.431892 0.994229 0.394231 0.952475 0.910178 0.081420 0.932083 0.924611 0.168510 0.440472 0.523584 0.383608 0.636448 0.080588 0.040800 0.741544 0.900486 0.445408 0.465534 0.389839 0.532336 0.929705 0.563915 0.475121 0.903227 0.803221 0.771900 0.545298 0.487805 0.601253 0.338839 0.729465 0.614973 0.637710 0.980634 0.256085 0.207820 0.403684 0.328246 0.514207 0.933269 0.294749 0.973879 0.691256 0.118554 0.476471 0.983274 0.815240 0.300966 0.599045 0.624088 0.439276 0.738514 0.218910 0.558357 0.261096 0.941873 0.358087 0.029298 0.394428 0.798678 0.324382 0.443885 0.837882 0.301489 0.030605 0.461346 0.019619 0.099633 0.137822 0.446636 0.544217 0.873817 0.980999 0.721775 0.996026 0.504864 0.466679 0.334473 0.206196 0.995582 0.365006 0.164924 0.739257 0.240267 0.311527 0.014050 0.699048 0.301687
0.914941 0.936735 0.684840 0.361177 0.084195 0.401342 0.456711 0.353467 0.001515 0.335001 0.907216 0.762968 0.651977 0.363446 0.198426 0.791617 0.477056 0.127865 0.309980 0.886027 0.087773 0.089418 0.011478 0.929362 0.754679 0.508093 0.420302 0.842786 0.903061 0.338990 0.079102 0.025138 0.434611 0.598082 0.381653 0.958372 0.699821 0.442553 0.426161 0.393503 0.392059 0.980354 0.664458 0.345094 0.318020 0.403445 0.755361 0.392703 0.407639 0.149315 0.842614 0.057101 0.898566 0.537106 0.131558 0.228162 0.148495 0.392775 0.149166 0.663015 0.768779 0.905118 0.818546 0.847540 0.958107 0.243916 0.330138 0.316878 0.640147 0.251665 0.572863 0.566311 0.941149 0.486983 0.078131 0.515368 0.779998 0.807555 0.360865 0.497072 0.878097 0.784750 0.140069 0.704364 0.849484 0.094352 0.997745 0.985416 0.661403 0.746389 0.314007 0.626148 0.893934 0.908382 0.470629 0.893311 0.907682 0.226631 0.070401 0.190353 0.627912 0.435279 0.153570 0.518324 0.653269 0.169566 0.786153 0.658151 0.205040 0.386444 0.420359 0.754269 0.167330 0.908702 0.391133 0.617975 0.979863 0.430682 0.663882 0.800690 0.690556 0.224863 0.307115 0.292597 0.512628 0.168626 0.872000 0.385252 0.601542 0.768971 0.285122 0.585364 0.021493 0.983683 0.590322 0.155830 0.043375 0.734360 0.558170 0.130572 0.433255 0.750058 0.215933 0.175159 0.344179 0.855225 0.131920 0.915536 0.298716 0.961046 0.965729 0.149915 0.995413 0.792836 0.856970 0.414252 0.829326 0.897735 0.504672 0.056733 0.369148 0.216346 0.389125 0.495492 0.664352 0.230248 0.264121 0.086089 0.443390 0.693707 0.594906 0.110044 0.119690 0.981136 0.801619 0.586723 0.827794 0.113991 0.035370 0.554986 0.305604 0.892926 0.340740 0.005598 0.654066 0.818603 0.587378 0.741775 0.457896 0.381821 0.104894 0.253212 0.592819 0.913677 0.995650 0.685012 0.847497 0.016879 0.466700 0.265022
0.010633 0.735380 0.621778 0.625223 0.892466 0.711035 0.960565 0.363260 0.671581 0.615712 0.006802 0.501170 0.080207 0.662384 0.479755 0.798765 0.405277 0.505130 0.202630 0.987328 0.205861 0.016038 0.142092 0.874160 0.980566 0.667098 0.229742 0.770995 0.806456 0.279678 0.155373 0.822887 0.950361 0.914861 0.621789 0.078165 0.662275 0.936785 0.503695 0.740716 0.316614 0.522362 0.318036 0.543514 0.198653 0.542008 0.032427 0.756588 0.747180 0.154981 0.910520 0.259624 0.208681 0.131889 0.363841 0.322603 0.614139 0.036994 0.304733 0.756496 0.316110 0.724808 0.381313 0.940909 0.699199 0.437708 0.386392 0.093474 0.913001 0.458513 0.997401 0.302568 0.340344 0.970658 0.448677 0.031467 0.777312 0.026855 0.680401 0.357273 0.268307 0.851962 0.390272 0.282068 0.016042 0.182636 0.206508 0.300989 0.988166 0.129184 0.371460 0.317441 0.102265 0.031849 0.653176 0.175525 0.314347 0.176194 0.267652 0.605030 0.711385 0.189322 0.070916 0.091119 0.837849 0.358869 0.889344 0.407799 0.852026 0.341935 0.816835 0.117076 0.997693 0.700214 0.412436 0.749385 0.201503 0.542265 0.379599 0.525217 0.707420 0.236433 0.664373 0.751288 0.978029 0.227017 0.488305 0.495505 0.870275 0.694758 0.532926 0.505657 0.062246 0.394559 0.368196 0.961145 0.243805 0.338325 0.880003 0.130571 0.196766 0.508619 0.848581 0.818470 0.447649 0.154009 0.617143 0.087730 0.324118 0.986762 0.434158 0.643435 0.238378 0.647735 0.729689 0.457843 0.573735 0.042836 0.299545 0.471273 0.547419 0.083164 0.176024 0.596977 0.205696 0.907174 0.788478 0.248600 0.224821 0.386743 0.020967 0.013726 0.860335 0.776111 0.155947 0.357569 0.566984 0.158601 0.847606 0.636095 0.389244 0.082781 0.879943 0.606278 0.220248 0.695930 0.646611 0.716325 0.742874 0.330696 0.931262 0.595936 0.573458 0.682851 0.363428 0.116634 0.312039 0.878248 0.164109 0.128168
0.527137 0.930740 0.526214 0.902326 0.557978 0.939137 0.973902 0.854123 0.337877 0.414780 0.755395 0.689232 0.996725 0.804810 0.297391 0.330552 0.684156 0.197091 0.813716 0.127476 0.524583 0.997738 0.535412 0.776350 0.035868 0.826952 0.796938 0.513621 0.981970 0.240007 0.931330 0.739790 0.960059 0.464046 0.568920 0.799046 0.314752 0.994468 0.405740 0.784349 0.020261 0.622136 0.513631 0.484504 0.264147 0.610424 0.270887 0.175992 0.288398 0.660242 0.573299 0.679423 0.863773 0.852515 0.940222 0.428070 0.731642 0.810420 0.384857 0.119241 0.615857 0.360646 0.098724 0.090083 0.857957 0.322276 0.171429 0.855486 0.815707 0.971747 0.853722 0.228934 0.730111 0.109825 0.681419 0.626089 0.965737 0.702418 0.295489 0.054600 0.613556 0.226564 0.340641 0.659929 0.520279 0.123876 0.784436 0.785528 0.558610 0.839760 0.059875 0.113244 0.379656 0.184148 0.770273 0.770541 0.696981 0.709753 0.837144 0.951214 0.530586 0.294718 0.537311 0.307223 0.338338 0.584300 0.124778 0.238493 0.830315 0.978615 0.387165 0.855056 0.025118 0.551652 0.702633 0.760787 0.030366 0.520996 0.293148 0.370164 0.705207 0.089882 0.340397 0.687178 0.019261 0.523760 0.540142 0.446626 0.909163 0.695501 0.839614 0.013047 0.465976 0.090030 0.764207 0.571612 0.496603 0.203220 0.703920 0.020406 0.603140 0.702095 0.765497 0.467852 0.723412 0.189817 0.687467 0.464253 0.099852 0.723876 0.142649 0.416392 0.651309 0.797808 0.863224 0.395724 0.350791 0.194363 0.659646 0.673932 0.391725 0.948636 0.569659 0.226775 0.887941 0.447688 0.887333 0.743451 0.090356 0.483705 0.934153 0.963079 0.230767 0.251535 0.607897 0.857115 0.031244 0.447288 0.093631 0.815449 0.140272 0.136115 0.605107 0.946816 0.444364 0.387284 0.788951 0.774955 0.217982 0.330955 0.259596 0.344166 0.695886 0.901713 0.449483 0.822525 0.873599 0.652721 0.231411 0.928113
0.819311 0.417860 0.905586 0.040714 0.606095 0.836046 0.700956 0.741235 0.241995 0.794526 0.209577 0.429066 0.835952 0.638627 0.314826 0.406222 0.813325 0.872860 0.167438 0.607352 0.410752 0.411432 0.405910 0.512437 0.226559 0.211086 0.066592 0.016940 0.865169 0.136879 0.348786 0.006498 0.180941 0.111466 0.185724 0.227956 0.362491 0.795435 0.298526 0.785433 0.540500 0.406974 0.706549 0.907414 0.968624 0.172331 0.601083 0.044194 0.062230 0.035828 0.070228 0.509809 0.551897 0.237020 0.360044 0.541806 0.779337 0.223582 0.688566 0.355497 0.477543 0.216240 0.809330 0.506382 0.121599 0.405486 0.403681 0.059943 0.421672 0.295054 0.342993 0.013319 0.338971 0.453054 0.680888 0.788576 0.085931 0.170608 0.886830 0.490527 0.208286 0.986806 0.347397 0.375258 0.711401 0.306016 0.164274 0.645721 0.022705 0.958495 0.806895 0.733287 0.002096 0.761530 0.741392 0.103497 0.859762 0.764141 0.109209 0.099768 0.080592 0.508469 0.101156 0.911586 0.732632 0.452783 0.176011 0.188025 0.141904 0.634784 0.270423 0.438600 0.037705 0.067437 0.438750 0.336480 0.582690 0.912121 0.522337 0.917332 0.680602 0.655032 0.883084 0.983977 0.374347 0.152210 0.652517 0.683059 0.543662 0.008172 0.897681 0.988548 0.220064 0.705561 0.126252 0.893915 0.481261 0.711569 0.620161 0.729090 0.125746 0.124988 0.178540 0.006123 0.405072 0.877290 0.859963 0.057017 0.517467 0.525599 0.517330 0.417397 0.537174 0.126791 0.969858 0.161078 0.463356 0.021272 0.139733 0.269631 0.696601 0.239063 0.949726 0.758928 0.890372 0.296153 0.486620 0.673073 0.273879 0.790915 0.417097 0.615703 0.105902 0.094912 0.894219 0.333163 0.743322 0.954227 0.062846 0.280083 0.044441 0.208209 0.546178 0.611001 0.897231 0.569808 0.074361 0.044616 0.308361 0.693134 0.819698 0.869447 0.052025 0.051548 0.795181 0.107390 0.601785 0.844476 0.937505 0.377497
0.327732 0.833548 0.700523 0.297066 0.890903 0.597347 0.075288 0.671447 0.398300 0.581499 0.552405 0.721798 0.298944 0.659454 0.144216 0.653431 0.349889 0.228476 0.500928 0.622397 0.328527 0.959574 0.248242 0.083491 0.038040 0.375602 0.451074 0.154438 0.203883 0.014178 0.689761 0.429158 0.215423 0.229035 0.594454 0.684947 0.624342 0.211904 0.389363 0.516868 0.018844 0.931601 0.511428 0.237555 0.373024 0.401214 0.447905 0.775522 0.847337 0.421142 0.451691 0.095062 0.363060 0.263993 0.055329 0.305275 0.252751 0.134548 0.914449 0.298461 0.533133 0.603073 0.094298 0.200081 0.058652 0.550970 0.722146 0.768894 0.920938 0.317931 0.855697 0.353883 0.095934 0.881592 0.692010 0.383801 0.600429 0.435670 0.066920 0.400710 0.193135 0.030119 0.405861 0.703285 0.354162 0.416669 0.695335 0.499383 0.713440 0.979535 0.224583 0.521086 0.763570 0.750631 0.420779 0.157135 0.851816 0.670463 0.788445 0.746442 0.184180 0.874757 0.344394 0.203982 0.126372 0.041727 0.070015 0.639646 0.340247 0.867511 0.002358 0.064666 0.324628 0.609505 0.054038 0.174027 0.793113 0.096412 0.837356 0.067436 0.086606 0.971737 0.980952 0.438866 0.314480 0.090979 0.529177 0.053000 0.175623 0.135865 0.246098 0.125734 0.675059 0.834765 0.655001 0.590528 0.424531 0.440634 0.786649 0.377616 0.274482 0.899579 0.729745 0.997164 0.003973 0.922348 0.197404 0.472791 0.982297 0.386773 0.650085 0.282162 0.847423 0.821413 0.300590 0.783290 0.951174 0.825858 0.526765 0.463311 0.906898 0.259840 0.920737 0.955408 0.786478 0.121747 0.392412 0.439487 0.660301 0.197488 0.043676 0.624599 0.408106 0.725356 0.040615 0.327333 0.955998 0.567740 0.331430 0.845456 0.244815 0.669955 0.643491 0.143832 0.370305 0.711400 0.011366 0.883009 0.124700 0.380019 0.264910 0.372230 0.138433 0.356332 0.799965 0.140417 0.668823 0.019736 0.208591 0.097117
0.703164 0.222948 0.124041 0.368927 0.234173 0.866664 0.665594 0.841016 0.027605 0.547021 0.775145 0.251168 0.423058 0.766562 0.489757 0.028470 0.263337 0.674425 0.468282 0.637715 0.666602 0.194581 0.502424 0.457972 0.993445 0.016248 0.743318 0.141692 0.529589 0.781985 0.890050 0.305298 0.333603 0.491508 0.346651 0.194443 0.814759 0.923955 0.393505 0.865669 0.921884 0.820410 0.407906 0.957541 0.776750 0.216649 0.014376 0.290123 0.247031 0.260164 0.928908 0.531793 0.565709 0.375614 0.138151 0.520249 0.670493 0.784700 0.697493 0.980423 0.111718 0.280296 0.145128 0.172715 0.180752 0.700785 0.633437 0.915620 0.256964 0.304567 0.250287 0.867116 0.766346 0.783169 0.545945 0.768033 0.283797 0.502250 0.370339 0.078372 0.486941 0.261739 0.333462 0.296115 0.323649 0.063123 0.378850 0.712050 0.534805 0.908980 0.628814 0.409699 0.494954 0.215414 0.467957 0.723606 0.724532 0.708991 0.383259 0.095671 0.420448 0.004637 0.146656 0.507927 0.355771 0.644109 0.681927 0.275312 0.872583 0.983713 0.245056 0.799962 0.258670 0.857304 0.792920 0.578371 0.176601 0.471034 0.720675 0.987111 0.428228 0.005451 0.902260 0.326260 0.978105 0.536997 0.309070 0.129203 0.540915 0.965138 0.649543 0.363422 0.223989 0.308632 0.569796 0.563322 0.725452 0.505402 0.498993 0.562820 0.198721 0.559977 0.884261 0.815665 0.336671 0.397791 0.871696 0.509020 0.548960 0.280975 0.102852 0.179844 0.384110 0.892047 0.541471 0.812911 0.319829 0.385675 0.858130 0.819636 0.102365 0.238836 0.349588 0.579470 0.588294 0.870613 0.364418 0.605963 0.081388 0.839236 0.307435 0.473086 0.148398 0.620676 0.751496 0.921940 0.835693 0.859786 0.709383 0.374913 0.747725 0.723251 0.173309 0.121281 0.714775 0.656956 0.583634 0.313192 0.190721 0.790271 0.367574 0.828364 0.982902 0.921258 0.932713 0.369977 0.584644 0.193771 0.890973 0.780993
0.369645 0.093718 0.353475 0.494908 0.111249 0.609566 0.891315 0.880972 0.029810 0.641875 0.981657 0.642137 0.529736 0.840538 0.186985 0.351378 0.330560 0.127586 0.467729 0.554790 0.330860 0.504922 0.652452 0.985652 0.656070 0.501283 0.602438 0.820054 0.845500 0.029324 0.718216 0.324548 0.483212 0.053583 0.760171 0.453485 0.184043 0.518204 0.959429 0.055227 0.511518 0.966851 0.036012 0.872565 0.662506 0.134700 0.059055 0.649628 0.363177 0.055418 0.191192 0.100943 0.967644 0.591783 0.509415 0.835181 0.297310 0.501113 0.399941 0.644736 0.762393 0.269710 0.325352 0.068176 0.993619 0.932496 0.468847 0.599955 0.723835 0.778767 0.320802 0.079860 0.023766 0.355868 0.439732 0.802094 0.495095 0.523285 0.165235 0.659374 0.822262 0.185797 0.374821 0.827761 0.224062 0.910641 0.135434 0.365053 0.231549 0.005260 0.485794 0.510431 0.522028 0.135888 0.442801 0.822925 0.499202 0.914314 0.872952 0.636778 0.367309 0.592398 0.523523 0.060485 0.620963 0.501429 0.113056 0.950803 0.872492 0.877103 0.188584 0.665067 0.010567 0.445197 0.004768 0.696169 0.908559 0.938126 0.883744 0.782584 0.374282 0.821901 0.904430 0.997866 0.500232 0.056798 0.688382 0.891619 0.230512 0.318307 0.888567 0.804413 0.008551 0.764260 0.523167 0.075126 0.235787 0.167151 0.186563 0.610001 0.294149 0.281594 0.750190 0.897940 0.629739 0.415138 0.328983 0.161835 0.945305 0.794693 0.923425 0.441836 0.111783 0.540608 0.087627 0.827502 0.569884 0.851142 0.770136 0.306880 0.130474 0.325159 0.724089 0.947573 0.023067 0.715157 0.082318 0.854925 0.161858 0.589661 0.659994 0.475661 0.138512 0.584867 0.427815 0.493759 0.643960 0.520834 0.844199 0.341014 0.967612 0.995676 0.037756 0.733633 0.030480 0.046864 0.956889 0.416672 0.528108 0.695188 0.433459 0.247226 0.075505 0.215868 0.953603 0.249036 0.952078 0.974712 0.500695 0.617501
0.767155 0.201210 0.510705 0.348116 0.078541 0.852158 0.485690 0.708996 0.279563 0.996949 0.060579 0.506175 0.048824 0.697969 0.843447 0.328037 0.712692 0.207617 0.473624 0.227818 0.441068 0.621442 0.253305 0.937279 0.777733 0.242940 0.420840 0.930647 0.814700 0.089577 0.094765 0.234590 0.040106 0.338944 0.341201 0.711109 0.738077 0.664887 0.628792 0.801882 0.240818 0.406996 0.048134 0.071660 0.549450 0.598584 0.952489 0.124155 0.498638 0.299856 0.106004 0.378440 0.314746 0.503244 0.641434 0.628316 0.295908 0.034295 0.757528 0.596567 0.969847 0.402472 0.142529 0.006519 0.233497 0.921895 0.321034 0.486991 0.722374 0.063235 0.864956 0.657198 0.276426 0.310263 0.821798 0.832744 0.642547 0.509271 0.014204 0.642034 0.094975 0.296990 0.745534 0.491040 0.653878 0.477427 0.205417 0.074821 0.522088 0.965192 0.900681 0.111935 0.785998 0.691177 0.148621 0.866451 0.014333 0.037681 0.645548 0.575681 0.352630 0.771788 0.183244 0.435651 0.369172 0.587147 0.803215 0.135247 0.046023 0.263004 0.407855 0.552269 0.075670 0.446694 0.693395 0.258198 0.003203 0.676424 0.257213 0.597583 0.247079 0.492258 0.424533 0.268745 0.124355 0.949277 0.154219 0.027378 0.182386 0.353932 0.769908 0.525557 0.973673 0.721514 0.564692 0.194525 0.069379 0.791319 0.055538 0.798555 0.820230 0.787337 0.325083 0.166941 0.815211 0.771026 0.043083 0.547313 0.832075 0.087513 0.810433 0.668103 0.555057 0.479839 0.333296 0.719682 0.737945 0.869077 0.010526 0.292347 0.517889 0.428527 0.684392 0.909122 0.492594 0.177141 0.723885 0.748141 0.813287 0.365865 0.179938 0.319017 0.831169 0.658661 0.873169 0.987883 0.364107 0.353034 0.920096 0.096285 0.628346 0.951744 0.688680 0.638148 0.853578 0.628779 0.133439 0.295245 0.663798 0.269384 0.224082 0.014508 0.790885 0.697577 0.840005 0.723039 0.210115 0.941146 0.983426 0.115981
0.437805 0.832991 0.072178 0.987209 0.540970 0.986478 0.803304 0.267576 0.559566 0.564700 0.386902 0.096062 0.495268 0.213361 0.008076 0.371894 0.106670 0.489550 0.401526 0.411959 0.360181 0.063692 0.187053 0.105407 0.565564 0.329761 0.070061 0.072057 0.128932 0.881570 0.195365 0.732119 0.313852 0.110704 0.649069 0.660632 0.557988 0.043373 0.370613 0.473551 0.007774 0.094945 0.170734 0.111214 0.636556 0.623369 0.867382 0.971256 0.700293 0.442462 0.358426 0.178444 0.529960 0.827139 0.100018 0.825081 0.346333 0.746751 0.429510 0.368738 0.014543 0.523174 0.917349 0.399895 0.122496 0.786087 0.515779 0.942842 0.528202 0.522958 0.354622 0.666316 0.819878 0.351956 0.323132 0.955377 0.664387 0.712048 0.390369 0.907495 0.391478 0.413877 0.585501 0.491369 0.719866 0.611455 0.558133 0.012244 0.888480 0.421695 0.900172 0.575605 0.813920 0.523613 0.449471 0.414189 0.522731 0.440296 0.622056 0.807565 0.546139 0.483236 0.310956 0.400945 0.948720 0.103783 0.112967 0.180601 0.309732 0.419021 0.511681 0.377128 0.436712 0.713518 0.666058 0.062957 0.926159 0.036953 0.427517 0.679799 0.010769 0.748561 0.329078 0.044958 0.208883 0.217164 0.919554 0.309156 0.609235 0.908544 0.800992 0.737043 0.066347 0.204060 0.140562 0.004360 0.046578 0.626392 0.769327 0.056890 0.750996 0.974687 0.189195 0.346980 0.640575 0.345986 0.226378 0.984286 0.591151 0.114783 0.599202 0.035582 0.344742 0.788545 0.039337 0.615809 0.249888 0.983551 0.770509 0.247874 0.308855 0.091767 0.151567 0.769366 0.417830 0.613322 0.656232 0.480671 0.272120 0.582859 0.758993 0.631104 0.034580 0.295979 0.989302 0.498153 0.915114 0.361769 0.159229 0.393609 0.496254 0.446190 0.448262 0.148722 0.964628 0.117697 0.451220 0.120741 0.949410 0.283099 0.121408 0.069480 0.707673 0.969151 0.043343 0.893575 0.811127 0.526437 0.909888 0.808569
0.671866 0.302131 0.279276 0.797519 0.857318 0.596631 0.594862 0.451195 0.639543 0.181414 0.146413 0.545679 0.130361 0.222139 0.334665 0.520156 0.720029 0.039673 0.383602 0.316919 0.494526 0.532946 0.049789 0.879127 0.943518 0.343958 0.120361 0.415658 0.492821 0.044713 0.174461 0.255016 0.498441 0.161907 0.408059 0.198295 0.422931 0.041735 0.254611 0.587302 0.162996 0.285008 0.657171 0.370625 0.003537 0.036644 0.242340 0.588751 0.625139 0.656888 0.087637 0.129567 0.863651 0.657880 0.117885 0.160741 0.275495 0.982676 0.393261 0.845568 0.868572 0.702403 0.504088 0.495889 0.675909 0.110435 0.110256 0.482193 0.338439 0.457710 0.207327 0.362456 0.663342 0.738071 0.949127 0.392829 0.667462 0.369159 0.987864 0.812676 0.839141 0.816224 0.972014 0.405091 0.501265 0.310334 0.867251 0.390789 0.489454 0.236028 0.468798 0.737843 0.577742 0.797307 0.176801 0.866435 0.180595 0.078279 0.594004 0.736518 0.893612 0.826775 0.629000 0.474967 0.870794 0.911458 0.819429 0.195021 0.447638 0.873140 0.324612 0.798127 0.354169 0.560990 0.458100 0.338339 0.718696 0.212925 0.346682 0.242494 0.649675 0.500262 0.318973 0.899248 0.620831 0.422326 0.694010 0.814226 0.618567 0.633872 0.343940 0.504866 0.176424 0.300051 0.961371 0.593801 0.742647 0.100792 0.119331 0.738185 0.679801 0.383014 0.527230 0.148507 0.324307 0.384627 0.981710 0.227868 0.885592 0.613238 0.465519 0.749322 0.950151 0.310838 0.060262 0.430007 0.386888 0.009116 0.467597 0.900971 0.389828 0.517136 0.208800 0.498200 0.348291 0.875461 0.723338 0.124706 0.888345 0.955753 0.991387 0.129008 0.783561 0.273884 0.126890 0.001406 0.258208 0.171505 0.087554 0.784735 0.056442 0.015326 0.073025 0.383237 0.972695 0.592083 0.581417 0.442960 0.441992 0.323352 0.263619 0.837340 0.857493 0.682053 0.370058 0.083804 0.664134 0.385083 0.098444 0.382748
0.781757 0.465177 0.544600 0.627562 0.475298 0.456316 0.106495 0.968896 0.241796 0.213701 0.771123 0.681840 0.017304 0.467765 0.592290 0.898130 0.994652 0.215761 0.908888 0.312151 0.660163 0.527917 0.569510 0.978745 0.453446 0.547043 0.408462 0.442979 0.126540 0.918814 0.467895 0.072431 0.694608 0.114892 0.305511 0.596729 0.256216 0.616375 0.812719 0.101973 0.354711 0.069760 0.918597 0.150197 0.902277 0.328976 0.973221 0.654377 0.183514 0.134189 0.648801 0.531689 0.321573 0.631136 0.469579 0.807800 0.256940 0.336378 0.030752 0.682694 0.261602 0.818784 0.815125 0.805607 0.280302 0.034034 0.608897 0.255527 0.760266 0.065773 0.645406 0.603646 0.855570 0.117223 0.269554 0.921842 0.190865 0.730203 0.826465 0.872959 0.532325 0.845837 0.959747 0.521859 0.770923 0.658256 0.180596 0.500289 0.561938 0.252653 0.180279 0.010317 0.921437 0.249367 0.419657 0.271688 0.790283 0.856997 0.564246 0.140572 0.635790 0.210886 0.881494 0.177051 0.006715 0.063656 0.385537 0.433398 0.194029 0.463318 0.791594 0.665750 0.704389 0.202378 0.163492 0.201462 0.967927 0.585992 0.627376 0.616679 0.257065 0.516153 0.393317 0.935309 0.075336 0.853184 0.087588 0.190149 0.973552 0.621921 0.653232 0.543965 0.783608 0.927301 0.675596 0.181300 0.540504 0.426756 0.220001 0.094325 0.433830 0.205581 0.202923 0.594148 0.021747 0.734178 0.321343 0.697228 0.497330 0.835372 0.343035 0.650009 0.875198 0.800767 0.484570 0.731664 0.179761 0.338665 0.775091 0.357530 0.291826 0.532456 0.466700 0.690093 0.120190 0.039583 0.685213 0.041087 0.611113 0.326635 0.248840 0.452209 0.238388 0.890213 0.667553 0.248677 0.775669 0.993089 0.965306 0.587058 0.100036 0.911271 0.391662 0.035482 0.245088 0.115183 0.666565 0.153250 0.675015 0.850584 0.160595 0.746261 0.016104 0.683921 0.907439 0.073360 0.134584 0.971875 0.007763 0.939139
0.184800 0.871364 0.334433 0.557977 0.296786 0.996327 0.462551 0.570921 0.941696 0.638833 0.701045 0.574851 0.558672 0.914368 0.248824 0.217452 0.580834 0.920099 0.357270 0.657524 0.488290 0.018539 0.933108 0.428145 0.796925 0.440100 0.771612 0.509557 0.562649 0.234948 0.097983 0.697741 0.980078 0.350367 0.589716 0.430022 0.442471 0.578648 0.849237 0.035442 0.693077 0.572511 0.669630 0.833954 0.552749 0.324835 0.072175 0.917164 0.032649 0.015678 0.581877 0.500608 0.538883 0.476798 0.813865 0.459164 0.830748 0.641427 0.003708 0.859899 0.656477 0.777424 0.790395 0.432168 0.598696 0.819272 0.104879 0.661518 0.590095 0.761217 0.705581 0.589950 0.524138 0.438233 0.137091 0.789454 0.475691 0.221867 0.975850 0.525645 0.752020 0.179200 0.815415 0.186364 0.385139 0.273619 0.426080 0.313293 0.469769 0.585691 0.597246 0.609177 0.784445 0.332388 0.328412 0.933901 0.909906 0.950126 0.797651 0.634340 0.040495 0.943282 0.696609 0.404854 0.194032 0.874183 0.797013 0.442959 0.806200 0.119219 0.542145 0.990611 0.655391 0.638471 0.703973 0.984294 0.024470 0.253151 0.581984 0.609026 0.953024 0.420436 0.439566 0.570921 0.174202 0.492705 0.353868 0.928854 0.226315 0.920667 0.121812 0.672894 0.740818 0.481658 0.073039 0.702544 0.696410 0.199740 0.136034 0.959635 0.599999 0.998642 0.449323 0.844700 0.934715 0.599799 0.285629 0.593567 0.306376 0.460473 0.134914 0.876133 0.991572 0.424092 0.295961 0.258916 0.506275 0.631086 0.188897 0.407659 0.934935 0.459497 0.990781 0.340066 0.877409 0.553861 0.796596 0.384827 0.890304 0.035936 0.232443 0.258634 0.330620 0.148667 0.195219 0.097116 0.879393 0.736517 0.345187 0.729166 0.914298 0.332871 0.260755 0.823031 0.340706 0.427301 0.584831 0.245266 0.320558 0.414445 0.905635 0.686539 0.944254 0.490805 0.895052 0.063516 0.378800 0.516502 0.169675 0.912845
0.965844 0.464438 0.914892 0.470052 0.661189 0.380977 0.095339 0.769885 0.765916 0.006296 0.993031 0.772234 0.174257 0.838160 0.453419 0.092440 0.803824 0.553498 0.838008 0.343949 0.183574 0.977827 0.972627 0.948882 0.528623 0.284327 0.524630 0.556364 0.181140 0.320679 0.100328 0.336349 0.220615 0.457881 0.231279 0.946833 0.609975 0.791589 0.150558 0.686326 0.237680 0.550311 0.945864 0.309441 0.348235 0.333541 0.699656 0.826716 0.499197 0.908884 0.225134 0.152849 0.362206 0.203460 0.861044 0.135643 0.450813 0.096361 0.570529 0.097585 0.452155 0.770010 0.095084 0.426775 0.071491 0.876156 0.196323 0.654339 0.660225 0.806974 0.354516 0.649948 0.141965 0.462861 0.674645 0.672798 0.884715 0.193829 0.275192 0.365118 0.871036 0.529497 0.659441 0.067538 0.193012 0.484119 0.977416 0.968306 0.894581 0.243897 0.243136 0.750455 0.646219 0.768982 0.525891 0.046634 0.294208 0.314284 0.071245 0.081951 0.183779 0.698782 0.767327 0.280588 0.442339 0.632724 0.922293 0.665832 0.018453 0.998234 0.058276 0.057450 0.221717 0.198163 0.525444 0.415252 0.350501 0.032204 0.406721 0.444195 0.069595 0.143443 0.524227 0.502185 0.029600 0.561264 0.554260 0.533003 0.762935 0.494306 0.709755 0.903110 0.314283 0.458337 0.939669 0.563383 0.586883 0.947815 0.727320 0.765989 0.039493 0.167712 0.509150 0.708280 0.699907 0.935226 0.235708 0.664232 0.990081 0.215597 0.819567 0.782690 0.559881 0.577854 0.430194 0.647190 0.560354 0.069046 0.888074 0.130550 0.154758 0.479702 0.948967 0.184167 0.352257 0.494174 0.401145 0.480397 0.831569 0.780234 0.907331 0.969158 0.567760 0.061207 0.734373 0.395105 0.805107 0.234854 0.211719 0.208802 0.272477 0.161560 0.999564 0.068073 0.580102 0.642144 0.741794 0.651866 0.893440 0.630900 0.072475 0.601455 0.205721 0.584008 0.080512 0.446943 0.809042 0.731241 0.367875 0.537010
0.194271 0.623589 0.588077 0.188385 0.111495 0.574233 0.944492 0.127120 0.890447 0.070539 0.568036 0.154862 0.157860 0.010543 0.507808 0.281386 0.062235 0.023346 0.377734 0.829725 0.803599 0.880546 0.726774 0.691852 0.628003 0.639085 0.319297 0.087245 0.310568 0.682561 0.380824 0.282212 0.404135 0.501457 0.549083 0.041670 0.374481 0.634294 0.314133 0.947712 0.613127 0.273626 0.619984 0.838382 0.756572 0.026990 0.451299 0.140446 0.698279 0.298020 0.545119 0.663885 0.065498 0.200542 0.665688 0.402131 0.742802 0.252326 0.742893 0.698256 0.882280 0.319977 0.797650 0.822122 0.976635 0.328464 0.659296 0.268443 0.289306 0.346910 0.109011 0.099520 0.901353 0.978916 0.212436 0.880819 0.348052 0.289957 0.375689 0.518190 0.890936 0.205487 0.846049 0.836003 0.301970 0.619044 0.053972 0.348630 0.912143 0.329637 0.605049 0.519236 0.012768 0.088241 0.914399 0.499214 0.631857 0.856057 0.266101 0.341536 0.954178 0.521585 0.966989 0.382227 0.233134 0.966831 0.782023 0.808879 0.908299 0.674421 0.169362 0.101860 0.420976 0.868294 0.715461 0.929727 0.338797 0.906341 0.371715 0.266630 0.311692 0.288958 0.561653 0.004828 0.017746 0.557927 0.614507 0.227113 0.478426 0.456513 0.389875 0.331610 0.210080 0.243494 0.310607 0.559496 0.175232 0.720115 0.854179 0.299196 0.313751 0.471384 0.876872 0.226323 0.879559 0.998136 0.155489 0.884194 0.807260 0.661299 0.412726 0.315062 0.703928 0.464594 0.515778 0.180656 0.052730 0.143656 0.759820 0.443234 0.962549 0.981045 0.438883 0.497972 0.515608 0.523877 0.737872 0.881933 0.823285 0.351092 0.725538 0.538141 0.947999 0.597449 0.803007 0.551362 0.073152 0.394409 0.001316 0.204422 0.301040 0.104038 0.196477 0.779444 0.148607 0.207162 0.421484 0.481539 0.353182 0.400778 0.486953 0.766066 0.794655 0.038492 0.789246 0.821732 0.621869 0.846664 0.949634 0.773888
0.640364 0.585254 0.038882 0.171207 0.519914 0.409592 0.775348 0.033444 0.475941 0.625727 0.706037 0.593692 0.741473 0.758417 0.080005 0.656142 0.542148 0.644306 0.263683 0.126315 0.491388 0.644527 0.707958 0.920063 0.627480 0.440195 0.407538 0.208781 0.946351 0.104643 0.297558 0.573440 0.481598 0.219298 0.426029 0.561138 0.674337 0.405081 0.354499 0.688908 0.034063 0.381310 0.826188 0.885831 0.577928 0.220034 0.875880 0.267301 0.805907 0.076998 0.709452 0.536890 0.694472 0.093703 0.150966 0.690621 0.853504 0.326630 0.779657 0.035036 0.452067 0.660611 0.450558 0.691714 0.986299 0.998536 0.770844 0.525475 0.644660 0.612562 0.789780 0.522691 0.317013 0.954252 0.737880 0.721542 0.527582 0.040185 0.810197 0.282579 0.138868 0.293593 0.966120 0.547335 0.857590 0.892983 0.101300 0.618835 0.785549 0.820470 0.091944 0.215238 0.928822 0.514388 0.556311 0.327023 0.190439 0.240652 0.190619 0.254494 0.731183 0.628744 0.193685 0.187361 0.065263 0.720204 0.275758 0.638254 0.148246 0.039211 0.422274 0.349459 0.696519 0.799152 0.738638 0.588175 0.732836 0.299418 0.016015 0.893510 0.992012 0.038442 0.620982 0.401051 0.017762 0.596943 0.183818 0.417999 0.257925 0.905923 0.239505 0.362888 0.532514 0.959201 0.371238 0.548297 0.573943 0.136714 0.384123 0.667695 0.433327 0.848917 0.799352 0.526941 0.798662 0.024555 0.535601 0.951256 0.587299 0.147354 0.108862 0.558759 0.564726 0.588941 0.862561 0.157237 0.865995 0.096469 0.108423 0.047094 0.435249 0.060516 0.590252 0.374810 0.567332 0.553517 0.460097 0.158107 0.885016 0.086813 0.840355 0.160431 0.265363 0.899769 0.579716 0.857356 0.900073 0.075552 0.071436 0.933688 0.831451 0.218578 0.715276 0.541110 0.724775 0.275795 0.749169 0.631278 0.132764 0.277303 0.471314 0.596090 0.417125 0.705225 0.286949 0.751011 0.010459 0.985039 0.012494 0.845034
0.594920 0.444474 0.571396 0.290315 0.513112 0.746125 0.444170 0.774023 0.525550 0.829620 0.971686 0.919289 0.547545 0.643300 0.839991 0.389649 0.956560 0.989246 0.193316 0.502049 0.735149 0.319917 0.342956 0.305256 0.781825 0.120924 0.940047 0.433783 0.444929 0.866585 0.873894 0.814209 0.215973 0.344502 0.562114 0.826438 0.744626 0.319033 0.934641 0.128484 0.233672 0.485891 0.644797 0.235794 0.988270 0.394042 0.096490 0.404147 0.018005 0.132143 0.169650 0.989350 0.091589 0.952660 0.302868 0.020919 0.838493 0.691898 0.878193 0.143966 0.754825 0.857634 0.284053 0.677687 0.842647 0.808583 0.722393 0.534661 0.461299 0.769324 0.851074 0.441550 0.373761 0.432932 0.093972 0.581818 0.624350 0.453859 0.209376 0.496587 0.026152 0.263206 0.284647 0.438318 0.170445 0.801396 0.303356 0.887186 0.831928 0.624888 0.109859 0.063782 0.507301 0.492822 0.297879 0.744354 0.599168 0.570936 0.394486 0.157820 0.433218 0.704098 0.075241 0.570383 0.951533 0.997502 0.353936 0.259225 0.074383 0.961488 0.021968 0.209506 0.515286 0.025934 0.152767 0.268812 0.901587 0.457063 0.803733 0.930760 0.825341 0.115917 0.207850 0.265890 0.732571 0.378587 0.894586 0.181083 0.003935 0.328816 0.075001 0.919127 0.359039 0.717601 0.906585 0.164977 0.135846 0.586636 0.791223 0.543705 0.572460 0.492243 0.402060 0.741025 0.567428 0.339683 0.490898 0.883960 0.266262 0.313569 0.317108 0.143698 0.618718 0.766825 0.048171 0.708693 0.491747 0.879666 0.751735 0.039796 0.172861 0.298691 0.788479 0.777484 0.147475 0.753753 0.945021 0.680099 0.744654 0.809845 0.128737 0.046937 0.376769 0.245420 0.899583 0.648367 0.036732 0.158919 0.987286 0.284253 0.979966 0.070264 0.223989 0.373206 0.173388 0.726381 0.775512 0.829911 0.844831 0.675235 0.942664 0.977055 0.249393 0.759241 0.424059 0.449545 0.683242 0.340129 0.188335 0.819842
0.128032 0.780134 0.806877 0.474568 0.592379 0.009044 0.105087 0.285682 0.276424 0.802662 0.351432 0.627124 0.800649 0.145860 0.261485 0.529877 0.917535 0.067632 0.472779 0.088210 0.443652 0.374998 0.011298 0.883216 0.090092 0.951655 0.085414 0.406047 0.263358 0.857589 0.833875 0.835461 0.475186 0.224822 0.800350 0.933243 0.122436 0.993191 0.491493 0.120235 0.127552 0.163637 0.664956 0.718264 0.337367 0.141312 0.245720 0.127757 0.457898 0.058543 0.490298 0.423508 0.850204 0.140407 0.643968 0.471858 0.603904 0.409985 0.785312 0.752570 0.485079 0.722266 0.225575 0.028474 0.350059 0.300371 0.187573 0.617172 0.769410 0.441476 0.072627 0.924329 0.843241 0.929505 0.121059 0.366446 0.347603 0.967461 0.879075 0.114702 0.592508 0.729460 0.476361 0.673857 0.181023 0.762668 0.478238 0.620573 0.916109 0.325642 0.935006 0.368698 0.382468 0.227137 0.814618 0.669687 0.630088 0.624075 0.254707 0.429203 0.462551 0.507557 0.435221 0.145864 0.637764 0.520805 0.270013 0.058679 0.966011 0.095112 0.234088 0.647110 0.497565 0.333326 0.727633 0.154060 0.096438 0.678728 0.721959 0.977019 0.608949 0.799342 0.431665 0.075346 0.776018 0.913415 0.363621 0.028383 0.501985 0.565961 0.053081 0.701210 0.454038 0.373097 0.074047 0.109459 0.558570 0.287924 0.759563 0.263854 0.530248 0.271840 0.446738 0.613186 0.661040 0.782294 0.144797 0.788824 0.945299 0.255275 0.230465 0.066592 0.454905 0.157891 0.792929 0.907894 0.934122 0.083757 0.595798 0.057058 0.509822 0.096578 0.451213 0.604951 0.463151 0.451386 0.068775 0.208391 0.268569 0.218684 0.280252 0.512283 0.533602 0.624410 0.884278 0.018404 0.382728 0.222976 0.100680 0.924067 0.622749 0.694915 0.654226 0.645230 0.677645 0.031631 0.794060 0.337771 0.730833 0.067634 0.788132 0.361578 0.667670 0.162794 0.189113 0.900005 0.179091 0.268018 0.314745 0.787748
0.910859 0.304615 0.497869 0.939835 0.890382 0.055317 0.065409 0.832932 0.109832 0.154172 0.805593 0.122227 0.135173 0.601796 0.234030 0.932338 0.480845 0.254686 0.211696 0.633921 0.511682 0.182927 0.215678 0.261961 0.021408 0.610528 0.373239 0.925763 0.984299 0.767857 0.353462 0.311741 0.324356 0.326239 0.103031 0.194819 0.218286 0.457737 0.223780 0.993932 0.616958 0.330510 0.608096 0.664893 0.804151 0.353987 0.779932 0.037401 0.270449 0.425925 0.900441 0.491578 0.067828 0.710422 0.249750 0.195245 0.344065 0.975019 0.487772 0.364094 0.340969 0.750330 0.744465 0.311481 0.579154 0.763280 0.873016 0.529325 0.342861 0.856628 0.729318 0.217100 0.765308 0.102440 0.310228 0.989121 0.244615 0.615573 0.763855 0.453503 0.588368 0.328047 0.555683 0.645506 0.745783 0.573335 0.801834 0.657213 0.301160 0.493069 0.544804 0.051795 0.922928 0.390326 0.307545 0.358106 0.262133 0.372846 0.216940 0.465329 0.329816 0.608293 0.740899 0.787299 0.717888 0.575459 0.552631 0.097907 0.663606 0.050612 0.811124 0.151981 0.684165 0.972722 0.660385 0.172635 0.923436 0.778524 0.186177 0.740890 0.776513 0.146740 0.349420 0.208742 0.329701 0.713388 0.734154 0.917436 0.226246 0.507657 0.117477 0.080566 0.278800 0.728918 0.113980 0.925352 0.026095 0.570452 0.235820 0.027576 0.597775 0.737012 0.163534 0.937205 0.905701 0.828857 0.454953 0.987852 0.699138 0.830232 0.601169 0.582194 0.603736 0.444238 0.177649 0.266702 0.375381 0.020647 0.677070 0.646875 0.911103 0.004582 0.898961 0.452953 0.727009 0.205551 0.585673 0.574556 0.810092 0.715669 0.528169 0.232255 0.746387 0.654202 0.382372 0.518362 0.133553 0.441908 0.134625 0.955946 0.466599 0.353398 0.082380 0.436427 0.452882 0.799046 0.447830 0.516777 0.199253 0.299359 0.571182 0.823764 0.458985 0.882253 0.331751 0.369435 0.084571 0.728744 0.181126 0.222707
0.838887 0.697292 0.966843 0.940387 0.512011 0.278034 0.469934 0.854768 0.750208 0.295895 0.562955 0.705987 0.039377 0.084210 0.702427 0.681856 0.721114 0.423434 0.049683 0.946769 0.576762 0.869567 0.201284 0.595004 0.661105 0.380855 0.954441 0.835275 0.519380 0.645347 0.729666 0.950459 0.361886 0.736685 0.372436 0.879020 0.826361 0.236230 0.418705 0.596163 0.497947 0.327779 0.623561 0.190221 0.682132 0.225183 0.961963 0.582939 0.287921 0.195551 0.845705 0.161992 0.098679 0.487494 0.725922 0.099228 0.640475 0.914438 0.377417 0.154651 0.897142 0.459599 0.146685 0.264145 0.968900 0.094485 0.069669 0.651710 0.432980 0.520399 0.012650 0.682903 0.955433 0.633705 0.258085 0.568802 0.467953 0.837570 0.769261 0.983498 0.761447 0.941626 0.553986 0.041891 0.053521 0.755003 0.084869 0.367117 0.891555 0.860485 0.117462 0.662664 0.498968 0.278328 0.753194 0.003592 0.237769 0.152559 0.058705 0.229299 0.619300 0.668922 0.571286 0.612774 0.418305 0.017198 0.663495 0.490504 0.920959 0.607074 0.348508 0.397948 0.962642 0.182369 0.652565 0.033178 0.301899 0.715491 0.900891 0.201941 0.330174 0.898846 0.490584 0.923764 0.169101 0.612247 0.298583 0.981133 0.868656 0.856536 0.314818 0.848457 0.660033 0.373324 0.636486 0.517979 0.285028 0.014325 0.072973 0.659533 0.680073 0.297975 0.158345 0.473764 0.281526 0.970662 0.883159 0.105683 0.927125 0.967651 0.190468 0.549776 0.953847 0.899982 0.317262 0.595865 0.123532 0.427395 0.116689 0.281709 0.177054 0.808693 0.032365 0.377636 0.602725 0.954495 0.681190 0.239759 0.534788 0.188476 0.603392 0.027238 0.752181 0.863981 0.572884 0.442159 0.703663 0.531185 0.123152 0.249402 0.242998 0.530860 0.544914 0.283941 0.864023 0.450324 0.093605 0.812834 0.894585 0.028631 0.955164 0.598825 0.040601 0.435270 0.624578 0.572754 0.091001 0.880052 0.486344 0.008535
0.909034 0.502832 0.802466 0.432122 0.713034 0.469045 0.086353 0.258473 0.423407 0.370330 0.259365 0.631188 0.562317 0.875387 0.116355 0.101270 0.336272 0.380055 0.349718 0.058315 0.657341 0.448233 0.710642 0.581935 0.356483 0.345505 0.574423 0.009414 0.398002 0.575317 0.969301 0.603193 0.659059 0.732085 0.973782 0.714521 0.662833 0.330014 0.984458 0.923041 0.423707 0.527508 0.709839 0.850143 0.595364 0.187593 0.541267 0.686943 0.745804 0.044872 0.449486 0.430085 0.549891 0.673403 0.965110 0.953749 0.475841 0.821265 0.766801 0.449569 0.304368 0.120700 0.609219 0.552401 0.394463 0.981454 0.528741 0.346036 0.402795 0.291978 0.473553 0.466517 0.548974 0.521282 0.087895 0.871020 0.116713 0.033473 0.726128 0.419489 0.386795 0.363596 0.665053 0.068475 0.216214 0.841014 0.691762 0.976979 0.453332 0.585216 0.611994 0.205027 0.436178 0.829897 0.402018 0.704641 0.826820 0.765390 0.491960 0.309092 0.150024 0.314537 0.006618 0.215838 0.498660 0.344350 0.380487 0.972238 0.768130 0.280580 0.724895 0.154583 0.422813 0.503569 0.429668 0.199884 0.795797 0.739208 0.873801 0.893826 0.077796 0.810674 0.981084 0.651763 0.210107 0.150561 0.663638 0.084125 0.257883 0.119383 0.584021 0.281774 0.470124 0.492885 0.503264 0.907175 0.383692 0.329088 0.940111 0.295304 0.055583 0.995773 0.895444 0.692212 0.246521 0.199509 0.760024 0.306944 0.955229 0.402857 0.196346 0.514443 0.630582 0.319298 0.171718 0.373415 0.039632 0.661255 0.588553 0.379094 0.266269 0.229588 0.578411 0.050137 0.034584 0.668518 0.904329 0.431649 0.843708 0.556098 0.398824 0.613315 0.749969 0.463055 0.830072 0.513988 0.307060 0.904867 0.018551 0.017404 0.292390 0.101563 0.807286 0.925165 0.747565 0.096796 0.259869 0.606477 0.389694 0.259651 0.277291 0.805321 0.773479 0.115851 0.915572 0.462654 0.295532 0.332315 0.259077 0.889606
0.544329 0.479369 0.013286 0.438035 0.559989 0.209063 0.656910 0.411346 0.411028 0.014187 0.451371 0.733909 0.542301 0.524333 0.926314 0.156439 0.783120 0.699693 0.456292 0.015784 0.474671 0.109034 0.714457 0.241440 0.225516 0.770075 0.288309 0.339769 0.566248 0.322691 0.398019 0.743042 0.915650 0.434254 0.106884 0.005984 0.816762 0.541703 0.237771 0.042173 0.919042 0.133542 0.024139 0.817336 0.431829 0.881940 0.108090 0.227610 0.005795 0.720952 0.205696 0.486289 0.330674 0.749938 0.043280 0.818882 0.413523 0.252771 0.603842 0.310690 0.830588 0.347962 0.772425 0.576909 0.828108 0.608046 0.855730 0.791287 0.384789 0.024277 0.581936 0.024183 0.067251 0.802432 0.712215 0.520417 0.344329 0.510879 0.980127 0.642404 0.363052 0.598999 0.670317 0.482853 0.445647 0.791158 0.001456 0.699954 0.358596 0.738532 0.805306 0.402312 0.741722 0.439045 0.783750 0.440258 0.187527 0.749966 0.725160 0.500177 0.120206 0.663554 0.867401 0.815785 0.506495 0.056274 0.242118 0.630810 0.850952 0.768461 0.952419 0.061278 0.353145 0.884713 0.501557 0.285738 0.712580 0.885104 0.620750 0.595946 0.130791 0.734028 0.587811 0.796771 0.355697 0.959787 0.811651 0.546103 0.795401 0.800367 0.462020 0.772215 0.500292 0.111125 0.714933 0.798350 0.938627 0.752409 0.956571 0.248707 0.750544 0.770494 0.359927 0.645617 0.577570 0.114726 0.632928 0.675701 0.675707 0.469501 0.783996 0.290102 0.999328 0.630634 0.555625 0.844223 0.689960 0.652875 0.171794 0.165845 0.204861 0.707261 0.374776 0.021263 0.238223 0.252315 0.488998 0.398310 0.733006 0.490079 0.190022 0.796142 0.409307 0.827143 0.888196 0.861219 0.399362 0.040138 0.052361 0.679283 0.418649 0.373713 0.453932 0.596148 0.071076 0.765956 0.332369 0.968872 0.297666 0.922939 0.597422 0.880580 0.817069 0.525098 0.729464 0.943938 0.433604 0.608859 0.611010 0.658406
0.643489 0.172846 0.105762 0.407285 0.882966 0.086214 0.179557 0.490830 0.357431 0.762873 0.112695 0.876192 0.315194 0.020710 0.858933 0.263633 0.452387 0.305377 0.360535 0.551037 0.457177 0.187405 0.647188 0.814931 0.178705 0.379908 0.282681 0.847575 0.713014 0.832323 0.148557 0.738755 0.094495 0.329068 0.845126 0.964935 0.904378 0.369801 0.418381 0.380197 0.526946 0.396955 0.425055 0.453198 0.568285 0.766956 0.884389 0.363596 0.055132 0.600317 0.602642 0.104980 0.377405 0.455223 0.572948 0.166078 0.740693 0.301571 0.975793 0.974260 0.435055 0.193833 0.537965 0.461661 0.441223 0.915849 0.459478 0.757070 0.099739 0.074673 0.653159 0.984886 0.389021 0.288732 0.614667 0.643405 0.371726 0.060088 0.781660 0.460244 0.184768 0.858582 0.370700 0.199952 0.804087 0.263569 0.556363 0.825571 0.019532 0.129177 0.170374 0.162009 0.133575 0.113130 0.321103 0.061071 0.031694 0.836857 0.957796 0.892621 0.776200 0.534747 0.229276 0.368393 0.640903 0.332355 0.586332 0.682891 0.636435 0.169349 0.338976 0.757910 0.608103 0.948667 0.689998 0.885343 0.212938 0.529695 0.180891 0.428052 0.028160 0.397303 0.076814 0.099425 0.108011 0.114431 0.816092 0.565945 0.222482 0.095949 0.729921 0.855672 0.479994 0.467344 0.159650 0.702514 0.696876 0.343431 0.067703 0.850789 0.838403 0.533809 0.751585 0.556918 0.997834 0.702177 0.215549 0.171742 0.530628 0.981151 0.513584 0.433146 0.120313 0.800010 0.042661 0.816796 0.259535 0.004308 0.053997 0.996245 0.304154 0.618504 0.353771 0.172059 0.503275 0.978704 0.121984 0.729902 0.704709 0.115129 0.996983 0.379521 0.165199 0.107497 0.811829 0.836310 0.109927 0.694555 0.951089 0.401604 0.012364 0.276952 0.148589 0.955900 0.476997 0.498020 0.818719 0.898214 0.673854 0.036641 0.930490 0.138279 0.804622 0.577589 0.270758 0.263502 0.466933 0.596146 0.913490 0.759768
0.197040 0.022183 0.318749 0.953330 0.724725 0.636656 0.924498 0.253836 0.966499 0.403793 0.914384 0.133056 0.516094 0.711528 0.548061 0.570828 0.509466 0.849470 0.524528 0.612253 0.768513 0.993702 0.425600 0.729273 0.396509 0.106641 0.072278 0.606234 0.450560 0.162453 0.627811 0.720239 0.053314 0.341000 0.884313 0.151277 0.553424 0.914805 0.944372 0.833340 0.525723 0.842770 0.406217 0.558321 0.821839 0.969604 0.828268 0.363054 0.061421 0.232207 0.915103 0.322673 0.789008 0.191194 0.599984 0.212839 0.496399 0.579354 0.966727 0.260152 0.671484 0.540549 0.869285 0.650278 0.091571 0.627224 0.940824 0.367018 0.519602 0.885365 0.821147 0.744551 0.360424 0.640549 0.137513 0.980844 0.181634 0.429069 0.658321 0.225029 0.844657 0.987640 0.246859 0.876046 0.953126 0.636687 0.048838 0.360927 0.086501 0.135293 0.812572 0.120053 0.286482 0.464182 0.575675 0.941874 0.246626 0.386072 0.313421 0.796952 0.370661 0.843097 0.035586 0.318560 0.647402 0.954589 0.213157 0.792784 0.033444 0.999017 0.600001 0.409892 0.876306 0.295618 0.689551 0.355073 0.859042 0.306260 0.959317 0.793186 0.199363 0.260270 0.233927 0.814903 0.682197 0.158256 0.781419 0.900006 0.873683 0.353675 0.494115 0.040728 0.770958 0.521648 0.652715 0.094300 0.397581 0.727746 0.416591 0.336247 0.683971 0.587404 0.295941 0.737578 0.446128 0.732281 0.880628 0.317122 0.861283 0.923515 0.255484 0.590696 0.452055 0.288918 0.202339 0.851283 0.204535 0.245093 0.400079 0.514834 0.234643 0.044632 0.664576 0.385821 0.348670 0.850578 0.354356 0.964702 0.749812 0.257514 0.423328 0.641026 0.205338 0.628364 0.954832 0.898944 0.442340 0.095032 0.973343 0.020825 0.439169 0.884170 0.589478 0.896276 0.213609 0.118951 0.732938 0.800740 0.674473 0.325184 0.567525 0.560678 0.669075 0.924972 0.775024 0.604114 0.441271 0.936768 0.390373 0.694595
0.014224 0.335633 0.008666 0.472785 0.811493 0.314853 0.572733 0.562957 0.121557 0.295677 0.540724 0.707283 0.837642 0.928924 0.041180 0.746770 0.988905 0.399205 0.754883 0.105262 0.835896 0.115404 0.597633 0.764238 0.450643 0.596574 0.900774 0.183242 0.201551 0.512359 0.317698 0.407501 0.423896 0.401059 0.337893 0.822004 0.418027 0.369373 0.141002 0.288593 0.152227 0.357725 0.246857 0.015995 0.597452 0.460428 0.822667 0.174606 0.093978 0.775941 0.958669 0.751628 0.897744 0.808115 0.431753 0.370411 0.473766 0.002299 0.431305 0.842146 0.907573 0.082997 0.221710 0.578787 0.204002 0.852420 0.652633 0.354271 0.245877 0.762593 0.444877 0.388685 0.819212 0.508604 0.734039 0.480233 0.424878 0.297498 0.455825 0.252372 0.385157 0.931451 0.800466 0.429123 0.721218 0.307624 0.893446 0.894501 0.991863 0.896888 0.389607 0.827793 0.873087 0.870620 0.837108 0.705226 0.311516 0.404925 0.571509 0.185766 0.951553 0.753059 0.741279 0.502530 0.100086 0.512852 0.421031 0.238982 0.976554 0.330206 0.718953 0.734274 0.782127 0.062841 0.206178 0.418487 0.571597 0.579216 0.469824 0.326111 0.749881 0.473932 0.819599 0.049979 0.237125 0.387116 0.498069 0.184804 0.687172 0.715638 0.333413 0.346745 0.803250 0.111794 0.503965 0.664117 0.697218 0.651095 0.276800 0.573906 0.608669 0.250710 0.169551 0.611694 0.041466 0.747763 0.915073 0.082527 0.043032 0.946050 0.373121 0.852771 0.450018 0.003582 0.833201 0.186220 0.567858 0.093196 0.868191 0.492593 0.008544 0.599463 0.395748 0.036407 0.916066 0.885041 0.703787 0.213547 0.410429 0.993984 0.173923 0.575814 0.491396 0.537753 0.936799 0.854044 0.865088 0.646062 0.178458 0.681444 0.087276 0.134681 0.921787 0.612730 0.369842 0.895568 0.830235 0.351700 0.288108 0.553024 0.105603 0.236721 0.268821 0.598296 0.386595 0.820234 0.255386 0.634177 0.847778 0.344207
0.704920 0.877940 0.846277 0.354742 0.733357 0.137780 0.302488 0.532525 0.353076 0.338917 0.004942 0.308395 0.265429 0.619872 0.616787 0.604686 0.471687 0.455932 0.139677 0.105405 0.943812 0.386235 0.973106 0.228997 0.790702 0.269187 0.130546 0.590185 0.490034 0.022514 0.305929 0.251173 0.301342 0.540547 0.873969 0.657016 0.808456 0.924040 0.321186 0.420115 0.716735 0.504281 0.556385 0.890661 0.358241 0.607276 0.116194 0.555491 0.316543 0.445834 0.332574 0.680961 0.214038 0.568506 0.637715 0.047534 0.725972 0.169060 0.984920 0.545807 0.161382 0.540207 0.617846 0.177969 0.930966 0.398612 0.602889 0.265019 0.518197 0.710854 0.404275 0.123869 0.341224 0.872214 0.833498 0.632994 0.540634 0.063107 0.297544 0.744076 0.775180 0.551614 0.653677 0.352375 0.450328 0.205390 0.380090 0.257667 0.508514 0.437601 0.097050 0.039627 0.890653 0.290406 0.932157 0.550825 0.237475 0.702384 0.615733 0.365915 0.336271 0.828977 0.347296 0.909139 0.335236 0.793996 0.063506 0.882682 0.307421 0.478124 0.398649 0.623608 0.814097 0.545250 0.720569 0.970695 0.630172 0.712819 0.711039 0.982513 0.252782 0.199139 0.400775 0.524029 0.790330 0.822149 0.100642 0.346627 0.661888 0.689728 0.824169 0.985006 0.167049 0.874689 0.746659 0.524454 0.950999 0.995562 0.763094 0.484121 0.050015 0.717127 0.739597 0.114329 0.330536 0.022852 0.724244 0.186773 0.125600 0.815240 0.366338 0.988788 0.062985 0.865040 0.360987 0.714557 0.652949 0.758462 0.733339 0.877118 0.053136 0.956653 0.957010 0.752373 0.395629 0.920149 0.997870 0.096270 0.232462 0.915437 0.079409 0.211980 0.489230 0.566699 0.627717 0.366804 0.132091 0.174929 0.159346 0.193610 0.658984 0.057563 0.101001 0.118825 0.251345 0.098276 0.537151 0.857855 0.326469 0.665526 0.141870 0.130453 0.134619 0.219758 0.111060 0.303442 0.332055 0.163639 0.201381 0.923519
0.797759 0.570720 0.440958 0.218296 0.716408 0.076287 0.752913 0.275067 0.099985 0.236653 0.539566 0.157021 0.100525 0.734122 0.690173 0.744303 0.269128 0.828112 0.765269 0.570338 0.606041 0.449828 0.382790 0.723243 0.000426 0.226316 0.367679 0.320510 0.642015 0.384928 0.169427 0.022283 0.173839 0.396549 0.796470 0.324110 0.348721 0.099595 0.491949 0.803811 0.740735 0.895358 0.848337 0.165535 0.214870 0.202616 0.544554 0.302154 0.506536 0.363666 0.941000 0.344622 0.275383 0.929226 0.493914 0.926109 0.932430 0.700117 0.704392 0.357914 0.522173 0.860899 0.512743 0.142257 0.610059 0.550192 0.918687 0.428414 0.592520 0.218159 0.553518 0.629464 0.869160 0.341742 0.356207 0.935875 0.024726 0.599008 0.421569 0.250390 0.319406 0.932683 0.364280 0.580472 0.962339 0.377366 0.511554 0.706714 0.803993 0.527397 0.656142 0.545314 0.213335 0.756952 0.148620 0.676593 0.907635 0.251665 0.318151 0.741096 0.648517 0.464195 0.128174 0.276357 0.940317 0.499913 0.564261 0.845985 0.232015 0.392015 0.632046 0.623027 0.671328 0.490233 0.883669 0.409567 0.442369 0.893637 0.683066 0.384164 0.247710 0.676328 0.589784 0.984015 0.899494 0.047491 0.389124 0.283937 0.592010 0.910013 0.982849 0.438345 0.667965 0.846094 0.811951 0.724181 0.278738 0.082933 0.371315 0.270203 0.862100 0.508606 0.283960 0.366162 0.399291 0.951116 0.004819 0.750514 0.297791 0.088863 0.327515 0.402890 0.942749 0.177196 0.780901 0.506892 0.460912 0.304936 0.430797 0.657157 0.242962 0.827658 0.744928 0.664056 0.801535 0.978557 0.672638 0.935808 0.721095 0.552372 0.128755 0.710722 0.351367 0.734440 0.363213 0.069685 0.323503 0.008884 0.127737 0.708662 0.823136 0.388701 0.612166 0.494289 0.921284 0.757140 0.775650 0.603800 0.599091 0.077097 0.930435 0.522292 0.580470 0.160798 0.283083 0.862595 0.984445 0.677234 0.782892 0.617273
0.966772 0.896233 0.212242 0.220215 0.974056 0.088668 0.440578 0.944098 0.526561 0.488842 0.480527 0.467010 0.160214 0.272839 0.781609 0.521532 0.109439 0.135634 0.494596 0.895584 0.826182 0.935846 0.185380 0.624437 0.711770 0.126177 0.670220 0.379584 0.168472 0.302620 0.700907 0.676701 0.671369 0.362854 0.099653 0.865012 0.674967 0.467582 0.550929 0.301459 0.117509 0.433520 0.889643 0.450779 0.327626 0.439476 0.983734 0.633380 0.600915 0.068399 0.057105 0.504559 0.786211 0.283353 0.896747 0.549748 0.077439 0.194337 0.167121 0.024427 0.284070 0.973610 0.863811 0.094541 0.009825 0.421042 0.708287 0.628757 0.374778 0.701157 0.873962 0.117662 0.569137 0.072402 0.711670 0.741755 0.542247 0.348763 0.268568 0.056401 0.125410 0.808721 0.428577 0.336208 0.978032 0.946952 0.122307 0.571726 0.566825 0.965145 0.772023 0.552130 0.103760 0.902997 0.217357 0.766740 0.754251 0.283238 0.877788 0.155458 0.097309 0.864806 0.852021 0.868514 0.347318 0.306343 0.240604 0.223215 0.913103 0.138185 0.348500 0.809485 0.835979 0.504523 0.952338 0.889237 0.041261 0.145506 0.025832 0.007705 0.096205 0.697504 0.261205 0.400842 0.144710 0.808870 0.631444 0.777922 0.121326 0.573861 0.377654 0.456142 0.473135 0.626643 0.883261 0.762144 0.325674 0.357155 0.187132 0.589384 0.659968 0.517596 0.926648 0.802055 0.136677 0.270733 0.374074 0.309375 0.466818 0.161880 0.341477 0.221842 0.612716 0.767514 0.181424 0.462486 0.920192 0.795202 0.267712 0.712880 0.906080 0.249893 0.459413 0.781310 0.510992 0.440523 0.996348 0.187723 0.455699 0.810248 0.794907 0.482166 0.142265 0.817842 0.461056 0.070631 0.207952 0.091746 0.693190 0.120310 0.454706 0.820943 0.222786 0.440692 0.009915 0.807612 0.758985 0.179341 0.075513 0.073131 0.250783 0.239901 0.648447 0.511995 0.996053 0.026139 0.366858 0.163495 0.711290 0.450397
0.911095 0.165577 0.836450 0.331023 0.990411 0.866116 0.144538 0.455046 0.842212 0.256512 0.313429 0.247363 0.481519 0.972216 0.273920 0.524582 0.334233 0.023827 0.973229 0.135522 0.500590 0.958713 0.123506 0.989726 0.390533 0.015132 0.600220 0.388395 0.553835 0.605169 0.353472 0.591029 0.293182 0.712036 0.363452 0.201370 0.643510 0.233527 0.148609 0.201683 0.420814 0.447149 0.168805 0.588119 0.266151 0.062086 0.170091 0.916858 0.482864 0.095746 0.702274 0.575332 0.183851 0.793450 0.790484 0.600820 0.187659 0.665483 0.910282 0.377572 0.895637 0.292151 0.309799 0.328722 0.087732 0.938234 0.105273 0.976468 0.568024 0.706803 0.306941 0.140620 0.713351 0.591542 0.235871 0.821257 0.571991 0.636145 0.912952 0.281988 0.754531 0.429083 0.256469 0.656676 0.626971 0.604096 0.156842 0.637119 0.476096 0.746156 0.183992 0.068006 0.440054 0.685916 0.755368 0.757470 0.078036 0.496553 0.044063 0.269965 0.287873 0.395601 0.476374 0.916819 0.984475 0.776768 0.129955 0.520020 0.879998 0.588352 0.023253 0.919163 0.259695 0.258261 0.147762 0.609823 0.338727 0.332016 0.486769 0.724689 0.635652 0.344606 0.802527 0.686587 0.044630 0.445734 0.532943 0.458364 0.939857 0.736812 0.378251 0.532405 0.897214 0.302407 0.389576 0.896395 0.324898 0.625755 0.045983 0.951992 0.891403 0.603047 0.958774 0.598579 0.632842 0.424616 0.827965 0.030189 0.596505 0.640917 0.843235 0.314745 0.259603 0.049100 0.675497 0.355257 0.635382 0.022708 0.413419 0.927472 0.488453 0.764041 0.601469 0.047884 0.707095 0.253616 0.870995 0.552646 0.760338 0.335440 0.609016 0.220154 0.774534 0.931261 0.589334 0.311830 0.419291 0.377978 0.845150 0.014979 0.296022 0.075547 0.208768 0.422147 0.747784 0.813794 0.671396 0.435036 0.649238 0.476337 0.900802 0.279854 0.912734 0.496555 0.423085 0.456400 0.645286 0.800400 0.192342 0.827591
0.997534 0.307674 0.159966 0.184075 0.225772 0.033258 0.746682 0.096677 0.962096 0.254246 0.122286 0.681416 0.639431 0.589800 0.268567 0.642241 0.898153 0.326619 0.724832 0.923620 0.770166 0.104111 0.634778 0.962325 0.950203 0.740161 0.971771 0.021405 0.894472 0.979919 0.701423 0.051000 0.673852 0.740569 0.346656 0.127842 0.805679 0.715951 0.244680 0.382683 0.186749 0.331441 0.985826 0.838165 0.851405 0.815997 0.259511 0.322505 0.767400 0.110170 0.762418 0.036971 0.491086 0.822271 0.492147 0.553696 0.815982 0.398100 0.580780 0.659251 0.656532 0.348986 0.311359 0.848932 0.222983 0.122954 0.458394 0.876292 0.286906 0.170391 0.602918 0.347644 0.831542 0.879012 0.042433 0.996984 0.539399 0.301392 0.854667 0.329405 0.346799 0.154230 0.248081 0.808392 0.100507 0.818627 0.498247 0.813096 0.014536 0.840939 0.221816 0.747072 0.632338 0.383384 0.334241 0.865227 0.857529 0.605278 0.764235 0.216767 0.213017 0.076297 0.968963 0.780410 0.222990 0.336633 0.503151 0.962652 0.123243 0.549749 0.908400 0.200391 0.712741 0.100928 0.375280 0.467421 0.572085 0.146396 0.096291 0.869363 0.678112 0.461725 0.907853 0.738652 0.097768 0.392303 0.687860 0.652695 0.570264 0.354254 0.714358 0.345008 0.738705 0.228088 0.536566 0.914770 0.809334 0.079139 0.897991 0.389759 0.846023 0.334582 0.995738 0.793851 0.606698 0.889772 0.827735 0.861782 0.949298 0.680673 0.302754 0.731970 0.823385 0.806028 0.853861 0.461994 0.113115 0.129350 0.987725 0.228889 0.256822 0.452461 0.367410 0.824802 0.839824 0.663595 0.912790 0.049700 0.314144 0.639420 0.712418 0.452347 0.412056 0.158848 0.828800 0.420494 0.309858 0.391493 0.504236 0.446428 0.584589 0.438056 0.168149 0.497097 0.404750 0.085326 0.119450 0.111443 0.264808 0.701949 0.601011 0.606133 0.926716 0.103049 0.208794 0.983864 0.348041 0.894979 0.630923 0.886418
0.358953 0.458205 0.458864 0.365517 0.822120 0.734638 0.241140 0.349518 0.790242 0.128865 0.969556 0.679347 0.767577 0.822453 0.355272 0.266592 0.172524 0.565269 0.332173 0.899998 0.619303 0.047504 0.956958 0.015275 0.354275 0.941001 0.952328 0.791186 0.532301 0.443610 0.291226 0.501880 0.334499 0.997915 0.312869 0.652219 0.022825 0.497564 0.030516 0.006678 0.698875 0.589621 0.549808 0.176134 0.907217 0.088470 0.071981 0.675476 0.231218 0.940696 0.434952 0.103038 0.803180 0.431107 0.524474 0.021490 0.023177 0.507084 0.244706 0.581663 0.284855 0.996840 0.799522 0.697623 0.025840 0.297755 0.608320 0.998267 0.083027 0.281236 0.936507 0.465892 0.886327 0.824279 0.352872 0.914587 0.748383 0.891388 0.634896 0.424649 0.807686 0.818125 0.758541 0.315662 0.012012 0.561477 0.417686 0.192516 0.714720 0.227645 0.334466 0.846082 0.513497 0.939764 0.046925 0.579601 0.251504 0.127252 0.255616 0.377796 0.806481 0.091030 0.864178 0.024705 0.811091 0.928680 0.136651 0.933890 0.053003 0.877787 0.102503 0.067132 0.791874 0.940912 0.455794 0.659330 0.715587 0.985240 0.098767 0.694359 0.377495 0.871503 0.541143 0.430278 0.212942 0.711149 0.833433 0.471953 0.361114 0.719684 0.658338 0.101793 0.522384 0.171193 0.025283 0.984535 0.915781 0.886946 0.943701 0.093755 0.398285 0.859079 0.721458 0.584317 0.522631 0.237333 0.086927 0.574052 0.347670 0.638742 0.603813 0.621241 0.445397 0.117495 0.886862 0.051681 0.580531 0.928279 0.901503 0.313003 0.407385 0.064247 0.222772 0.069325 0.034144 0.621328 0.471127 0.277826 0.215515 0.007296 0.107330 0.863347 0.500300 0.062692 0.442819 0.103934 0.464817 0.558351 0.930911 0.275188 0.841523 0.089979 0.036171 0.688956 0.973459 0.308220 0.014188 0.896755 0.763877 0.561887 0.528635 0.647138 0.321715 0.580436 0.235502 0.202963 0.908776 0.962344 0.192436 0.467050
0.356063 0.678800 0.034784 0.867204 0.730549 0.476886 0.419446 0.261813 0.271050 0.833357 0.500074 0.633067 0.838813 0.280340 0.022508 0.760035 0.243364 0.527643 0.594354 0.237246 0.496979 0.576398 0.613941 0.711871 0.519232 0.520593 0.498296 0.202368 0.548102 0.227802 0.215123 0.245348 0.919335 0.102993 0.892405 0.686865 0.704279 0.530353 0.388557 0.661743 0.886357 0.113838 0.786898 0.451938 0.693873 0.239564 0.918490 0.975388 0.853648 0.846759 0.384536 0.390341 0.652965 0.688554 0.113334 0.690702 0.376661 0.596350 0.441929 0.485550 0.300832 0.454692 0.484833 0.056071 0.755088 0.275197 0.299854 0.607823 0.630705 0.020246 0.195154 0.325527 0.581714 0.176373 0.656430 0.723813 0.714330 0.295710 0.622078 0.710906 0.579479 0.618727 0.638660 0.418674 0.376753 0.885686 0.488096 0.528119 0.951419 0.523208 0.702836 0.765569 0.836770 0.122022 0.325881 0.573580 0.514529 0.408243 0.578818 0.337962 0.842184 0.403629 0.124664 0.565111 0.004455 0.889784 0.543473 0.003004 0.393442 0.603270 0.587777 0.606794 0.411203 0.207244 0.316537 0.171764 0.164317 0.616338 0.506999 0.815889 0.988054 0.803751 0.988578 0.665343 0.527000 0.754075 0.010824 0.445614 0.165316 0.076116 0.055702 0.206088 0.525923 0.511102 0.611373 0.666912 0.962284 0.888643 0.636726 0.559987 0.003729 0.757164 0.298183 0.753650 0.217305 0.797068 0.420935 0.095193 0.335206 0.579496 0.953340 0.012598 0.191657 0.760275 0.483701 0.976672 0.078620 0.991994 0.726395 0.836314 0.505775 0.663199 0.743040 0.269781 0.329229 0.920715 0.297055 0.344633 0.493509 0.199826 0.746160 0.530450 0.756041 0.501192 0.840749 0.615938 0.277479 0.498712 0.235437 0.561110 0.868968 0.348735 0.177820 0.263857 0.458975 0.592507 0.048808 0.948960 0.521370 0.327891 0.362936 0.793217 0.067181 0.084118 0.255520 0.041449 0.128107 0.495579 0.740822 0.272055
0.991859 0.239837 0.985285 0.531807 0.552133 0.450054 0.098976 0.890877 0.225831 0.030331 0.863234 0.003687 0.203308 0.060180 0.574101 0.055735 0.168029 0.718419 0.171480 0.014842 0.828109 0.041819 0.532893 0.249869 0.166096 0.511088 0.640836 0.398468 0.824138 0.434448 0.323213 0.672789 0.942490 0.748144 0.635106 0.864892 0.146457 0.539538 0.858831 0.579158 0.466374 0.395953 0.712904 0.570592 0.830360 0.057104 0.608131 0.458355 0.076544 0.935453 0.880772 0.962346 0.267083 0.189770 0.263262 0.518377 0.038163 0.181840 0.961063 0.884375 0.179334 0.222928 0.563357 0.191375 0.460133 0.970470 0.103671 0.224877 0.986817 0.919708 0.213762 0.280474 0.431634 0.046425 0.754455 0.628006 0.165612 0.193504 0.766295 0.942535 0.591753 0.319206 0.676588 0.459244 0.977054 0.128513 0.879832 0.929039 0.242085 0.967113 0.821738 0.845701 0.795656 0.229594 0.195849 0.618742 0.886613 0.732107 0.793852 0.324270 0.467653 0.140933 0.213196 0.742804 0.347407 0.601503 0.968022 0.194147 0.418495 0.485201 0.027732 0.733013 0.363420 0.339156 0.992124 0.013834 0.750124 0.705782 0.157461 0.260528 0.089901 0.388711 0.674795 0.150624 0.096196 0.902665 0.962508 0.791287 0.884157 0.816304 0.066861 0.920748 0.786009 0.792438 0.022277 0.671210 0.514111 0.340435 0.014127 0.230065 0.171507 0.687504 0.693068 0.478624 0.564486 0.620617 0.293742 0.356285 0.193514 0.286624 0.623680 0.196307 0.567880 0.286339 0.352094 0.338319 0.101340 0.920100 0.416182 0.116131 0.923433 0.961469 0.328397 0.035713 0.426775 0.236961 0.455637 0.980217 0.465051 0.025576 0.631569 0.190805 0.684416 0.219768 0.798476 0.312985 0.780674 0.261792 0.869918 0.411799 0.014595 0.967178 0.046262 0.847622 0.221807 0.533511 0.006802 0.247622 0.573744 0.064759 0.145345 0.566105 0.659771 0.593409 0.240435 0.279692 0.074956 0.193675 0.642003 0.710476
0.591574 0.710743 0.223044 0.290861 0.559832 0.663937 0.479819 0.789235 0.974826 0.597683 0.686799 0.900382 0.339708 0.454332 0.220529 0.221513 0.054319 0.522692 0.071074 0.279056 0.403635 0.550794 0.084929 0.347982 0.886533 0.854761 0.322762 0.516936 0.864743 0.396866 0.721252 0.949892 0.482745 0.331320 0.590067 0.406513 0.830275 0.857363 0.550324 0.469300 0.274847 0.058750 0.183947 0.021847 0.331230 0.581214 0.170273 0.558686 0.003325 0.219218 0.712125 0.390611 0.463475 0.680080 0.660413 0.954952 0.984995 0.692839 0.887960 0.334648 0.958594 0.490922 0.703467 0.803009 0.508055 0.868137 0.902252 0.178876 0.570274 0.916008 0.659141 0.231292 0.319771 0.333231 0.468239 0.758187 0.326983 0.455853 0.098323 0.153097 0.903189 0.505727 0.545531 0.128765 0.727876 0.013791 0.630252 0.553370 0.117453 0.951555 0.130549 0.857378 0.793882 0.335549 0.576101 0.982752 0.994504 0.243697 0.010224 0.476209 0.426646 0.790128 0.709315 0.211770 0.283016 0.811407 0.787109 0.942809 0.118797 0.085857 0.529927 0.810491 0.331390 0.877893 0.607202 0.330154 0.247510 0.062909 0.886820 0.161912 0.782096 0.274550 0.169745 0.900179 0.139146 0.132831 0.761928 0.007301 0.448891 0.335113 0.152085 0.423417 0.802352 0.959949 0.474179 0.267520 0.697715 0.344033 0.964093 0.751169 0.559901 0.112183 0.952094 0.201992 0.803200 0.616786 0.879977 0.193729 0.221304 0.530948 0.981035 0.869270 0.698956 0.069114 0.018249 0.163694 0.613637 0.536175 0.301304 0.473730 0.968621 0.808557 0.052572 0.992104 0.949935 0.826400 0.668184 0.731011 0.993178 0.334220 0.707340 0.943512 0.356722 0.731423 0.053063 0.760201 0.491797 0.774093 0.784117 0.426266 0.734716 0.172153 0.913137 0.301470 0.196714 0.029854 0.431610 0.074559 0.646519 0.584996 0.958267 0.095627 0.825502 0.276369 0.740760 0.688062 0.168370 0.695578 0.954451 0.471854
0.978216 0.918880 0.276842 0.259185 0.287009 0.376076 0.991567 0.257917 0.040183 0.355380 0.621109 0.348768 0.334060 0.701509 0.060391 0.601342 0.088735 0.947434 0.041109 0.124965 0.978546 0.453746 0.681617 0.030170 0.070467 0.338143 0.813970 0.040317 0.244119 0.599303 0.239634 0.068076 0.889671 0.235279 0.128549 0.537200 0.185666 0.427630 0.016112 0.801176 0.091879 0.770646 0.041105 0.992619 0.986326 0.441885 0.465064 0.074619 0.499090 0.205633 0.318182 0.514409 0.834761 0.613840 0.086105 0.443815 0.963239 0.502492 0.338728 0.984065 0.840239 0.883751 0.334901 0.437035 0.883056 0.795652 0.431955 0.162003 0.178667 0.164690 0.459138 0.147656 0.491680 0.007650 0.017100 0.537959 0.000870 0.754026 0.194071 0.895337 0.599945 0.878675 0.443444 0.178309 0.113653 0.040946 0.864507 0.271501 0.039707 0.341107 0.526045 0.268992 0.329252 0.609764 0.660726 0.397271 0.949659 0.001864 0.854202 0.355404 0.794686 0.055705 0.597564 0.320204 0.363002 0.482406 0.047710 0.547140 0.721639 0.846117 0.171496 0.634568 0.015144 0.426687 0.572108 0.738650 0.082994 0.743922 0.944511 0.957174 0.824621 0.769990 0.442109 0.552641 0.872949 0.752236 0.778735 0.834663 0.351896 0.456423 0.213196 0.531793 0.868083 0.175051 0.193317 0.254424 0.820988 0.454248 0.807796 0.655765 0.650186 0.770133 0.737791 0.716109 0.648229 0.469323 0.197169 0.441533 0.648968 0.209067 0.432406 0.152985 0.662393 0.143153 0.337123 0.192119 0.816016 0.684072 0.056979 0.270108 0.279503 0.894203 0.546879 0.141407 0.299156 0.729453 0.021178 0.098240 0.791261 0.935423 0.999040 0.691465 0.294970 0.967536 0.056771 0.547672 0.702735 0.551165 0.686403 0.943525 0.203150 0.917057 0.069147 0.777581 0.533676 0.225360 0.280655 0.255756 0.470299 0.596516 0.382867 0.863851 0.238418 0.466044 0.967150 0.323629 0.237716 0.330918 0.260761 0.471612
0.346906 0.474304 0.850631 0.363306 0.578263 0.851075 0.169373 0.690682 0.064462 0.897895 0.408198 0.000344 0.030768 0.150001 0.009614 0.838039 0.343435 0.347896 0.758959 0.932525 0.616757 0.035621 0.237732 0.820242 0.468016 0.164836 0.726635 0.105974 0.822240 0.467689 0.506566 0.346706 0.644681 0.366082 0.959619 0.580299 0.799644 0.740447 0.862324 0.076452 0.875581 0.224201 0.130021 0.748673 0.054094 0.782390 0.556726 0.079655 0.656619 0.700658 0.864223 0.228323 0.614706 0.831570 0.447704 0.001874 0.246961 0.934625 0.867556 0.508189 0.179944 0.957148 0.248736 0.163350 0.700650 0.117010 0.913559 0.855815 0.769184 0.407281 0.046060 0.957036 0.872465 0.255226 0.390235 0.183764 0.429811 0.915682 0.693124 0.275253 0.927239 0.386635 0.654868 0.509447 0.728519 0.634549 0.474441 0.528895 0.905902 0.810751 0.960046 0.923087 0.955089 0.511534 0.497048 0.175873 0.065379 0.520078 0.252873 0.809671 0.753432 0.472028 0.520837 0.766493 0.145633 0.152676 0.930639 0.756798 0.862153 0.689725 0.928045 0.970807 0.016023 0.836605 0.643719 0.299454 0.912583 0.301954 0.414765 0.415093 0.112998 0.854083 0.535160 0.318579 0.410121 0.467378 0.281968 0.670760 0.103111 0.637206 0.756546 0.559030 0.552312 0.174591 0.034234 0.982243 0.503471 0.913914 0.849726 0.375216 0.451551 0.377474 0.405002 0.811132 0.285651 0.912746 0.826100 0.488777 0.788858 0.836327 0.547182 0.935789 0.827039 0.040565 0.956900 0.704805 0.999065 0.758575 0.557491 0.058066 0.954723 0.085389 0.442849 0.009118 0.802382 0.353877 0.936626 0.889500 0.918844 0.616615 0.523833 0.201884 0.511013 0.324561 0.234441 0.774142 0.782516 0.051046 0.618610 0.745114 0.407277 0.836424 0.582172 0.075963 0.021954 0.438485 0.813983 0.064915 0.319107 0.635300 0.691437 0.921539 0.519577 0.382130 0.549737 0.811682 0.667054 0.480626 0.427149 0.603112
0.993246 0.677300 0.148724 0.676215 0.369764 0.617046 0.075436 0.975732 0.720829 0.785197 0.272764 0.409165 0.888875 0.697769 0.325576 0.253531 0.413850 0.444588 0.411786 0.304237 0.496690 0.304639 0.473553 0.244948 0.832737 0.495799 0.461584 0.329927 0.241551 0.232903 0.043995 0.748104 0.417204 0.529760 0.766740 0.366539 0.587612 0.997306 0.920855 0.701781 0.418444 0.548841 0.095952 0.495276 0.009546 0.591917 0.399022 0.137842 0.041317 0.156714 0.413100 0.204221 0.877293 0.420293 0.355862 0.383491 0.692788 0.460468 0.123928 0.637274 0.950259 0.518087 0.807315 0.105344 0.076150 0.431434 0.829564 0.075397 0.863342 0.364410 0.468153 0.639878 0.390156 0.468279 0.787307 0.362867 0.666007 0.263004 0.119329 0.488970 0.106512 0.281999 0.274852 0.843748 0.078639 0.448010 0.523697 0.814988 0.275971 0.420666 0.417537 0.543954 0.263090 0.679336 0.951105 0.601416 0.400760 0.688555 0.752104 0.371536 0.429544 0.717463 0.213411 0.475533 0.823508 0.519515 0.592315 0.804334 0.152691 0.559768 0.548745 0.327446 0.738237 0.902591 0.745853 0.109679 0.769887 0.007823 0.257338 0.589291 0.875214 0.193933 0.645188 0.747501 0.243581 0.480830 0.629615 0.788553 0.263361 0.007679 0.572424 0.889267 0.746305 0.134857 0.404218 0.315935 0.516207 0.437573 0.059160 0.178527 0.867041 0.929324 0.286024 0.852537 0.389930 0.366601 0.153952 0.831120 0.473989 0.143004 0.193023 0.165559 0.659432 0.408466 0.774406 0.382745 0.516707 0.875358 0.330780 0.896039 0.570960 0.822507 0.920802 0.764822 0.981418 0.167829 0.452069 0.293526 0.944066 0.075965 0.842920 0.060812 0.673003 0.973439 0.000849 0.077005 0.693276 0.403011 0.388684 0.818212 0.727577 0.457867 0.879770 0.125579 0.053782 0.436405 0.785734 0.515546 0.208861 0.849609 0.838013 0.457685 0.297683 0.557396 0.107752 0.006431 0.518311 0.494361 0.769213 0.474081
0.132158 0.464193 0.013003 0.823615 0.607646 0.996242 0.659997 0.533047 0.081024 0.273788 0.495808 0.923660 0.027848 0.735570 0.345286 0.559694 0.423257 0.675387 0.771595 0.996321 0.073888 0.543667 0.807918 0.069969 0.979768 0.877937 0.816309 0.929356 0.622474 0.166479 0.843262 0.932796 0.656986 0.340877 0.531191 0.937178 0.721569 0.747147 0.020743 0.502598 0.896783 0.851784 0.209473 0.406012 0.467449 0.091314 0.885685 0.989764 0.031997 0.295338 0.622503 0.023758 0.779064 0.186201 0.306711 0.109391 0.879234 0.632412 0.616238 0.611630 0.291866 0.482392 0.715986 0.099118 0.801887 0.126156 0.169945 0.657447 0.713906 0.070100 0.380644 0.051064 0.709829 0.514240 0.621494 0.509293 0.599101 0.203463 0.212345 0.215470 0.407503 0.661489 0.728129 0.667498 0.191657 0.174277 0.892399 0.761003 0.937563 0.452240 0.401242 0.384977 0.336337 0.575715 0.708915 0.127476 0.631669 0.743820 0.519107 0.467816 0.192543 0.233322 0.425184 0.356218 0.307964 0.611806 0.950200 0.201951 0.953814 0.045421 0.000962 0.001662 0.841279 0.146783 0.127454 0.298133 0.865045 0.492437 0.072835 0.906704 0.175824 0.437963 0.408053 0.212845 0.741667 0.832055 0.777898 0.423697 0.475624 0.470536 0.303185 0.799704 0.988440 0.617366 0.483733 0.613493 0.661987 0.691150 0.089417 0.119120 0.722005 0.269861 0.224826 0.472674 0.155962 0.545080 0.461361 0.890823 0.103416 0.685440 0.763285 0.692395 0.784853 0.490462 0.113718 0.276457 0.287050 0.098668 0.337112 0.839662 0.256124 0.595284 0.155210 0.097774 0.738159 0.456256 0.856020 0.366919 0.699735 0.546953 0.775368 0.905933 0.929801 0.227559 0.273712 0.762990 0.528349 0.248909 0.116626 0.708249 0.497781 0.982639 0.250270 0.760301 0.482766 0.835686 0.428778 0.731431 0.625356 0.734846 0.513772 0.133302 0.214221 0.502142 0.342508 0.386748 0.401969 0.009508 0.839952 0.934328
0.719567 0.624336 0.289892 0.615485 0.141428 0.175581 0.516872 0.811046 0.676154 0.069783 0.642091 0.401865 0.615194 0.584195 0.438758 0.690975 0.471328 0.994859 0.903011 0.081819 0.237638 0.875524 0.885253 0.825484 0.891715 0.092319 0.908112 0.894492 0.317642 0.061991 0.100001 0.733511 0.239137 0.732646 0.245041 0.503201 0.230430 0.485464 0.247820 0.935386 0.119771 0.293498 0.092872 0.093310 0.220796 0.541619 0.601725 0.043692 0.059336 0.771355 0.304161 0.818028 0.715137 0.537306 0.152830 0.488998 0.173247 0.998175 0.519031 0.593391 0.853720 0.380148 0.299885 0.650760 0.249479 0.429352 0.920529 0.726301 0.904276 0.790388 0.830949 0.815865 0.762477 0.078996 0.703761 0.324870 0.028022 0.341763 0.406050 0.617444 0.672658 0.653227 0.862916 0.973012 0.113325 0.722132 0.076502 0.840619 0.773928 0.248181 0.395678 0.921108 0.999602 0.009158 0.980262 0.794254 0.615855 0.751481 0.823031 0.962489 0.953418 0.054312 0.772181 0.946172 0.403485 0.134414 0.577387 0.671115 0.268330 0.955266 0.716087 0.032599 0.502092 0.845640 0.039938 0.981996 0.474515 0.552155 0.959770 0.363313 0.224534 0.311119 0.460960 0.858939 0.573952 0.305575 0.522550 0.287174 0.511069 0.229187 0.142108 0.549590 0.273194 0.849183 0.539991 0.644110 0.066686 0.846486 0.698315 0.133986 0.922020 0.141996 0.412220 0.476870 0.014758 0.868953 0.442566 0.457529 0.029928 0.600357 0.497431 0.227525 0.648719 0.373885 0.567917 0.473776 0.930689 0.858739 0.238827 0.530737 0.124383 0.026604 0.208515 0.361067 0.549560 0.229203 0.294356 0.974988 0.273017 0.617367 0.240234 0.362149 0.854559 0.156206 0.394943 0.504489 0.256453 0.671088 0.566388 0.228760 0.510651 0.137426 0.755082 0.268862 0.696682 0.522291 0.817352 0.170055 0.285172 0.124332 0.309070 0.660793 0.339577 0.516485 0.147502 0.782553 0.120628 0.687684 0.603492 0.037226
0.059812 0.291071 0.724905 0.107540 0.247524 0.723058 0.048704 0.802865 0.987103 0.426497 0.368102 0.547320 0.320646 0.368458 0.039600 0.574154 0.522768 0.059065 0.082665 0.295874 0.535345 0.184282 0.826206 0.816847 0.377327 0.675368 0.561049 0.949736 0.024931 0.229874 0.371673 0.190989 0.233784 0.286375 0.262788 0.161286 0.515758 0.119985 0.878531 0.632791 0.727690 0.258027 0.075746 0.165522 0.011631 0.176793 0.851349 0.099999 0.185613 0.157693 0.140599 0.940298 0.843158 0.516274 0.235663 0.116960 0.054954 0.809873 0.964152 0.921789 0.041883 0.948615 0.573974 0.824495 0.328860 0.529980 0.388998 0.695310 0.350213 0.977616 0.458883 0.322149 0.480940 0.714386 0.846630 0.186580 0.766232 0.137745 0.104536 0.083026 0.553982 0.168600 0.586129 0.340229 0.178312 0.622166 0.820813 0.090212 0.905833 0.345704 0.762945 0.935933 0.651817 0.496865 0.626084 0.580599 0.074550 0.007776 0.202615 0.075353 0.121697 0.006368 0.550890 0.991949 0.785246 0.957932 0.410584 0.750094 0.899037 0.723206 0.862588 0.222276 0.279624 0.014844 0.404596 0.180591 0.452734 0.100182 0.425919 0.365602 0.877019 0.863607 0.947002 0.285075 0.472273 0.663398 0.318717 0.092256 0.206858 0.794912 0.678293 0.149326 0.466965 0.773956 0.717095 0.638870 0.370811 0.738717 0.936976 0.892660 0.080695 0.221516 0.728716 0.572162 0.941238 0.108186 0.286412 0.297605 0.427615 0.064337 0.890027 0.992675 0.377116 0.304087 0.492601 0.952778 0.923598 0.386968 0.689651 0.356176 0.726031 0.420848 0.492369 0.550526 0.664254 0.740233 0.806072 0.253008 0.941289 0.422208 0.582531 0.860555 0.149769 0.278650 0.790578 0.173087 0.687108 0.601434 0.951569 0.201126 0.517442 0.752645 0.286997 0.226748 0.490576 0.622391 0.104128 0.773758 0.249598 0.512163 0.958341 0.605831 0.896364 0.432866 0.372321 0.605120 0.970051 0.805499 0.560407 0.047199
0.990533 0.234837 0.248807 0.869652 0.132473 0.686351 0.268802 0.982075 0.719273 0.735149 0.281019 0.409518 0.224304 0.353613 0.342980 0.692154 0.005984 0.392209 0.280221 0.359371 0.635857 0.357409 0.376417 0.115984 0.443164 0.702289 0.303939 0.817749 0.864607 0.874558 0.730061 0.334534 0.154954 0.483069 0.482248 0.544403 0.218005 0.219141 0.074323 0.310478 0.569618 0.654702 0.150912 0.563878 0.985215 0.604977 0.443096 0.091038 0.787575 0.496428 0.748827 0.742265 0.948340 0.869758 0.659719 0.871724 0.841889 0.908299 0.670147 0.124087 0.631476 0.164480 0.704444 0.584942 0.925057 0.678923 0.756382 0.492630 0.044912 0.775653 0.047405 0.597691 0.701007 0.960122 0.053500 0.472171 0.533844 0.895783 0.030636 0.126987 0.256624 0.358716 0.052539 0.654457 0.914697 0.653870 0.649566 0.314656 0.360712 0.057754 0.527936 0.725546 0.645173 0.607358 0.255300 0.787993 0.991426 0.020372 0.157730 0.578715 0.673391 0.305684 0.657003 0.105976 0.659262 0.083737 0.110412 0.397840 0.247044 0.856668 0.172431 0.251516 0.972912 0.843730 0.382843 0.927566 0.292066 0.180940 0.011073 0.539974 0.604561 0.768663 0.973171 0.361102 0.422785 0.561917 0.274159 0.534280 0.131395 0.735692 0.191169 0.313588 0.996731 0.381512 0.434372 0.618047 0.954173 0.875308 0.166569 0.779240 0.460388 0.676410 0.772410 0.171525 0.509468 0.565947 0.425309 0.561190 0.067602 0.033941 0.750856 0.348531 0.404648 0.096295 0.163636 0.563144 0.080315 0.486652 0.863966 0.740422 0.685613 0.478232 0.647519 0.745068 0.413533 0.056191 0.601086 0.672071 0.543913 0.200920 0.876985 0.894889 0.135542 0.240485 0.510946 0.253082 0.760969 0.475813 0.023951 0.457237 0.975404 0.627638 0.035979 0.104455 0.893873 0.819317 0.530698 0.085757 0.609547 0.425982 0.169941 0.807998 0.150426 0.148101 0.266856 0.122427 0.326470 0.936431 0.977208 0.746588
0.678163 0.011103 0.848468 0.219132 0.946271 0.986457 0.218871 0.670363 0.604449 0.405221 0.385359 0.059315 0.790244 0.218174 0.352787 0.959564 0.519488 0.045953 0.561562 0.685347 0.633871 0.805422 0.762800 0.961387 0.531649 0.884996 0.044830 0.937033 0.135661 0.234175 0.692687 0.162322 0.329786 0.934510 0.882564 0.281414 0.136820 0.529982 0.051449 0.818557 0.898006 0.820629 0.608442 0.845798 0.830420 0.189560 0.797832 0.167536 0.812677 0.862579 0.728117 0.368295 0.291282 0.712763 0.767274 0.305871 0.473485 0.347103 0.235164 0.578613 0.127536 0.497590 0.067364 0.946000 0.341845 0.854265 0.153345 0.085598 0.382569 0.913420 0.997647 0.181608 0.161530 0.673223 0.203775 0.266864 0.546149 0.052355 0.275898 0.701097 0.179494 0.194762 0.237422 0.088470 0.299171 0.403230 0.632908 0.202032 0.548359 0.600366 0.801706 0.112863 0.360409 0.389299 0.288426 0.977956 0.916118 0.467408 0.320650 0.507282 0.536620 0.602152 0.788684 0.844136 0.976031 0.384171 0.936579 0.260157 0.791677 0.080228 0.041296 0.019797 0.745123 0.664213 0.834447 0.610079 0.846329 0.268439 0.905439 0.169251 0.168399 0.358074 0.220916 0.339889 0.906790 0.500884 0.211836 0.772490 0.675244 0.301054 0.113673 0.038129 0.210858 0.993945 0.075041 0.390273 0.711734 0.931836 0.213688 0.143529 0.362512 0.703993 0.888794 0.479817 0.648480 0.296288 0.871475 0.497617 0.002193 0.594875 0.164023 0.284606 0.243826 0.167017 0.145280 0.066018 0.665371 0.108038 0.685241 0.380364 0.997390 0.693609 0.802958 0.838780 0.756096 0.733776 0.534652 0.799834 0.255687 0.393749 0.624433 0.310934 0.845675 0.708554 0.560027 0.638176 0.239028 0.098832 0.405068 0.414977 0.844276 0.976838 0.507415 0.451213 0.027085 0.966464 0.758274 0.109986 0.200271 0.470505 0.979522 0.559958 0.725315 0.415891 0.218607 0.992159 0.158300 0.193170 0.630144 0.842728
0.114391 0.232343 0.343070 0.708155 0.629619 0.176147 0.466354 0.608141 0.571791 0.403061 0.059649 0.739435 0.328875 0.784725 0.524158 0.515458 0.194725 0.085616 0.582103 0.752475 0.068702 0.264988 0.435864 0.356600 0.248510 0.997452 0.787167 0.329033 0.257079 0.675225 0.465499 0.557094 0.122943 0.492894 0.758960 0.729970 0.193215 0.236259 0.943230 0.828067 0.548854 0.017204 0.770089 0.949576 0.059434 0.166045 0.884878 0.483410 0.979724 0.312010 0.556080 0.501188 0.264902 0.307484 0.387267 0.823769 0.366531 0.969790 0.680527 0.259902 0.657670 0.585829 0.482805 0.831897 0.505569 0.207508 0.607637 0.515208 0.136963 0.218863 0.329886 0.674262 0.135655 0.711718 0.019191 0.555546 0.386252 0.306103 0.229544 0.615205 0.680805 0.158283 0.203203 0.159571 0.868859 0.903019 0.846809 0.526455 0.396427 0.674249 0.363503 0.195909 0.159280 0.504331 0.264871 0.648938 0.836314 0.828079 0.650323 0.175602 0.897881 0.285541 0.716768 0.102389 0.807471 0.098002 0.855011 0.493362 0.787324 0.768470 0.408153 0.905593 0.736345 0.044371 0.204131 0.757379 0.770449 0.638453 0.918529 0.514536 0.483853 0.465655 0.246058 0.185633 0.256459 0.017941 0.160950 0.704248 0.617626 0.644701 0.819078 0.119802 0.128502 0.182227 0.739507 0.011229 0.255458 0.052972 0.104263 0.943995 0.913800 0.137744 0.668990 0.737729 0.630696 0.253378 0.288463 0.695297 0.009979 0.273409 0.537385 0.020546 0.224844 0.319976 0.382661 0.047904 0.503071 0.931769 0.574341 0.947214 0.678884 0.097567 0.244758 0.681872 0.331644 0.323411 0.039581 0.504068 0.207430 0.936499 0.110660 0.418139 0.722122 0.593874 0.201663 0.480611 0.489383 0.266048 0.069632 0.237789 0.260937 0.598389 0.473024 0.073706 0.988756 0.008479 0.474355 0.443222 0.257392 0.828515 0.405604 0.355587 0.034690 0.605841 0.742739 0.606912 0.868113 0.123865 0.084276 0.173493
0.894187 0.400232 0.535981 0.179118 0.653792 0.230072 0.063938 0.537101 0.048198 0.247538 0.770664 0.806291 0.323472 0.495029 0.883622 0.440800 0.388069 0.381715 0.683860 0.062399 0.345049 0.662690 0.643587 0.143304 0.604262 0.370472 0.766452 0.926681 0.114288 0.893552 0.879656 0.794055 0.973818 0.299218 0.322328 0.643911 0.191159 0.251420 0.009436 0.558224 0.641642 0.445026 0.614463 0.351335 0.584057 0.558652 0.587645 0.284044 0.691510 0.579739 0.644781 0.560846 0.775602 0.754491 0.922031 0.235057 0.333872 0.332349 0.877009 0.642832 0.778852 0.751180 0.165923 0.532725 0.637153 0.969533 0.818286 0.702814 0.328180 0.525722 0.713179 0.586556 0.709040 0.472178 0.117074 0.158089 0.181505 0.143554 0.939176 0.657433 0.046526 0.594348 0.542371 0.164730 0.136906 0.865911 0.543864 0.363920 0.268569 0.438019 0.542810 0.409536 0.885532 0.456415 0.116628 0.440901 0.504932 0.540562 0.499036 0.675800 0.205304 0.254125 0.912820 0.507028 0.077286 0.540633 0.529610 0.207757 0.365643 0.366332 0.557954 0.725788 0.445891 0.749696 0.206969 0.396190 0.514189 0.733932 0.240683 0.659122 0.866762 0.926813 0.803656 0.295843 0.415074 0.884828 0.800144 0.584084 0.684547 0.267953 0.864921 0.256288 0.552989 0.941964 0.780638 0.629054 0.397220 0.565418 0.054015 0.837277 0.816662 0.423635 0.797672 0.823998 0.358579 0.370006 0.325441 0.428927 0.249226 0.431948 0.564738 0.886490 0.200800 0.162683 0.532697 0.736451 0.899328 0.319253 0.530037 0.390887 0.329651 0.880796 0.415217 0.556198 0.193920 0.370565 0.701511 0.427939 0.519085 0.015214 0.846543 0.872269 0.723203 0.716831 0.281182 0.752879 0.531924 0.019932 0.495510 0.326594 0.227061 0.494865 0.211490 0.956836 0.693580 0.325960 0.273608 0.269195 0.118097 0.772308 0.385745 0.846942 0.372720 0.366578 0.126254 0.527390 0.518347 0.348017 0.506800 0.724945
0.125173 0.882880 0.992980 0.697858 0.663379 0.289730 0.121347 0.330032 0.997428 0.059554 0.243170 0.087092 0.708886 0.731868 0.321657 0.594327 0.543895 0.577113 0.983503 0.354161 0.611823 0.157540 0.785856 0.751777 0.708213 0.250938 0.275099 0.036651 0.122380 0.180809 0.274682 0.069783 0.938678 0.276098 0.195912 0.782583 0.217530 0.623042 0.895195 0.543842 0.333130 0.434701 0.246422 0.273483 0.670455 0.033515 0.068274 0.477964 0.939653 0.568574 0.589656 0.256159 0.415082 0.045741 0.131225 0.016434 0.006382 0.637284 0.557327 0.751091 0.540315 0.030971 0.670562 0.980160 0.801438 0.255551 0.807653 0.193089 0.477566 0.780198 0.364302 0.174646 0.386495 0.107462 0.626983 0.405513 0.966288 0.786843 0.230251 0.089259 0.282032 0.026568 0.486547 0.773954 0.953273 0.876466 0.608849 0.424273 0.669720 0.111363 0.762152 0.725944 0.541202 0.285629 0.460303 0.462342 0.788544 0.354865 0.404442 0.787028 0.935139 0.131032 0.529224 0.529730 0.677542 0.417641 0.313282 0.589267 0.910953 0.616761 0.571978 0.884792 0.399789 0.630543 0.482494 0.611721 0.573664 0.279525 0.893474 0.138339 0.937434 0.864649 0.815266 0.290519 0.301004 0.581943 0.136480 0.281149 0.723700 0.227040 0.347597 0.267652 0.498615 0.218708 0.599479 0.406357 0.584198 0.276507 0.606093 0.569994 0.082973 0.535021 0.340125 0.206957 0.544629 0.582850 0.394108 0.205600 0.559241 0.582315 0.990663 0.977029 0.359715 0.208096 0.400441 0.047530 0.993923 0.943840 0.128120 0.204537 0.182664 0.484638 0.957781 0.596809 0.064045 0.763964 0.482279 0.359204 0.122455 0.303663 0.258919 0.291603 0.632525 0.424589 0.871722 0.688495 0.020856 0.483327 0.908414 0.842641 0.638939 0.160309 0.602305 0.536002 0.476903 0.053713 0.315830 0.227947 0.462906 0.956034 0.697608 0.146034 0.030597 0.355983 0.321170 0.810034 0.224651 0.969992 0.904367 0.429071
0.826818 0.150126 0.467002 0.795550 0.172350 0.120458 0.543841 0.415225 0.517133 0.896008 0.932189 0.075511 0.705603 0.634543 0.317985 0.486360 0.001983 0.114957 0.953499 0.769569 0.397819 0.530405 0.143682 0.399214 0.495228 0.190695 0.666125 0.696745 0.795591 0.351657 0.124823 0.693369 0.233265 0.040483 0.132882 0.844496 0.470460 0.545453 0.358851 0.711179 0.185019 0.300888 0.149871 0.503093 0.660266 0.153055 0.577002 0.758860 0.927944 0.064439 0.377921 0.098102 0.742173 0.110987 0.835891 0.458497 0.393781 0.079064 0.597537 0.551926 0.068703 0.675867 0.955133 0.379859 0.471138 0.884467 0.625792 0.125158 0.112667 0.878307 0.070789 0.992058 0.141648 0.502297 0.864613 0.102894 0.219016 0.972042 0.681862 0.788096 0.263938 0.116210 0.147928 0.278689 0.446531 0.609320 0.936959 0.762935 0.512025 0.220390 0.438417 0.054539 0.239919 0.264545 0.458806 0.288506 0.725854 0.172936 0.570318 0.172655 0.914749 0.260689 0.803593 0.867628 0.827879 0.637651 0.171811 0.800247 0.317179 0.309673 0.018175 0.060219 0.927279 0.100846 0.080951 0.899727 0.949471 0.891546 0.857143 0.293135 0.466366 0.965418 0.733169 0.118889 0.226902 0.053298 0.217774 0.509126 0.198817 0.137029 0.259992 0.351476 0.434109 0.980458 0.914471 0.851143 0.221303 0.752201 0.820348 0.520862 0.849356 0.332611 0.686780 0.872529 0.822533 0.815664 0.901720 0.462964 0.929494 0.398623 0.774256 0.780647 0.759974 0.779594 0.164251 0.893662 0.090801 0.154687 0.126661 0.059633 0.892043 0.458122 0.770722 0.154666 0.074213 0.887218 0.750956 0.509392 0.733382 0.014489 0.919794 0.343791 0.779159 0.686318 0.266788 0.648578 0.419180 0.553346 0.574938 0.864127 0.673526 0.271234 0.977801 0.933115 0.250274 0.080874 0.087045 0.901289 0.392319 0.225244 0.256676 0.736979 0.282574 0.572361 0.953003 0.324685 0.807523 0.945644 0.471140 0.168091
0.684553 0.040280 0.096728 0.649842 0.935989 0.964386 0.175395 0.066049 0.715722 0.152162 0.291683 0.986095 0.545089 0.175053 0.660580 0.649089 0.628184 0.172826 0.672153 0.447748 0.284760 0.489418 0.339334 0.892636 0.802902 0.395228 0.215121 0.510042 0.070565 0.472503 0.608016 0.955158 0.081855 0.209641 0.879880 0.007354 0.132137 0.951713 0.234838 0.476120 0.996550 0.343528 0.269788 0.875226 0.930584 0.873394 0.911705 0.184776 0.863599 0.066917 0.899550 0.340785 0.030906 0.300599 0.139487 0.584188 0.912289 0.386824 0.185560 0.646818 0.711169 0.889236 0.414031 0.824151 0.140822 0.391352 0.822816 0.429554 0.677268 0.923358 0.421743 0.466384 0.525906 0.159157 0.848131 0.762030 0.351602 0.082240 0.304875 0.412899 0.926399 0.135898 0.419502 0.100863 0.091240 0.047889 0.459367 0.942043 0.203822 0.556469 0.603312 0.760933 0.978387 0.771127 0.747362 0.077122 0.953198 0.574706 0.011672 0.554843 0.941581 0.983097 0.067382 0.082752 0.078227 0.463675 0.094599 0.452716 0.062347 0.119267 0.172535 0.734723 0.361973 0.494508 0.208375 0.031654 0.942613 0.406761 0.805279 0.798502 0.741708 0.162067 0.752768 0.593692 0.056798 0.395503 0.758428 0.450063 0.997098 0.991137 0.045489 0.809474 0.295003 0.415403 0.015132 0.154470 0.560359 0.942376 0.989079 0.118258 0.445671 0.827355 0.695032 0.648220 0.259437 0.756826 0.278308 0.933307 0.007244 0.564037 0.364323 0.767025 0.455015 0.305581 0.735500 0.484681 0.490183 0.522145 0.495272 0.961649 0.018771 0.423680 0.091738 0.584733 0.113640 0.280315 0.759084 0.131773 0.402385 0.494387 0.793515 0.958581 0.564224 0.048083 0.429786 0.335294 0.933254 0.057292 0.178626 0.725310 0.018832 0.713215 0.880746 0.311588 0.648934 0.436268 0.084790 0.508924 0.782502 0.814766 0.621537 0.944285 0.537423 0.586292 0.411490 0.768933 0.652502 0.638229 0.143025 0.355619
0.776903 0.709930 0.713907 0.407584 0.011423 0.710240 0.696669 0.998916 0.657698 0.025983 0.124537 0.197683 0.769813 0.332017 0.497135 0.264249 0.656013 0.009937 0.962344 0.070531 0.798598 0.974743 0.681469 0.195583 0.135758 0.461414 0.917291 0.903295 0.400180 0.445625 0.047853 0.434083 0.730453 0.752931 0.289840 0.765143 0.930574 0.059630 0.641140 0.053268 0.496359 0.968795 0.579791 0.192289 0.475117 0.698396 0.968135 0.045744 0.326577 0.549008 0.054628 0.029266 0.986365 0.906878 0.192379 0.266797 0.089575 0.046694 0.250581 0.618523 0.615608 0.429502 0.745492 0.748764 0.593057 0.964751 0.048473 0.402255 0.440853 0.343183 0.043686 0.129853 0.032548 0.542032 0.135105 0.382151 0.751472 0.281874 0.840807 0.457057 0.797867 0.150722 0.390705 0.354657 0.319024 0.871851 0.785620 0.529300 0.024535 0.113567 0.083647 0.869181 0.452709 0.494401 0.141505 0.008344 0.407824 0.803272 0.938464 0.291149 0.763421 0.769440 0.738940 0.192667 0.739538 0.469163 0.636875 0.804498 0.014538 0.791109 0.562218 0.991063 0.478542 0.822195 0.686096 0.968415 0.528995 0.180676 0.207497 0.130613 0.577809 0.992406 0.406436 0.131114 0.835178 0.043108 0.185704 0.524704 0.587934 0.720238 0.938524 0.247089 0.205519 0.565522 0.627830 0.429884 0.246544 0.910062 0.135381 0.090104 0.865693 0.054168 0.120250 0.621642 0.472816 0.135246 0.585322 0.969245 0.964947 0.436821 0.918030 0.285546 0.958561 0.659055 0.029773 0.083712 0.090680 0.218665 0.673484 0.667709 0.326799 0.313378 0.738234 0.590440 0.406261 0.348498 0.568089 0.025670 0.114553 0.796927 0.085628 0.071933 0.064778 0.923638 0.038494 0.170087 0.026248 0.977377 0.641864 0.296301 0.982632 0.889229 0.065893 0.623692 0.818711 0.852427 0.515746 0.242927 0.359323 0.077391 0.542022 0.673584 0.527907 0.554244 0.092636 0.203395 0.585730 0.960855 0.093605 0.481992
0.868008 0.222469 0.948549 0.350923 0.543450 0.896656 0.599208 0.486286 0.572154 0.554338 0.625663 0.764988 0.205253 0.751613 0.314810 0.541383 0.276204 0.005020 0.002325 0.991752 0.562495 0.110363 0.801189 0.151892 0.275763 0.348878 0.316205 0.764940 0.806766 0.248993 0.877686 0.369462 0.661033 0.805924 0.602940 0.694309 0.489385 0.377432 0.505381 0.923535 0.960240 0.124353 0.924193 0.204740 0.957527 0.199913 0.403708 0.162259 0.037482 0.398892 0.687556 0.078249 0.118168 0.511460 0.621989 0.800661 0.671424 0.797707 0.564317 0.698168 0.921717 0.132859 0.587346 0.704556 0.533793 0.431775 0.546005 0.933286 0.210524 0.247510 0.218214 0.004624 0.477889 0.532169 0.228387 0.861694 0.381672 0.799585 0.694021 0.087624 0.233039 0.196653 0.808428 0.417775 0.848360 0.881123 0.517335 0.940861 0.663096 0.729110 0.344706 0.753196 0.639833 0.647725 0.030016 0.204680 0.826036 0.525756 0.615897 0.645395 0.355765 0.645654 0.080405 0.524959 0.465127 0.753608 0.560022 0.257365 0.030684 0.350594 0.516545 0.808574 0.171890 0.176880 0.998943 0.543050 0.488258 0.415042 0.682179 0.057294 0.858415 0.457290 0.984531 0.845580 0.788775 0.521773 0.308745 0.709036 0.464525 0.536099 0.695617 0.900115 0.887926 0.643663 0.936413 0.044806 0.418099 0.405222 0.367755 0.921347 0.566462 0.847196 0.272989 0.328929 0.560323 0.096941 0.130009 0.480694 0.081483 0.742463 0.663175 0.387454 0.700265 0.434767 0.710830 0.098191 0.740540 0.657916 0.424349 0.294727 0.472026 0.983435 0.167207 0.661876 0.878636 0.002321 0.380670 0.028471 0.367504 0.616604 0.621019 0.857746 0.468471 0.793955 0.584355 0.857409 0.627161 0.888888 0.529154 0.854388 0.864845 0.387734 0.261771 0.364582 0.698254 0.726638 0.716824 0.707703 0.829130 0.934376 0.151925 0.047245 0.345071 0.905692 0.069788 0.141154 0.199317 0.595620 0.482620 0.590006
0.748407 0.957257 0.365887 0.698293 0.097923 0.616146 0.422025 0.093091 0.487586 0.220716 0.715884 0.139294 0.104601 0.613737 0.557837 0.932481 0.009499 0.044814 0.396557 0.803701 0.730314 0.159985 0.548818 0.996517 0.404294 0.819722 0.277043 0.374555 0.628417 0.023456 0.449939 0.661204 0.273748 0.922418 0.347203 0.426329 0.430484 0.840683 0.946983 0.278725 0.552444 0.705689 0.560621 0.323624 0.288604 0.558767 0.684853 0.520576 0.457611 0.793475 0.953628 0.534376 0.224802 0.983994 0.140769 0.371807 0.161334 0.097649 0.552209 0.216224 0.689290 0.026149 0.293818 0.374407 0.994871 0.825276 0.373941 0.702331 0.507870 0.522904 0.800348 0.077224 0.935527 0.331617 0.999249 0.589074 0.002732 0.299402 0.162460 0.789377 0.532397 0.406376 0.199181 0.208626 0.343617 0.582736 0.687093 0.172592 0.111843 0.133280 0.431575 0.240613 0.747950 0.857368 0.865634 0.456140 0.867280 0.813447 0.928489 0.431143 0.644604 0.190514 0.082480 0.091405 0.389591 0.777596 0.837536 0.401170 0.421906 0.729652 0.961400 0.487725 0.535194 0.973358 0.576170 0.192519 0.407860 0.606015 0.174821 0.356184 0.087826 0.043942 0.738240 0.114676 0.659664 0.681234 0.567312 0.762317 0.976182 0.121606 0.501429 0.541157 0.310429 0.354515 0.805262 0.947117 0.159628 0.405371 0.160515 0.768163 0.959203 0.475351 0.753367 0.133682 0.645590 0.219753 0.947687 0.323695 0.173799 0.513614 0.886477 0.047358 0.620102 0.550519 0.122436 0.319364 0.607440 0.888037 0.063451 0.220631 0.665588 0.814739 0.966016 0.571884 0.564399 0.878429 0.304897 0.858340 0.145794 0.525995 0.389671 0.007454 0.459608 0.152990 0.162686 0.130614 0.289903 0.049665 0.585150 0.251722 0.634587 0.263298 0.551152 0.424736 0.734343 0.904240 0.001663 0.907007 0.888588 0.581474 0.969441 0.151631 0.867624 0.625478 0.032343 0.679188 0.934904 0.894323 0.082634 0.592264
0.601147 0.895676 0.974329 0.802611 0.359513 0.896982 0.220460 0.566601 0.117360 0.217290 0.803646 0.190013 0.591181 0.098429 0.829894 0.787962 0.194452 0.137491 0.496935 0.289277 0.537393 0.854420 0.896046 0.573830 0.355599 0.013368 0.288678 0.058457 0.485355 0.518299 0.679924 0.347227 0.609205 0.681691 0.171330 0.486785 0.935202 0.920009 0.658158 0.028475 0.655929 0.169720 0.571313 0.989578 0.627364 0.133231 0.004388 0.977052 0.129253 0.042035 0.367262 0.847030 0.622069 0.726401 0.716369 0.998453 0.666811 0.476319 0.420984 0.393711 0.714782 0.231883 0.286625 0.072177 0.309850 0.300183 0.997372 0.188581 0.767042 0.427210 0.833330 0.467157 0.943298 0.379584 0.090866 0.928826 0.165376 0.616899 0.781225 0.687024 0.605176 0.059504 0.112376 0.016901 0.369651 0.656817 0.590509 0.803298 0.706560 0.002495 0.545567 0.739657 0.002629 0.220197 0.154168 0.863592 0.880798 0.751680 0.338673 0.462029 0.867924 0.089263 0.063942 0.851257 0.282123 0.510656 0.805607 0.165564 0.754329 0.955558 0.575922 0.388004 0.164513 0.015877 0.832920 0.296280 0.198357 0.463681 0.897477 0.610068 0.624408 0.392400 0.356376 0.587195 0.978580 0.265610 0.870747 0.304869 0.569221 0.722538 0.206183 0.038732 0.479522 0.893786 0.731739 0.083214 0.741259 0.752196 0.139481 0.111398 0.493460 0.212143 0.026681 0.767037 0.264861 0.962134 0.106891 0.106133 0.043435 0.978552 0.773650 0.791303 0.334164 0.100072 0.829036 0.635294 0.948212 0.412991 0.188173 0.705533 0.346592 0.893119 0.263480 0.012232 0.447847 0.976053 0.394735 0.695261 0.633767 0.068732 0.406681 0.806292 0.825347 0.782648 0.038644 0.750948 0.409481 0.474362 0.953710 0.174749 0.213434 0.114440 0.451971 0.305383 0.182240 0.274574 0.247854 0.558580 0.400784 0.955204 0.780860 0.855617 0.155484 0.395879 0.418259 0.078887 0.931699 0.166414 0.716646 0.348060
0.798872 0.131077 0.874871 0.902593 0.793560 0.340011 0.319093 0.907269 0.288399 0.927715 0.363849 0.248397 0.511672 0.278344 0.236060 0.617324 0.422980 0.013960 0.248041 0.950884 0.540397 0.891572 0.444779 0.577692 0.328714 0.639037 0.339608 0.733926 0.527165 0.403084 0.423470 0.731992 0.955697 0.487886 0.514210 0.287991 0.049159 0.262762 0.820313 0.788587 0.378583 0.439722 0.370282 0.107670 0.443751 0.569835 0.639694 0.542881 0.951245 0.243446 0.306152 0.803745 0.096374 0.707060 0.929535 0.045391 0.111159 0.440428 0.585006 0.497736 0.590871 0.110705 0.159818 0.706691 0.373278 0.592231 0.875931 0.400796 0.613331 0.121708 0.330533 0.454030 0.911602 0.202391 0.018367 0.812858 0.407384 0.106095 0.965828 0.796409 0.181438 0.743491 0.063755 0.544623 0.718623 0.565204 0.681863 0.310775 0.783896 0.301796 0.411592 0.020789 0.781395 0.170002 0.459496 0.246442 0.555565 0.531677 0.038314 0.320828 0.978308 0.352077 0.058685 0.820235 0.966358 0.038615 0.534100 0.926019 0.899858 0.387152 0.174096 0.865027 0.310436 0.467855 0.688342 0.942637 0.050416 0.137141 0.193797 0.669775 0.254455 0.589762 0.309805 0.308297 0.361497 0.739314 0.365055 0.168157 0.959424 0.972711 0.743384 0.316622 0.564396 0.930915 0.811530 0.691548 0.111608 0.636613 0.292102 0.838308 0.438668 0.519652 0.620369 0.677243 0.909120 0.241786 0.373091 0.016175 0.981575 0.555454 0.002084 0.032117 0.741413 0.701221 0.930446 0.317948 0.893476 0.020299 0.165635 0.207193 0.308304 0.833045 0.032755 0.062747 0.559491 0.522343 0.165103 0.089958 0.474869 0.161984 0.465036 0.698933 0.126412 0.719783 0.651556 0.564275 0.892107 0.577085 0.826822 0.651184 0.393324 0.293328 0.440557 0.106815 0.080853 0.214230 0.412092 0.685245 0.035145 0.487664 0.717440 0.966459 0.962046 0.813721 0.668046 0.467965 0.400826 0.063084 0.152726 0.745217
0.312251 0.010661 0.094472 0.603879 0.136290 0.153868 0.608281 0.274767 0.348402 0.494518 0.951301 0.145457 0.151278 0.523203 0.723516 0.281848 0.600807 0.911538 0.297294 0.598811 0.756726 0.257647 0.736560 0.728423 0.005171 0.288800 0.184244 0.140981 0.019122 0.418042 0.782813 0.833016 0.263951 0.148656 0.266693 0.824411 0.312422 0.614399 0.943144 0.968667 0.820490 0.090340 0.780756 0.511351 0.880491 0.584039 0.301931 0.928270 0.822598 0.459867 0.914953 0.794068 0.067671 0.673213 0.595989 0.010017 0.964075 0.563429 0.137857 0.968790 0.502853 0.654759 0.223490 0.627680 0.969832 0.072496 0.104735 0.400939 0.659777 0.938024 0.414910 0.512401 0.177685 0.359970 0.841471 0.328095 0.355635 0.625298 0.318649 0.910039 0.679037 0.711492 0.404239 0.512010 0.089679 0.484649 0.539136 0.358605 0.194560 0.419959 0.340324 0.562194 0.151266 0.451058 0.879312 0.755481 0.459282 0.091972 0.417640 0.085527 0.101326 0.069394 0.581873 0.328493 0.097481 0.508134 0.201758 0.452647 0.128929 0.171691 0.212126 0.710858 0.063529 0.380017 0.240224 0.335487 0.274814 0.855445 0.546809 0.325084 0.771731 0.881214 0.392069 0.839123 0.107097 0.365943 0.235150 0.755690 0.469407 0.663723 0.737566 0.989840 0.052635 0.470240 0.991539 0.911737 0.833563 0.099990 0.686742 0.776146 0.336437 0.757530 0.796895 0.291118 0.683780 0.662362 0.436009 0.275158 0.221936 0.493278 0.492720 0.374300 0.388113 0.611805 0.667224 0.546967 0.781435 0.757253 0.248169 0.651486 0.200936 0.472433 0.660092 0.955932 0.504088 0.135717 0.764730 0.327588 0.317188 0.193204 0.699802 0.653089 0.418026 0.591348 0.769685 0.362489 0.998467 0.407138 0.253463 0.017065 0.492895 0.680075 0.839628 0.166500 0.166111 0.816122 0.165027 0.150196 0.864487 0.168107 0.616441 0.084279 0.179834 0.283976 0.634776 0.409909 0.896816 0.343894 0.159288 0.350103
0.617840 0.607238 0.076111 0.786142 0.945651 0.986103 0.604431 0.799105 0.811541 0.272528 0.083489 0.046795 0.330029 0.229085 0.149972 0.483267 0.820242 0.445006 0.956979 0.019991 0.773380 0.407358 0.736584 0.698159 0.294472 0.519063 0.028298 0.564911 0.664527 0.505615 0.392197 0.359137 0.863958 0.577167 0.329695 0.751633 0.311884 0.530976 0.741802 0.147474 0.999911 0.937082 0.850320 0.685565 0.496368 0.115337 0.264616 0.726219 0.643312 0.074644 0.947319 0.634320 0.776783 0.447898 0.905035 0.849920 0.023029 0.069833 0.780739 0.783129 0.174930 0.965736 0.367469 0.288674 0.770564 0.766547 0.321830 0.121278 0.282293 0.642050 0.709339 0.175798 0.041005 0.819275 0.073717 0.549418 0.632979 0.113922 0.647139 0.081296 0.838291 0.692814 0.028514 0.112439 0.682081 0.417447 0.126719 0.220364 0.854026 0.551486 0.626805 0.650682 0.903298 0.105506 0.929716 0.086157 0.337244 0.497062 0.434189 0.566748 0.916567 0.577327 0.457141 0.841170 0.859103 0.100813 0.217836 0.561986 0.047569 0.321683 0.824985 0.927151 0.144196 0.606179 0.613093 0.774907 0.606392 0.213028 0.782832 0.338539 0.663654 0.166742 0.552822 0.192254 0.174779 0.021954 0.483190 0.459596 0.543768 0.894975 0.366474 0.151999 0.112112 0.739593 0.601583 0.401838 0.213419 0.122828 0.372130 0.151218 0.895969 0.396794 0.693364 0.165237 0.761714 0.772010 0.075142 0.102899 0.056230 0.636184 0.448646 0.829881 0.886311 0.750946 0.074205 0.617528 0.693068 0.903166 0.563392 0.816182 0.310620 0.093881 0.553417 0.268877 0.042989 0.882678 0.952080 0.145509 0.626716 0.333809 0.060571 0.259117 0.241329 0.070896 0.166525 0.872934 0.280731 0.052856 0.807745 0.003144 0.127895 0.010434 0.489660 0.569233 0.753484 0.937758 0.890307 0.342499 0.217633 0.786763 0.209086 0.579092 0.097322 0.976225 0.006626 0.013467 0.282940 0.747041 0.171034 0.890768
0.710318 0.443357 0.673819 0.279596 0.828772 0.239284 0.280069 0.719622 0.733309 0.379014 0.312536 0.729462 0.526772 0.544224 0.029118 0.301718 0.211552 0.183943 0.146819 0.862099 0.426948 0.841297 0.198998 0.099692 0.120588 0.915547 0.267300 0.643024 0.368118 0.895872 0.471022 0.701148 0.674938 0.580207 0.885090 0.503267 0.313637 0.043416 0.035924 0.821529 0.645395 0.522221 0.474166 0.137513 0.220253 0.283984 0.117269 0.094269 0.600842 0.715857 0.993975 0.238499 0.320654 0.120060 0.748458 0.483470 0.272382 0.858242 0.341412 0.468205 0.347077 0.346610 0.991175 0.468261 0.306328 0.499691 0.821941 0.182620 0.862987 0.652058 0.757637 0.322637 0.964593 0.069244 0.517494 0.536304 0.583529 0.757577 0.713450 0.914788 0.438932 0.607921 0.965603 0.702671 0.073964 0.352347 0.034396 0.940392 0.642417 0.948117 0.537549 0.881937 0.671619 0.887240 0.560371 0.357802 0.240698 0.633760 0.453912 0.084288 0.171592 0.196892 0.798874 0.410269 0.976058 0.540808 0.888834 0.030289 0.753716 0.454935 0.873547 0.866945 0.459210 0.653332 0.346379 0.523248 0.307019 0.017792 0.445843 0.509558 0.882224 0.602243 0.514258 0.415508 0.970104 0.591178 0.948582 0.549641 0.312712 0.813162 0.979405 0.783462 0.976881 0.819650 0.093409 0.333944 0.681080 0.950432 0.086190 0.554591 0.660421 0.875734 0.915612 0.182899 0.769735 0.625754 0.339978 0.382169 0.390371 0.391059 0.923649 0.473800 0.825803 0.599753 0.228791 0.596164 0.673780 0.390836 0.134151 0.740198 0.049481 0.528211 0.197221 0.678811 0.546363 0.981177 0.954695 0.845063 0.243087 0.532607 0.101280 0.925554 0.876475 0.027124 0.956196 0.383324 0.190668 0.524618 0.962311 0.001226 0.880252 0.194904 0.493775 0.351417 0.856520 0.758226 0.598375 0.483577 0.380697 0.003998 0.851268 0.988046 0.927040 0.951765 0.239457 0.542803 0.650028 0.088483 0.894814 0.745915
0.326712 0.808128 0.032453 0.772517 0.268392 0.531495 0.635340 0.231649 0.887604 0.133636 0.481274 0.121013 0.992555 0.690195 0.742230 0.818092 0.742789 0.280746 0.533194 0.482860 0.121780 0.304558 0.542405 0.882689 0.890262 0.537297 0.256877 0.337600 0.441107 0.217431 0.496816 0.576843 0.981723 0.957134 0.027208 0.170960 0.678545 0.403290 0.793230 0.030136 0.812083 0.843162 0.989197 0.875039 0.980786 0.619034 0.370324 0.885729 0.008667 0.949860 0.138767 0.730339 0.117933 0.075890 0.253700 0.065517 0.242639 0.974908 0.249130 0.230625 0.092900 0.652097 0.385964 0.514249 0.264853 0.433582 0.688137 0.862776 0.151788 0.962881 0.648093 0.267404 0.823089 0.089383 0.428355 0.895640 0.784283 0.876691 0.475605 0.626194 0.340341 0.434269 0.679668 0.498576 0.240758 0.465285 0.375019 0.480970 0.079739 0.786528 0.004544 0.386746 0.623369 0.594434 0.820624 0.150096 0.041374 0.556229 0.912792 0.028343 0.437480 0.150867 0.512289 0.014142 0.959551 0.626890 0.317145 0.691878 0.801534 0.529609 0.451717 0.288168 0.520276 0.710393 0.871738 0.530932 0.121915 0.014436 0.313153 0.789941 0.959006 0.623222 0.159534 0.278441 0.523219 0.044932 0.651847 0.465603 0.936507 0.046281 0.718501 0.723822 0.888932 0.165240 0.238996 0.984056 0.292281 0.407569 0.511929 0.410417 0.861227 0.099681 0.053224 0.981334 0.576492 0.579096 0.050310 0.228042 0.844273 0.385551 0.894183 0.230112 0.217299 0.756459 0.333965 0.163524 0.901747 0.678300 0.582792 0.990043 0.260666 0.307335 0.421451 0.651890 0.044793 0.520956 0.540476 0.675894 0.547680 0.005126 0.415479 0.839285 0.267633 0.817166 0.796946 0.527152 0.640428 0.841590 0.695286 0.929056 0.959816 0.297418 0.565793 0.704375 0.774295 0.440659 0.470883 0.749025 0.445361 0.879390 0.198101 0.104398 0.902078 0.173948 0.816287 0.149350 0.486750 0.431200 0.834092 0.236570
0.884997 0.625590 0.421716 0.245176 0.431863 0.656051 0.982792 0.196294 0.190632 0.811461 0.640490 0.697184 0.079138 0.781056 0.508214 0.419298 0.742989 0.910108 0.518386 0.421083 0.584711 0.556570 0.877016 0.897088 0.770696 0.188243 0.316640 0.539610 0.630615 0.436278 0.772193 0.416740 0.779908 0.779473 0.128726 0.480042 0.840939 0.240437 0.018012 0.585576 0.065608 0.385427 0.124882 0.907294 0.064068 0.864324 0.553436 0.136991 0.137265 0.094594 0.065407 0.753737 0.715182 0.622727 0.002536 0.256512 0.035008 0.832897 0.973417 0.061500 0.294770 0.358708 0.292338 0.307830 0.145742 0.041293 0.162977 0.627064 0.004184 0.002640 0.728067 0.481657 0.368502 0.570483 0.554093 0.673570 0.170908 0.037135 0.580293 0.480294 0.633989 0.542077 0.744531 0.516944 0.855562 0.772351 0.231626 0.375731 0.888234 0.592922 0.859701 0.693979 0.857018 0.334289 0.907389 0.832991 0.201430 0.456766 0.333839 0.676595 0.655944 0.140233 0.668787 0.412699 0.227694 0.684785 0.620993 0.392425 0.297681 0.816888 0.905437 0.196183 0.185774 0.021277 0.648042 0.390462 0.560865 0.603650 0.643074 0.927596 0.015795 0.760391 0.708119 0.910161 0.782366 0.645599 0.557886 0.614190 0.215306 0.270464 0.706321 0.110331 0.506265 0.126383 0.775887 0.988420 0.286643 0.952705 0.632143 0.598844 0.729780 0.484866 0.438486 0.591590 0.910923 0.478857 0.195280 0.218542 0.371616 0.148708 0.038207 0.731654 0.463557 0.814304 0.403845 0.613201 0.640409 0.559894 0.975363 0.731285 0.728550 0.780172 0.267108 0.431799 0.600724 0.436548 0.806677 0.540428 0.443805 0.325471 0.862153 0.317830 0.991543 0.188102 0.425338 0.651479 0.571627 0.414055 0.547603 0.283307 0.070702 0.529263 0.764268 0.946682 0.056317 0.889903 0.858379 0.741290 0.897557 0.413936 0.021865 0.375872 0.843089 0.952174 0.467272 0.655621 0.611711 0.310215 0.753754 0.114997
0.645476 0.101255 0.265081 0.455208 0.434790 0.018242 0.862157 0.626414 0.271117 0.919779 0.294046 0.941014 0.361764 0.948736 0.945100 0.755472 0.647985 0.104554 0.724393 0.496426 0.208719 0.840077 0.264214 0.348666 0.907531 0.878217 0.004311 0.089365 0.038809 0.047663 0.460667 0.617037 0.578281 0.870046 0.481971 0.476482 0.369447 0.170044 0.828894 0.046961 0.891670 0.216347 0.579784 0.960935 0.880059 0.359820 0.138035 0.475369 0.705489 0.820923 0.639599 0.782226 0.674159 0.150863 0.783079 0.042140 0.571736 0.277818 0.482111 0.060825 0.956091 0.461822 0.951627 0.309811 0.780689 0.806925 0.090598 0.781934 0.975895 0.711625 0.710854 0.978514 0.111716 0.440980 0.192124 0.945865 0.642104 0.269675 0.213055 0.692177 0.212384 0.883921 0.100774 0.653498 0.957345 0.808174 0.930228 0.351535 0.752366 0.109230 0.239561 0.478784 0.899278 0.491455 0.447436 0.224992 0.909510 0.147224 0.057284 0.362718 0.688230 0.185568 0.435048 0.811035 0.990768 0.774290 0.708297 0.797272 0.094749 0.123030 0.930551 0.772500 0.023084 0.684304 0.602076 0.742902 0.302439 0.755933 0.258400 0.819455 0.671270 0.542936 0.774185 0.133524 0.571240 0.370210 0.519853 0.348689 0.654825 0.196592 0.609973 0.830852 0.140771 0.816640 0.516998 0.871652 0.619979 0.518732 0.448496 0.862422 0.197547 0.942377 0.199510 0.076446 0.097711 0.921844 0.913113 0.325550 0.322470 0.807173 0.091163 0.216216 0.709018 0.218260 0.338925 0.624856 0.111823 0.870122 0.985601 0.590955 0.811882 0.144663 0.972854 0.949903 0.199216 0.506076 0.500078 0.014774 0.168262 0.315630 0.194469 0.510578 0.371317 0.283936 0.464087 0.040609 0.563824 0.168727 0.990290 0.065839 0.561886 0.903188 0.529680 0.733513 0.944547 0.035810 0.091731 0.934786 0.185347 0.666526 0.976305 0.044340 0.906127 0.722168 0.517500 0.876955 0.000899 0.990800 0.994420 0.683201
0.227444 0.619904 0.330656 0.124364 0.927794 0.175591 0.614866 0.660726 0.040549 0.886315 0.113647 0.736583 0.619776 0.355830 0.204338 0.042619 0.242803 0.661397 0.633132 0.036500 0.084544 0.007820 0.989071 0.781995 0.095449 0.089285 0.895614 0.738486 0.230709 0.188147 0.277654 0.322983 0.419045 0.901688 0.892007 0.831415 0.357552 0.649465 0.405996 0.815375 0.871993 0.560255 0.487930 0.702757 0.998158 0.536042 0.281119 0.598869 0.414024 0.657505 0.019337 0.934578 0.534007 0.062344 0.245069 0.167915 0.335352 0.179517 0.885699 0.092103 0.886979 0.943827 0.462638 0.607389 0.072601 0.490118 0.164460 0.869759 0.563171 0.740644 0.111721 0.864687 0.479056 0.572001 0.609983 0.895474 0.335563 0.663210 0.842996 0.129272 0.853393 0.837326 0.592965 0.439829 0.659578 0.271728 0.927136 0.416484 0.965943 0.660048 0.342150 0.844067 0.838626 0.635369 0.266960 0.149149 0.121014 0.821383 0.738940 0.882404 0.581021 0.081383 0.797561 0.453689 0.328879 0.685118 0.956275 0.764831 0.997204 0.740191 0.525793 0.963660 0.756249 0.098769 0.372269 0.904756 0.597603 0.511300 0.041579 0.960710 0.428196 0.020894 0.444073 0.480188 0.268154 0.053878 0.100506 0.839619 0.056960 0.820006 0.063391 0.986393 0.194775 0.511392 0.526948 0.985908 0.930718 0.867990 0.266292 0.021212 0.771764 0.860943 0.407906 0.750137 0.269229 0.087158 0.663066 0.587455 0.038438 0.070384 0.649849 0.428960 0.826110 0.276577 0.727788 0.264107 0.478287 0.281513 0.001638 0.467411 0.083479 0.148278 0.318465 0.216978 0.485637 0.866273 0.203643 0.535842 0.833307 0.478712 0.081132 0.461266 0.702461 0.227382 0.014847 0.942808 0.687814 0.355649 0.797309 0.178795 0.590860 0.229450 0.471694 0.188937 0.975754 0.857564 0.464735 0.352846 0.592997 0.257635 0.581826 0.520337 0.805039 0.478227 0.292967 0.736162 0.981300 0.820517 0.342662 0.710168
0.736621 0.323585 0.351976 0.394088 0.834544 0.808697 0.459030 0.010478 0.905453 0.953147 0.821509 0.288233 0.439498 0.754458 0.039134 0.372658 0.803650 0.636125 0.396403 0.557375 0.197276 0.444149 0.238890 0.330166 0.570460 0.256734 0.130483 0.257768 0.895476 0.108925 0.231557 0.694358 0.190937 0.503990 0.696318 0.445571 0.452769 0.028937 0.634161 0.503476 0.548460 0.008497 0.984683 0.039779 0.302496 0.770731 0.956312 0.239204 0.653796 0.759415 0.640765 0.378535 0.206294 0.389825 0.682454 0.286245 0.808871 0.940128 0.774312 0.730062 0.246934 0.067244 0.773794 0.903646 0.522821 0.104479 0.501091 0.688668 0.088168 0.644013 0.251269 0.916380 0.756028 0.079350 0.970922 0.529248 0.273536 0.505298 0.858944 0.787082 0.534993 0.770410 0.809918 0.587356 0.402909 0.583288 0.751320 0.759926 0.351122 0.478252 0.496280 0.178828 0.980811 0.728738 0.439988 0.912958 0.900513 0.646504 0.318341 0.975005 0.916433 0.767335 0.789447 0.836278 0.856559 0.446137 0.417544 0.702357 0.931160 0.184781 0.442555 0.132782 0.224992 0.964373 0.704838 0.865516 0.764802 0.432538 0.559515 0.937493 0.900320 0.620796 0.900384 0.349678 0.032826 0.787915 0.469898 0.298656 0.840023 0.186131 0.132103 0.302904 0.518400 0.577034 0.236390 0.768638 0.747936 0.511311 0.038378 0.691279 0.621661 0.724395 0.711452 0.773465 0.435961 0.654516 0.047148 0.900606 0.046317 0.557963 0.812903 0.819814 0.022433 0.536827 0.883067 0.671303 0.049392 0.005364 0.737216 0.846245 0.971258 0.784269 0.871582 0.239237 0.573201 0.736918 0.936417 0.825785 0.663557 0.756940 0.119664 0.832196 0.474971 0.534070 0.149692 0.596880 0.001086 0.702311 0.318027 0.074283 0.760857 0.495757 0.020165 0.550822 0.176547 0.089048 0.032389 0.429300 0.830094 0.971966 0.569530 0.928408 0.294928 0.573860 0.019384 0.025471 0.289869 0.849706 0.724055 0.453423
0.542644 0.132382 0.847214 0.791167 0.223857 0.617084 0.613548 0.835963 0.519787 0.384668 0.497971 0.658540 0.700825 0.886981 0.440904 0.417266 0.033575 0.649613 0.361135 0.568875 0.003258 0.881043 0.915023 0.427763 0.916815 0.167621 0.185755 0.397795 0.600796 0.535082 0.337197 0.223071 0.436388 0.610335 0.678765 0.696006 0.485005 0.040254 0.732531 0.354198 0.188107 0.762333 0.638249 0.193672 0.478236 0.004845 0.340457 0.625964 0.175705 0.853270 0.690575 0.408151 0.946615 0.387186 0.151765 0.538241 0.569608 0.124894 0.768341 0.930086 0.568608 0.998337 0.981963 0.891584 0.173452 0.944605 0.612467 0.773504 0.982398 0.266995 0.837928 0.563464 0.967388 0.454324 0.080599 0.230830 0.497617 0.833505 0.438016 0.959012 0.923163 0.948062 0.146897 0.411657 0.024387 0.503025 0.735575 0.604315 0.810642 0.379177 0.666521 0.491192 0.227066 0.220790 0.159204 0.337183 0.573953 0.072479 0.096360 0.483135 0.986533 0.337071 0.176083 0.362927 0.920675 0.512040 0.797955 0.306829 0.265522 0.441698 0.870125 0.269254 0.270265 0.298782 0.310693 0.150603 0.753554 0.803541 0.424265 0.281966 0.569046 0.305150 0.849063 0.728671 0.886598 0.410566 0.342422 0.140469 0.783832 0.238978 0.140914 0.098154 0.470305 0.565673 0.441642 0.338827 0.701344 0.582658 0.066044 0.754578 0.084481 0.359543 0.791754 0.625956 0.937688 0.632991 0.869815 0.047378 0.126852 0.564411 0.309319 0.028464 0.951117 0.628702 0.735781 0.039108 0.309181 0.097669 0.655053 0.397244 0.241342 0.571954 0.158668 0.743704 0.966066 0.931212 0.557801 0.440287 0.576432 0.764581 0.581769 0.457565 0.514388 0.362273 0.598696 0.657884 0.505783 0.624119 0.115357 0.310145 0.532323 0.857676 0.913915 0.623149 0.383845 0.507654 0.550096 0.155424 0.077606 0.368877 0.416363 0.457064 0.103069 0.049351 0.293925 0.633483 0.731320 0.503466 0.187579 0.634310
0.520813 0.677654 0.053749 0.657679 0.285398 0.096679 0.714260 0.244803 0.124707 0.759454 0.664511 0.143380 0.160783 0.984243 0.066826 0.987835 0.977734 0.560928 0.085205 0.952533 0.280051 0.241564 0.010115 0.088699 0.231971 0.022178 0.098161 0.478343 0.540071 0.796001 0.776573 0.533719 0.855612 0.510270 0.993368 0.845253 0.536252 0.046432 0.525017 0.340750 0.078787 0.598424 0.909059 0.075328 0.874791 0.441253 0.017713 0.259534 0.541261 0.363521 0.687741 0.738844 0.839585 0.828024 0.752691 0.673275 0.104634 0.842405 0.081213 0.594048 0.449074 0.893678 0.316580 0.332973 0.640947 0.167912 0.176191 0.597298 0.995855 0.123839 0.765090 0.303611 0.949894 0.472621 0.009003 0.235699 0.192764 0.347339 0.960815 0.474252 0.052605 0.849067 0.478627 0.746854 0.079029 0.541456 0.384942 0.813891 0.878696 0.801101 0.728679 0.762025 0.741119 0.710825 0.301597 0.655543 0.689703 0.624288 0.344985 0.700783 0.939719 0.502637 0.743334 0.956037 0.266807 0.936368 0.125260 0.294167 0.389083 0.597154 0.682526 0.978317 0.308330 0.476591 0.081164 0.317322 0.873893 0.476119 0.530138 0.303779 0.491736 0.875236 0.525029 0.814470 0.591865 0.633122 0.026119 0.616335 0.886036 0.358544 0.118224 0.897459 0.457613 0.310779 0.707233 0.304808 0.043501 0.657759 0.159787 0.921513 0.558450 0.933224 0.295977 0.962890 0.374328 0.713374 0.521522 0.754596 0.704652 0.307929 0.059652 0.196598 0.756029 0.000697 0.610683 0.357769 0.350648 0.386534 0.700752 0.431512 0.019732 0.334004 0.714784 0.998312 0.025407 0.109912 0.217462 0.753573 0.636601 0.559619 0.738321 0.706121 0.566519 0.099919 0.441096 0.425524 0.989860 0.450760 0.578330 0.590453 0.409876 0.552603 0.840828 0.754381 0.785520 0.421032 0.620362 0.243519 0.675079 0.226789 0.680235 0.030750 0.730935 0.119720 0.545329 0.950219 0.524089 0.554527 0.539115 0.008079
0.317445 0.452091 0.049129 0.854529 0.277569 0.427554 0.945324 0.932072 0.066457 0.261658 0.496319 0.345484 0.643408 0.321889 0.263423 0.235953 0.524999 0.924657 0.082339 0.366528 0.057694 0.514343 0.005161 0.772866 0.601054 0.120470 0.790086 0.563470 0.461527 0.176543 0.689687 0.627969 0.968091 0.322684 0.123754 0.504132 0.015708 0.467792 0.860525 0.367893 0.760014 0.704790 0.508082 0.376073 0.497189 0.044647 0.439311 0.134626 0.923129 0.920840 0.798951 0.979805 0.733304 0.125568 0.830540 0.109836 0.331341 0.085826 0.033661 0.801582 0.642190 0.264315 0.275193 0.354233 0.889544 0.102646 0.101100 0.082727 0.391785 0.394475 0.919022 0.172938 0.698720 0.321172 0.495982 0.893386 0.375092 0.540597 0.907264 0.016635 0.053147 0.391432 0.279560 0.146695 0.460611 0.354470 0.607580 0.488795 0.624352 0.320824 0.087507 0.236540 0.388135 0.639326 0.542291 0.989601 0.605855 0.858665 0.332098 0.457059 0.886941 0.116592 0.266745 0.788735 0.189786 0.938336 0.910794 0.877260 0.577377 0.895375 0.786571 0.819619 0.748248 0.201943 0.432514 0.685488 0.922001 0.231831 0.882441 0.959288 0.153548 0.518794 0.296745 0.700749 0.134348 0.247912 0.067881 0.277207 0.611486 0.439495 0.465019 0.063732 0.677737 0.814120 0.618585 0.384773 0.115367 0.309200 0.782487 0.760237 0.981424 0.335112 0.331565 0.679411 0.387042 0.127169 0.219268 0.065886 0.872952 0.589139 0.595995 0.418762 0.431122 0.019024 0.040566 0.468625 0.827118 0.366653 0.994148 0.838335 0.870278 0.283026 0.989522 0.113035 0.831670 0.675698 0.273297 0.675351 0.529489 0.632580 0.690665 0.399618 0.082801 0.159066 0.275948 0.687527 0.306126 0.965500 0.484646 0.938524 0.686343 0.220441 0.803612 0.019223 0.360959 0.797141 0.333450 0.785976 0.180224 0.917844 0.808081 0.485409 0.754726 0.662459 0.070049 0.118467 0.881642 0.455084 0.699455 0.357787
0.816391 0.544919 0.099617 0.707870 0.589837 0.070868 0.445049 0.982187 0.711015 0.701365 0.200429 0.709196 0.314060 0.500652 0.156176 0.380511 0.336330 0.738992 0.502382 0.757491 0.693757 0.415111 0.663813 0.733747 0.552934 0.124192 0.166744 0.297904 0.013096 0.338932 0.584844 0.659987 0.802307 0.504699 0.703595 0.170613 0.270608 0.215547 0.826470 0.534889 0.555190 0.802724 0.752784 0.836643 0.486983 0.723979 0.781925 0.130410 0.485890 0.100583 0.110608 0.888341 0.501061 0.944301 0.007461 0.393847 0.952723 0.786341 0.024661 0.556565 0.868349 0.688682 0.856783 0.796482 0.277956 0.049292 0.673126 0.824809 0.499825 0.641082 0.253259 0.301174 0.095885 0.410526 0.137858 0.163205 0.144289 0.701722 0.163358 0.849994 0.822002 0.339736 0.423861 0.848754 0.774080 0.718858 0.650681 0.006255 0.316284 0.411701 0.083313 0.641289 0.989482 0.317836 0.170178 0.686711 0.386305 0.717278 0.943537 0.013189 0.633100 0.828959 0.509293 0.787696 0.045803 0.101049 0.267353 0.315602 0.187160 0.200412 0.079301 0.125184 0.641588 0.116678 0.556941 0.964833 0.628210 0.094410 0.571644 0.114840 0.898984 0.572400 0.632604 0.846242 0.027931 0.343643 0.804119 0.326603 0.373805 0.957174 0.932190 0.152275 0.845662 0.779737 0.985866 0.396618 0.727181 0.938019 0.407169 0.944146 0.049869 0.090119 0.295858 0.003329 0.508975 0.953136 0.628142 0.497107 0.568147 0.001562 0.442788 0.051551 0.113968 0.517066 0.895779 0.433449 0.516607 0.688876 0.812131 0.396555 0.295876 0.065615 0.001643 0.632187 0.474279 0.680014 0.294201 0.569654 0.682216 0.548764 0.299838 0.761746 0.649548 0.515075 0.578088 0.246176 0.106755 0.860406 0.819541 0.941105 0.225131 0.589878 0.695532 0.789935 0.252630 0.643093 0.894221 0.092017 0.369228 0.110656 0.390776 0.989087 0.102303 0.115912 0.213490 0.952342 0.600808 0.719558 0.683210 0.778626
0.700923 0.211919 0.859157 0.181145 0.206261 0.589313 0.712445 0.313894 0.278602 0.966442 0.730172 0.684617 0.144142 0.012848 0.467143 0.498772 0.041854 0.894059 0.399937 0.675566 0.510291 0.879273 0.682753 0.386571 0.735076 0.477381 0.853541 0.989982 0.518123 0.805076 0.674673 0.282811 0.537066 0.519346 0.500389 0.116916 0.109460 0.260466 0.724781 0.173348 0.655368 0.050850 0.361888 0.452521 0.665853 0.170065 0.769632 0.427120 0.865774 0.269010 0.837749 0.570786 0.758782 0.386631 0.129244 0.033836 0.869947 0.177993 0.850349 0.362391 0.950464 0.873618 0.455411 0.175638 0.064530 0.058585 0.597854 0.422418 0.544559 0.760644 0.854818 0.683781 0.265658 0.824279 0.477092 0.312802 0.168935 0.540938 0.386129 0.834604 0.816267 0.389884 0.825045 0.341666 0.040930 0.093993 0.778933 0.465537 0.310159 0.922902 0.872172 0.283838 0.067041 0.903406 0.286115 0.584358 0.505555 0.386140 0.770831 0.920397 0.092517 0.389485 0.078677 0.031161 0.884496 0.158227 0.880636 0.476327 0.969760 0.532188 0.452061 0.932369 0.800464 0.438992 0.890485 0.721116 0.536398 0.257287 0.498702 0.209562 0.016373 0.774091 0.555015 0.501843 0.345349 0.891391 0.333351 0.326640 0.060507 0.052977 0.051849 0.807144 0.293294 0.497000 0.210436 0.555252 0.967567 0.127038 0.354863 0.252303 0.968035 0.033956 0.938390 0.286414 0.904493 0.135034 0.554688 0.840516 0.683626 0.565215 0.937092 0.581535 0.738382 0.644560 0.177205 0.914125 0.017332 0.912000 0.790731 0.759768 0.124418 0.860662 0.933767 0.049470 0.940830 0.640708 0.014233 0.910285 0.805429 0.262927 0.148422 0.205889 0.040430 0.934397 0.957669 0.038314 0.706746 0.333388 0.576663 0.102722 0.819082 0.021499 0.721837 0.554605 0.976760 0.128036 0.189371 0.700873 0.887311 0.279199 0.613349 0.512913 0.695817 0.092105 0.547353 0.827540 0.183104 0.009439 0.316184 0.706926
0.403917 0.572510 0.234513 0.601689 0.413181 0.663994 0.685543 0.371216 0.720852 0.556471 0.454550 0.053891 0.718236 0.589306 0.136352 0.393724 0.788562 0.931022 0.123255 0.736307 0.782415 0.418804 0.412858 0.153113 0.194662 0.956794 0.517034 0.119598 0.101777 0.593194 0.962172 0.129544 0.871326 0.602175 0.416612 0.110705 0.029033 0.455075 0.112765 0.650610 0.972243 0.891903 0.618265 0.288347 0.662860 0.445522 0.564670 0.153430 0.771310 0.902224 0.079393 0.503148 0.398231 0.881018 0.733246 0.813818 0.225361 0.209188 0.771825 0.646232 0.680543 0.765532 0.552766 0.531975 0.566327 0.867753 0.857260 0.135162 0.120329 0.442590 0.389887 0.228138 0.494100 0.304455 0.314239 0.551676 0.872469 0.956401 0.915720 0.122097 0.980650 0.568610 0.244159 0.830016 0.669698 0.936799 0.296565 0.460501 0.765950 0.123691 0.083026 0.405071 0.631234 0.796691 0.746487 0.822853 0.701952 0.255731 0.524088 0.955338 0.834190 0.578321 0.605547 0.335614 0.232433 0.843921 0.254185 0.618450 0.258049 0.062070 0.373819 0.096491 0.758551 0.347610 0.773768 0.649609 0.643717 0.275871 0.423244 0.205109 0.819065 0.047760 0.949785 0.009267 0.005144 0.954383 0.016127 0.771762 0.547136 0.760143 0.178554 0.784579 0.371980 0.275209 0.154495 0.106431 0.269903 0.164449 0.867178 0.526950 0.986389 0.065485 0.095872 0.185789 0.395266 0.474337 0.490421 0.301634 0.104717 0.188189 0.769349 0.445100 0.456707 0.227911 0.920462 0.958920 0.808674 0.695643 0.029523 0.838380 0.657100 0.392384 0.277701 0.254584 0.793896 0.116952 0.311314 0.046265 0.603034 0.544692 0.249426 0.626487 0.288642 0.215166 0.525290 0.465515 0.873242 0.835849 0.714520 0.222883 0.749975 0.466588 0.330401 0.327219 0.409943 0.850385 0.597948 0.697897 0.164617 0.787774 0.096586 0.288147 0.876462 0.532817 0.220980 0.261901 0.873274 0.472360 0.302074 0.598910
0.080869 0.248754 0.459704 0.353587 0.453672 0.340526 0.128306 0.706732 0.515741 0.729143 0.070923 0.311449 0.891574 0.072088 0.725816 0.081601 0.480319 0.023428 0.270083 0.089717 0.833654 0.328566 0.385645 0.594685 0.501584 0.420447 0.388257 0.536397 0.583425 0.979805 0.063653 0.809343 0.486024 0.949150 0.259806 0.645908 0.219690 0.529975 0.001966 0.940711 0.605296 0.638729 0.303470 0.821203 0.025188 0.980226 0.641600 0.253314 0.286031 0.665704 0.543195 0.443627 0.298403 0.198700 0.308156 0.645501 0.283917 0.800606 0.866264 0.454448 0.816006 0.386169 0.903815 0.864112 0.016079 0.775923 0.275581 0.487212 0.703273 0.877355 0.236847 0.529681 0.395724 0.128490 0.679369 0.552428 0.207232 0.728590 0.794038 0.400025 0.632958 0.485701 0.049465 0.952251 0.180801 0.392990 0.232369 0.914361 0.746707 0.613245 0.600319 0.490067 0.091448 0.841843 0.068735 0.382675 0.051900 0.160358 0.957217 0.347219 0.786134 0.508926 0.905490 0.725571 0.669457 0.443454 0.470279 0.889519 0.173635 0.799210 0.542665 0.625115 0.026366 0.444647 0.805703 0.788538 0.114979 0.303735 0.173760 0.114083 0.308120 0.115898 0.629442 0.274552 0.518395 0.644115 0.677785 0.679622 0.080680 0.495199 0.489076 0.177209 0.251103 0.041069 0.075077 0.739322 0.193207 0.041927 0.035723 0.470208 0.668736 0.081017 0.377136 0.897882 0.818260 0.609376 0.730234 0.472449 0.415470 0.730353 0.770301 0.940871 0.096608 0.411711 0.022952 0.739201 0.780537 0.871120 0.673936 0.606026 0.495594 0.299968 0.979177 0.082912 0.591381 0.868961 0.674251 0.946575 0.382274 0.992613 0.424308 0.073981 0.226691 0.186774 0.777568 0.924912 0.164539 0.929462 0.050620 0.347148 0.961260 0.304400 0.944385 0.557341 0.006334 0.601818 0.676311 0.361886 0.037946 0.098737 0.964915 0.540190 0.923200 0.527355 0.628113 0.911421 0.625008 0.196860 0.282918 0.182758
0.111345 0.948634 0.412332 0.318579 0.963225 0.189864 0.233113 0.442973 0.224563 0.871852 0.438146 0.825790 0.082268 0.304253 0.857450 0.032356 0.338763 0.802281 0.488610 0.791686 0.548288 0.775307 0.307940 0.409610 0.793455 0.894065 0.267077 0.328291 0.441308 0.749163 0.416236 0.321867 0.831957 0.040872 0.984019 0.156428 0.401677 0.598772 0.832987 0.034728 0.984638 0.308470 0.115802 0.072475 0.606374 0.006631 0.752942 0.079877 0.252562 0.832489 0.682638 0.425107 0.203485 0.502807 0.599374 0.240252 0.241109 0.071455 0.237209 0.552393 0.760678 0.398219 0.498897 0.766886 0.201342 0.942438 0.017588 0.278310 0.016100 0.855417 0.363098 0.425494 0.024499 0.421471 0.019516 0.616628 0.544821 0.588117 0.486883 0.544110 0.059522 0.647782 0.451974 0.327316 0.899506 0.774061 0.389386 0.557037 0.568162 0.336997 0.056318 0.236043 0.715080 0.236102 0.255728 0.262738 0.248643 0.162036 0.500916 0.820290 0.578707 0.732751 0.271258 0.565528 0.913334 0.504196 0.550140 0.803040 0.844572 0.761082 0.070187 0.555372 0.812563 0.467864 0.057873 0.654721 0.311567 0.781332 0.405455 0.992587 0.363285 0.236992 0.069372 0.262063 0.822384 0.537497 0.886089 0.650913 0.675874 0.229616 0.446576 0.037558 0.523648 0.650033 0.560935 0.106271 0.489420 0.146505 0.984032 0.156901 0.705351 0.179674 0.296951 0.491328 0.714724 0.223406 0.845024 0.716743 0.744426 0.077229 0.766287 0.866270 0.807061 0.236378 0.773992 0.424179 0.261269 0.637050 0.869496 0.551963 0.531727 0.864356 0.604542 0.505489 0.334526 0.944444 0.306920 0.035248 0.746530 0.636776 0.198066 0.718459 0.391503 0.368207 0.318366 0.861560 0.027202 0.196817 0.628164 0.975529 0.839851 0.178153 0.057006 0.733992 0.072705 0.351378 0.450958 0.029244 0.877550 0.656422 0.714578 0.430949 0.312420 0.511060 0.128427 0.629871 0.082975 0.781904 0.501876 0.094127
0.979354 0.114518 0.990768 0.891614 0.176714 0.099676 0.156685 0.582261 0.069073 0.287752 0.575225 0.362087 0.130120 0.385106 0.242810 0.490320 0.330399 0.850574 0.770894 0.977684 0.118148 0.163555 0.135622 0.425379 0.947465 0.154443 0.066772 0.973121 0.439025 0.247425 0.161997 0.004981 0.870357 0.990229 0.105271 0.569127 0.216522 0.882780 0.167973 0.304958 0.858256 0.573978 0.223943 0.032436 0.522659 0.685668 0.065655 0.085934 0.371841 0.675664 0.978327 0.660442 0.124817 0.117184 0.103032 0.075036 0.016019 0.499792 0.847053 0.220321 0.350601 0.226689 0.106932 0.487162 0.011818 0.810740 0.543988 0.833961 0.933738 0.842630 0.751439 0.883861 0.916004 0.463046 0.905582 0.653276 0.587992 0.075251 0.229942 0.178500 0.251122 0.802136 0.898977 0.255686 0.022666 0.981354 0.338688 0.377709 0.764024 0.596016 0.093013 0.818427 0.226659 0.478111 0.840575 0.345499 0.539469 0.246979 0.724751 0.328675 0.621478 0.007482 0.228943 0.334764 0.260375 0.045777 0.353105 0.831821 0.260928 0.645006 0.964818 0.665010 0.929563 0.485253 0.606030 0.368512 0.249494 0.692611 0.904093 0.950481 0.918308 0.452889 0.616439 0.525258 0.088532 0.189872 0.699999 0.871697 0.910622 0.114428 0.278037 0.490646 0.441717 0.129592 0.887839 0.702872 0.691764 0.065894 0.325337 0.563792 0.384005 0.685674 0.151462 0.615864 0.385048 0.014096 0.953357 0.144405 0.008451 0.500026 0.461236 0.860340 0.035410 0.922612 0.685852 0.565817 0.410715 0.556478 0.993061 0.209506 0.471809 0.727836 0.380486 0.061855 0.411987 0.754262 0.500239 0.586535 0.406095 0.201708 0.255159 0.101796 0.241220 0.198268 0.519180 0.923456 0.642023 0.833462 0.424076 0.455161 0.358734 0.227940 0.785020 0.124617 0.788566 0.673281 0.788161 0.338079 0.055312 0.020893 0.764798 0.262428 0.756492 0.952475 0.533648 0.535032 0.474663 0.322059 0.749228 0.045924
0.009122 0.570263 0.747820 0.271022 0.951541 0.505427 0.152863 0.163200 0.233236 0.616597 0.194038 0.206727 0.362108 0.384274 0.796959 0.560084 0.967653 0.634244 0.964053 0.231730 0.624365 0.795229 0.122190 0.049926 0.997812 0.767745 0.970489 0.706873 0.423822 0.013223 0.607923 0.048124 0.609674 0.067506 0.151992 0.235956 0.164222 0.118665 0.949226 0.609012 0.226121 0.518340 0.961343 0.516066 0.448334 0.605834 0.757292 0.942611 0.518479 0.662059 0.671629 0.212626 0.462851 0.630759 0.925067 0.713318 0.477057 0.636962 0.704850 0.629148 0.719146 0.298644 0.560902 0.013208 0.162438 0.317865 0.835467 0.452846 0.146607 0.115451 0.422409 0.047173 0.477858 0.569543 0.011925 0.639363 0.919517 0.296696 0.190319 0.765785 0.250510 0.860946 0.753438 0.915216 0.195709 0.121698 0.783216 0.494328 0.694689 0.898594 0.627776 0.387146 0.807997 0.552666 0.424390 0.093293 0.954767 0.028915 0.642682 0.820742 0.733908 0.542194 0.161430 0.413313 0.426866 0.183079 0.991352 0.059658 0.521457 0.436108 0.108680 0.439396 0.652530 0.791676 0.298791 0.451964 0.281530 0.525145 0.391951 0.370216 0.581158 0.447233 0.169693 0.809380 0.152961 0.802528 0.817257 0.621602 0.210232 0.316278 0.944376 0.679727 0.036581 0.987448 0.907990 0.960468 0.183509 0.638998 0.623855 0.983304 0.445819 0.032014 0.318882 0.999269 0.282046 0.513744 0.323602 0.303180 0.054160 0.760866 0.613566 0.346062 0.266699 0.081632 0.047833 0.977390 0.098298 0.328322 0.840596 0.747883 0.487580 0.801074 0.033434 0.620479 0.067171 0.250446 0.802132 0.767610 0.219832 0.970767 0.437730 0.222917 0.335690 0.525889 0.609660 0.237260 0.637532 0.424497 0.270820 0.227420 0.814162 0.396933 0.094461 0.539844 0.283471 0.644376 0.613051 0.771747 0.432106 0.168162 0.775241 0.933699 0.009496 0.119726 0.398172 0.793711 0.857075 0.086288 0.505382 0.795864
0.004691 0.553672 0.408834 0.639887 0.090723 0.520923 0.455117 0.447925 0.599424 0.094728 0.179909 0.291987 0.622340 0.796262 0.745900 0.490616 0.134676 0.493849 0.297895 0.535252 0.713901 0.620539 0.817724 0.815678 0.678508 0.051672 0.776346 0.463573 0.945516 0.405197 0.200074 0.506532 0.605448 0.945086 0.240392 0.828355 0.679939 0.800721 0.280381 0.101918 0.253847 0.013848 0.135177 0.398347 0.890967 0.634978 0.548497 0.573923 0.329532 0.111517 0.666564 0.050400 0.971733 0.441765 0.236363 0.441078 0.389289 0.786390 0.250972 0.295074 0.296792 0.707056 0.726182 0.229762 0.044661 0.125225 0.829999 0.037249 0.065382 0.709358 0.658876 0.786068 0.390185 0.384797 0.573084 0.916281 0.793248 0.129278 0.287643 0.495602 0.569104 0.291691 0.301911 0.832984 0.832386 0.464447 0.002046 0.912284 0.201417 0.654818 0.955196 0.423731 0.422881 0.446002 0.246261 0.430942 0.680570 0.226129 0.587135 0.904934 0.626186 0.715812 0.493031 0.295107 0.771750 0.390816 0.469096 0.692323 0.583784 0.724254 0.236040 0.097233 0.767039 0.369779 0.520206 0.382919 0.421519 0.014501 0.741859 0.948158 0.591576 0.142961 0.300227 0.840418 0.748103 0.776406 0.443318 0.398656 0.383767 0.084694 0.431660 0.323607 0.071838 0.092654 0.912309 0.297559 0.973019 0.414392 0.010273 0.839848 0.437886 0.585347 0.760885 0.212573 0.947690 0.237384 0.861397 0.985186 0.401662 0.887599 0.090143 0.438426 0.264969 0.563051 0.580816 0.619180 0.785940 0.418429 0.405530 0.276744 0.273983 0.499569 0.441202 0.326951 0.515353 0.504464 0.731062 0.793526 0.662136 0.451307 0.868317 0.031906 0.659026 0.460301 0.053013 0.028004 0.560569 0.028501 0.358897 0.694449 0.711205 0.358296 0.475925 0.598738 0.890851 0.882229 0.950846 0.990714 0.406930 0.305369 0.865054 0.822484 0.075375 0.283763 0.286271 0.837478 0.336276 0.279970 0.726397 0.897031
0.959381 0.454869 0.601642 0.002722 0.825778 0.327600 0.294458 0.871010 0.410886 0.818571 0.242590 0.902687 0.587503 0.922518 0.856443 0.733850 0.240883 0.478880 0.146626 0.686413 0.333430 0.785978 0.694481 0.349888 0.937158 0.407769 0.265892 0.693429 0.823737 0.501141 0.187994 0.781184 0.471833 0.245882 0.034567 0.768034 0.077153 0.701798 0.577624 0.705741 0.907696 0.321917 0.207455 0.665054 0.850452 0.191477 0.632041 0.990879 0.951474 0.075966 0.323355 0.199187 0.033305 0.876700 0.996907 0.950873 0.486595 0.671122 0.443992 0.091694 0.670685 0.587639 0.054197 0.322905 0.504044 0.299867 0.052996 0.182265 0.231482 0.951930 0.403190 0.628285 0.889632 0.192934 0.595737 0.564868 0.636712 0.215596 0.871169 0.998666 0.408135 0.487046 0.699566 0.027052 0.375268 0.706904 0.571784 0.888803 0.189543 0.069646 0.264316 0.297663 0.462627 0.255653 0.339992 0.457729 0.326836 0.331755 0.694675 0.322416 0.139216 0.857894 0.657847 0.406644 0.832516 0.616609 0.483667 0.818265 0.274058 0.264047 0.716366 0.587788 0.460169 0.209117 0.143506 0.795665 0.657267 0.351542 0.923215 0.323700 0.778671 0.099105 0.219581 0.896169 0.782428 0.509754 0.199382 0.056114 0.162220 0.445889 0.133174 0.298089 0.471787 0.964208 0.914379 0.517203 0.231276 0.756661 0.129299 0.618134 0.708242 0.842129 0.898250 0.932923 0.814077 0.971681 0.994842 0.471309 0.626193 0.721887 0.746868 0.362601 0.762720 0.947071 0.157909 0.769236 0.768949 0.688561 0.644083 0.228145 0.341117 0.553403 0.501768 0.743875 0.278793 0.349622 0.655957 0.369018 0.848311 0.638051 0.949683 0.588287 0.926386 0.293297 0.000061 0.153235 0.526920 0.516125 0.717571 0.986108 0.489638 0.663831 0.383895 0.665125 0.517365 0.587113 0.677955 0.428461 0.134270 0.545588 0.581806 0.409220 0.068253 0.379227 0.836797 0.028346 0.866875 0.368241 0.370421 0.037265
0.332962 0.364759 0.046886 0.692216 0.831438 0.552778 0.881916 0.399249 0.810676 0.839568 0.803245 0.495560 0.476268 0.063159 0.907504 0.794605 0.287090 0.369042 0.637412 0.850802 0.993764 0.857296 0.912454 0.433836 0.657007 0.199486 0.726816 0.448387 0.635160 0.619411 0.596437 0.269879 0.272885 0.373912 0.053760 0.198061 0.394036 0.714571 0.906355 0.264056 0.607325 0.288723 0.014067 0.569792 0.791937 0.154814 0.479805 0.324387 0.567954 0.675337 0.234543 0.948822 0.628800 0.472809 0.419843 0.384361 0.271151 0.739004 0.357352 0.207571 0.413063 0.333429 0.884532 0.029657 0.099949 0.746968 0.257819 0.441342 0.755541 0.932302 0.947410 0.027020 0.358012 0.287201 0.096592 0.875165 0.340043 0.782422 0.713570 0.602441 0.057341 0.884724 0.293955 0.711720 0.239870 0.318450 0.293673 0.224344 0.950761 0.453851 0.421964 0.454913 0.075124 0.558119 0.341736 0.907122 0.741777 0.283265 0.493961 0.339872 0.017208 0.556485 0.861361 0.196261 0.323996 0.563746 0.339551 0.262071 0.537796 0.238800 0.202943 0.830595 0.461964 0.905709 0.141481 0.442433 0.997651 0.165208 0.991017 0.963295 0.435665 0.781040 0.807893 0.698599 0.986177 0.482785 0.068221 0.148785 0.593893 0.115559 0.760937 0.578561 0.404108 0.538493 0.658594 0.843895 0.993280 0.853331 0.602805 0.135341 0.700740 0.562353 0.270106 0.159251 0.723650 0.324513 0.277606 0.146647 0.484829 0.834557 0.409442 0.617051 0.274360 0.400154 0.408898 0.772880 0.562988 0.444033 0.337427 0.366613 0.404505 0.271028 0.426890 0.678918 0.458822 0.082405 0.294452 0.310394 0.843520 0.463843 0.665308 0.773679 0.496131 0.986509 0.390923 0.085175 0.296404 0.568038 0.868248 0.314045 0.549890 0.307277 0.143834 0.741983 0.079272 0.053020 0.903110 0.082801 0.727182 0.392410 0.744633 0.705790 0.984774 0.748586 0.313360 0.857492 0.935078 0.936163 0.233193 0.269770
0.430857 0.428117 0.853929 0.073860 0.115844 0.988403 0.748304 0.443410 0.089276 0.784132 0.622094 0.952224 0.782363 0.414266 0.239114 0.730026 0.902278 0.061289 0.468912 0.683290 0.665113 0.914210 0.130124 0.780674 0.475709 0.262114 0.261811 0.908245 0.162175 0.503990 0.993141 0.276332 0.124163 0.424413 0.047600 0.137125 0.374759 0.873793 0.281109 0.474093 0.570625 0.279494 0.227277 0.912170 0.873780 0.602824 0.757639 0.785148 0.237591 0.096151 0.502064 0.350624 0.706247 0.859535 0.683377 0.446549 0.473378 0.317717 0.739860 0.109758 0.377598 0.140444 0.783707 0.084436 0.501653 0.373822 0.208239 0.377401 0.257028 0.395788 0.403617 0.360652 0.813542 0.849312 0.834046 0.118164 0.056048 0.699441 0.831035 0.414317 0.706314 0.639741 0.905029 0.228864 0.649081 0.690727 0.789166 0.271231 0.097423 0.508114 0.591693 0.164981 0.344387 0.732586 0.144957 0.645766 0.603761 0.703358 0.295941 0.059191 0.232688 0.685310 0.975275 0.889207 0.985525 0.433848 0.620576 0.692154 0.549211 0.716271 0.946373 0.634949 0.232494 0.759303 0.451411 0.777266 0.716766 0.716814 0.953336 0.504884 0.045219 0.031103 0.851582 0.658641 0.012716 0.259647 0.247910 0.964454 0.691706 0.625172 0.760000 0.527797 0.698765 0.708873 0.691687 0.326108 0.601805 0.302869 0.418174 0.595452 0.928310 0.132550 0.358030 0.776243 0.152517 0.425764 0.732435 0.524415 0.346923 0.352153 0.588558 0.966254 0.839017 0.855386 0.974823 0.631139 0.716464 0.595757 0.240938 0.323920 0.930863 0.664480 0.896760 0.257414 0.980884 0.834674 0.286158 0.905583 0.110950 0.808910 0.572915 0.401978 0.914017 0.774852 0.822642 0.427020 0.687259 0.242140 0.971949 0.969872 0.494035 0.505948 0.961679 0.691690 0.538615 0.602723 0.107279 0.951817 0.899648 0.640204 0.220872 0.187523 0.735210 0.002242 0.831770 0.748951 0.048206 0.465052 0.910977 0.190803
0.356168 0.875450 0.358495 0.493003 0.885287 0.710584 0.249372 0.423745 0.935958 0.747941 0.429691 0.195691 0.056508 0.829063 0.090300 0.946589 0.790665 0.305407 0.000038 0.463547 0.443329 0.152564 0.870586 0.697387 0.333689 0.538458 0.561446 0.468142 0.104427 0.624766 0.063698 0.849598 0.750967 0.863014 0.612392 0.498554 0.575165 0.396264 0.244273 0.212455 0.856386 0.986823 0.990048 0.770501 0.056963 0.761292 0.971775 0.894171 0.591844 0.834074 0.103761 0.071622 0.255780 0.328897 0.867220 0.384939 0.894891 0.268131 0.893508 0.624032 0.688494 0.699198 0.595056 0.041105 0.646036 0.205272 0.351668 0.502417 0.050462 0.645244 0.938207 0.101261 0.220024 0.012144 0.011989 0.099600 0.753244 0.717702 0.440943 0.171881 0.730240 0.433280 0.554347 0.112149 0.669068 0.056849 0.405418 0.722492 0.686086 0.281392 0.492655 0.378669 0.275832 0.470390 0.161084 0.354120 0.193078 0.124130 0.849016 0.778720 0.511957 0.948782 0.318458 0.430246 0.630269 0.832243 0.514808 0.571044 0.101747 0.678092 0.765530 0.246787 0.912115 0.306395 0.402425 0.929210 0.596268 0.285337 0.817283 0.523849 0.210217 0.639794 0.904057 0.658897 0.458119 0.558050 0.344586 0.011392 0.038927 0.546804 0.342500 0.935583 0.737079 0.650658 0.342154 0.148367 0.693114 0.145794 0.724090 0.556421 0.956297 0.905257 0.461877 0.062237 0.032076 0.992814 0.354152 0.279903 0.425911 0.004582 0.705714 0.012661 0.694349 0.582426 0.633801 0.262445 0.391033 0.160333 0.548969 0.296121 0.181324 0.581261 0.760996 0.477026 0.904248 0.869392 0.315977 0.273733 0.603175 0.173759 0.990705 0.458851 0.843976 0.339460 0.751580 0.030606 0.728914 0.188307 0.312121 0.278044 0.442627 0.330592 0.957687 0.619426 0.533829 0.274341 0.486963 0.674967 0.933948 0.116536 0.093494 0.851857 0.664195 0.292437 0.384274 0.762224 0.649018 0.765752 0.690703 0.590833
0.900807 0.271644 0.314770 0.536199 0.982101 0.730016 0.819076 0.440953 0.201845 0.011248 0.218473 0.575207 0.782755 0.940948 0.398785 0.175103 0.477758 0.348786 0.825212 0.450787 0.565778 0.516273 0.300163 0.535129 0.513851 0.684478 0.472053 0.537609 0.874720 0.801691 0.672410 0.112767 0.719996 0.082669 0.166134 0.703923 0.894700 0.457732 0.916228 0.355402 0.903599 0.653863 0.890483 0.092787 0.652270 0.018901 0.258216 0.057600 0.683783 0.118682 0.488790 0.648322 0.552614 0.295850 0.274198 0.726008 0.128566 0.152554 0.148800 0.588431 0.907540 0.684072 0.056239 0.188244 0.339679 0.567157 0.030381 0.392711 0.625191 0.192205 0.356997 0.648540 0.415154 0.770037 0.482132 0.478121 0.804831 0.518482 0.543765 0.763533 0.040796 0.689450 0.426950 0.352533 0.965561 0.631383 0.374173 0.061517 0.315625 0.039408 0.069449 0.142786 0.508114 0.110779 0.055777 0.837701 0.456198 0.516348 0.245876 0.256031 0.262123 0.481878 0.437268 0.202419 0.299305 0.570552 0.144632 0.670423 0.455376 0.079430 0.592137 0.002086 0.030888 0.084954 0.172064 0.145340 0.379801 0.265845 0.526503 0.138264 0.719305 0.072678 0.364488 0.036971 0.991428 0.641176 0.213125 0.647675 0.348109 0.921313 0.785285 0.630192 0.337675 0.918518 0.154368 0.824271 0.145271 0.810830 0.200825 0.625523 0.611713 0.999713 0.052552 0.485653 0.591306 0.133268 0.759368 0.440931 0.444276 0.842651 0.217490 0.115017 0.915493 0.910065 0.667298 0.465141 0.636906 0.515088 0.106047 0.708851 0.122084 0.025854 0.388816 0.993848 0.706856 0.569948 0.576080 0.576157 0.010613 0.164639 0.572975 0.100166 0.199580 0.631578 0.040801 0.219876 0.718194 0.113944 0.003308 0.306937 0.679029 0.199799 0.671248 0.098512 0.086241 0.709600 0.411963 0.101455 0.582082 0.674960 0.621942 0.606577 0.448614 0.109421 0.205437 0.687728 0.575072 0.782908 0.887649 0.880250
0.884973 0.596113 0.763529 0.768707 0.582847 0.084533 0.215167 0.330473 0.213978 0.868770 0.900966 0.125628 0.309477 0.574901 0.526542 0.978549 0.464796 0.539891 0.160504 0.077363 0.376432 0.675698 0.581066 0.909694 0.742296 0.896465 0.890728 0.100786 0.002263 0.219013 0.178057 0.809618 0.408224 0.024947 0.724844 0.639174 0.080532 0.481452 0.363470 0.347510 0.382362 0.395693 0.547512 0.403854 0.618489 0.634063 0.845109 0.755895 0.757959 0.736200 0.439806 0.766857 0.253947 0.266584 0.995824 0.212278 0.801428 0.132691 0.963227 0.457074 0.584154 0.395858 0.173667 0.107390 0.574233 0.743538 0.859570 0.290552 0.479280 0.564336 0.299666 0.363276 0.879685 0.953397 0.170893 0.130545 0.808152 0.567594 0.147131 0.369768 0.884374 0.257073 0.001984 0.367873 0.446180 0.608639 0.060904 0.969514 0.852397 0.671769 0.740002 0.545627 0.646976 0.173063 0.655817 0.871507 0.844315 0.962889 0.830303 0.609508 0.329364 0.402226 0.121396 0.662372 0.688603 0.310157 0.571923 0.777217 0.435346 0.773747 0.657965 0.143722 0.870417 0.787684 0.498777 0.712538 0.499620 0.348203 0.579866 0.304855 0.110504 0.335295 0.611398 0.338206 0.498663 0.214822 0.604597 0.026030 0.147754 0.293443 0.761274 0.046241 0.626386 0.387473 0.645143 0.874388 0.747136 0.382381 0.596106 0.557713 0.576304 0.046265 0.875261 0.192653 0.433356 0.519209 0.171922 0.542656 0.609378 0.078816 0.786221 0.273181 0.650255 0.620451 0.449330 0.489428 0.915043 0.132547 0.277245 0.249121 0.077052 0.491831 0.022056 0.981396 0.829929 0.425121 0.747386 0.585821 0.051227 0.672006 0.819395 0.124120 0.455973 0.487556 0.589636 0.914593 0.682770 0.061176 0.158422 0.162630 0.764789 0.985501 0.239325 0.694697 0.314124 0.647485 0.659679 0.704599 0.292999 0.075391 0.639751 0.911814 0.260854 0.954361 0.037013 0.728808 0.035259 0.230374 0.732670 0.099399
0.368188 0.706454 0.241206 0.905468 0.111352 0.423693 0.978554 0.619609 0.566962 0.547185 0.090658 0.898646 0.823574 0.518041 0.365860 0.880320 0.470741 0.978830 0.867569 0.776737 0.376136 0.669754 0.620181 0.569096 0.213065 0.108567 0.710679 0.123229 0.431232 0.714390 0.159419 0.373985 0.346796 0.395194 0.387451 0.195871 0.358403 0.381537 0.769305 0.307892 0.397526 0.607751 0.219231 0.076286 0.622071 0.066077 0.735456 0.983141 0.728513 0.735317 0.449796 0.115262 0.715139 0.692432 0.197083 0.325001 0.030878 0.673694 0.484759 0.045936 0.887164 0.919860 0.537600 0.931790 0.509504 0.691152 0.048100 0.620451 0.228935 0.601450 0.758103 0.228423 0.557218 0.766835 0.574908 0.852954 0.509520 0.864320 0.967964 0.987445 0.870651 0.195012 0.096911 0.425076 0.094519 0.855193 0.126957 0.358986 0.368546 0.564979 0.055099 0.481699 0.240952 0.634812 0.753770 0.908915 0.340184 0.039357 0.545198 0.746711 0.770543 0.043543 0.549043 0.086073 0.519424 0.240172 0.202889 0.786843 0.577222 0.216305 0.273543 0.615988 0.661756 0.991430 0.629819 0.828164 0.503695 0.119188 0.082012 0.968911 0.195293 0.650954 0.816968 0.781936 0.530953 0.812324 0.542408 0.503587 0.531171 0.642261 0.880921 0.899061 0.797295 0.377618 0.413929 0.970774 0.991226 0.921557 0.619227 0.992106 0.958867 0.625312 0.195967 0.268764 0.246520 0.251472 0.145617 0.340564 0.730632 0.716765 0.317835 0.758694 0.102150 0.119766 0.620228 0.510754 0.960781 0.705792 0.929867 0.088551 0.581774 0.758644 0.167797 0.467390 0.654554 0.954518 0.728243 0.811446 0.236950 0.530123 0.174511 0.455338 0.469127 0.932031 0.664768 0.207183 0.955175 0.207601 0.365999 0.807903 0.738350 0.961936 0.098279 0.636457 0.538984 0.936529 0.743070 0.486623 0.699486 0.511465 0.143743 0.673567 0.728526 0.414242 0.943044 0.916343 0.530577 0.626050 0.207281 0.184856
0.442280 0.457784 0.768538 0.530442 0.536168 0.114555 0.136006 0.189525 0.288729 0.152918 0.519212 0.623761 0.745951 0.994799 0.461670 0.918387 0.189675 0.855711 0.956946 0.600718 0.218033 0.961811 0.015736 0.167437 0.445855 0.274584 0.993966 0.785576 0.432412 0.754478 0.087813 0.400430 0.912004 0.407126 0.777467 0.434363 0.616302 0.896111 0.723287 0.879578 0.240424 0.862537 0.154346 0.758614 0.795879 0.663894 0.466130 0.254125 0.206940 0.566519 0.278626 0.312589 0.607926 0.592707 0.253246 0.115015 0.917402 0.497415 0.311248 0.864027 0.722324 0.872249 0.243522 0.589057 0.744285 0.596611 0.990603 0.653304 0.368569 0.428998 0.655287 0.978803 0.350525 0.068469 0.404820 0.549729 0.620973 0.060950 0.329727 0.050710 0.424521 0.897618 0.662821 0.744268 0.014077 0.942077 0.754634 0.807650 0.442999 0.244238 0.872881 0.620295 0.619146 0.715033 0.178945 0.055837 0.081727 0.959086 0.819138 0.567856 0.477866 0.945907 0.557428 0.149100 0.414910 0.502214 0.340584 0.787445 0.256226 0.517909 0.297790 0.442048 0.835222 0.401381 0.742025 0.723122 0.622377 0.857189 0.845150 0.381460 0.138286 0.321835 0.414258 0.010672 0.830997 0.295087 0.921308 0.421875 0.507628 0.701358 0.272866 0.004906 0.778930 0.614952 0.293149 0.881845 0.083865 0.947678 0.315250 0.525401 0.303323 0.034275 0.680791 0.512899 0.951128 0.550488 0.059305 0.137728 0.124544 0.712304 0.399464 0.810001 0.950653 0.453723 0.837334 0.808169 0.728177 0.756789 0.743463 0.428279 0.167456 0.121243 0.270243 0.066358 0.607738 0.332376 0.923847 0.984389 0.199298 0.158623 0.439328 0.789732 0.271523 0.881642 0.945022 0.366469 0.158115 0.138401 0.932550 0.848522 0.847877 0.690734 0.221384 0.508293 0.727503 0.215908 0.400302 0.364773 0.267960 0.516697 0.802669 0.999556 0.347902 0.868806 0.329629 0.498450 0.728396 0.376224 0.454120 0.214185
0.935472 0.467758 0.022545 0.699698 0.609951 0.418063 0.841423 0.469917 0.854533 0.122438 0.275521 0.361693 0.853779 0.060376 0.600023 0.945893 0.199377 0.287157 0.650587 0.971703 0.414704 0.676279 0.584777 0.468459 0.465496 0.295994 0.037961 0.119687 0.617279 0.573787 0.118154 0.825696 0.606875 0.274940 0.928834 0.054288 0.362766 0.775990 0.434559 0.260556 0.590746 0.146782 0.761759 0.824579 0.733300 0.069675 0.692583 0.585558 0.189105 0.519481 0.744928 0.585959 0.956816 0.152816 0.436964 0.047872 0.303149 0.261920 0.200957 0.712421 0.976133 0.687432 0.845674 0.583118 0.811608 0.765944 0.410841 0.300475 0.409060 0.086536 0.954586 0.424167 0.868791 0.473061 0.233780 0.911827 0.825340 0.654833 0.253199 0.046474 0.712606 0.448744 0.268504 0.888885 0.657797 0.784121 0.326839 0.240928 0.527486 0.670721 0.988270 0.446892 0.214057 0.406516 0.420073 0.293138 0.578027 0.058745 0.128410 0.486749 0.044335 0.400316 0.868463 0.546875 0.855227 0.841340 0.753029 0.523653 0.225517 0.998058 0.412960 0.341572 0.046007 0.998594 0.456009 0.846301 0.013293 0.286364 0.489758 0.104728 0.370261 0.234446 0.075968 0.751646 0.890399 0.945654 0.834046 0.828861 0.874350 0.536601 0.367063 0.290660 0.938317 0.714089 0.712283 0.581522 0.477656 0.522754 0.285725 0.721928 0.758414 0.270057 0.180126 0.836627 0.921202 0.461476 0.023673 0.156474 0.640596 0.736414 0.764593 0.666896 0.116837 0.683948 0.803030 0.347476 0.926359 0.441918 0.629438 0.261534 0.912522 0.268392 0.714935 0.261540 0.516995 0.961503 0.181373 0.817027 0.826155 0.068400 0.091046 0.420564 0.823129 0.024303 0.477329 0.090562 0.945758 0.789618 0.232583 0.812518 0.313317 0.700446 0.907698 0.957488 0.153513 0.614709 0.491014 0.620507 0.841023 0.747777 0.073006 0.747818 0.476893 0.581500 0.263452 0.083764 0.156391 0.600791 0.113099 0.586837
0.965207 0.921626 0.738922 0.541869 0.937158 0.457027 0.001854 0.312028 0.015228 0.233274 0.472055 0.419863 0.440610 0.665983 0.794193 0.646480 0.644872 0.847939 0.361611 0.617974 0.297120 0.824091 0.322398 0.863656 0.956785 0.058201 0.809491 0.138750 0.619596 0.462333 0.167078 0.729526 0.219253 0.905505 0.290821 0.033759 0.515747 0.806957 0.159719 0.825193 0.733471 0.069394 0.051639 0.582397 0.540463 0.062494 0.250828 0.042462 0.345941 0.625063 0.782490 0.387101 0.696039 0.205936 0.618407 0.604496 0.314854 0.715328 0.293004 0.954299 0.497116 0.950189 0.783251 0.325614 0.443910 0.857562 0.788276 0.880679 0.325165 0.481100 0.202842 0.218233 0.689544 0.105058 0.814153 0.581971 0.495072 0.160857 0.601005 0.847248 0.872896 0.860902 0.678763 0.831795 0.871227 0.662244 0.406051 0.940265 0.353267 0.166282 0.808960 0.567922 0.996243 0.759617 0.904014 0.064553 0.867588 0.364904 0.283516 0.329983 0.292431 0.644806 0.748506 0.635746 0.569625 0.950509 0.279031 0.817960 0.049260 0.709546 0.454635 0.918985 0.237609 0.485201 0.169796 0.940301 0.028123 0.102386 0.131309 0.938627 0.910447 0.987797 0.160111 0.889474 0.121152 0.858480 0.440924 0.695430 0.977990 0.222309 0.458401 0.544690 0.242765 0.971610 0.501674 0.207003 0.827274 0.530155 0.211297 0.878207 0.515603 0.873568 0.509351 0.953375 0.219511 0.490382 0.732147 0.335271 0.029059 0.316257 0.142686 0.365423 0.284025 0.004192 0.814592 0.801591 0.287161 0.768524 0.406545 0.475355 0.315425 0.028232 0.664477 0.242572 0.990710 0.247804 0.389734 0.794057 0.929013 0.095292 0.248345 0.699525 0.784353 0.872981 0.217552 0.014439 0.393900 0.076042 0.211650 0.928571 0.807812 0.617332 0.829804 0.914600 0.751970 0.395290 0.625126 0.521763 0.477963 0.760987 0.169596 0.634350 0.993450 0.173096 0.355088 0.193433 0.588797 0.677336 0.156985 0.491664
0.256560 0.501157 0.370554 0.195896 0.786899 0.695596 0.282760 0.287666 0.312730 0.206938 0.626136 0.030061 0.787015 0.118810 0.993762 0.156136 0.649131 0.816965 0.402696 0.063024 0.505040 0.752497 0.125011 0.699415 0.145256 0.830175 0.795596 0.378734 0.311585 0.808484 0.455343 0.580499 0.100548 0.160872 0.645963 0.178399 0.337263 0.449134 0.013176 0.447754 0.692433 0.018538 0.666726 0.141150 0.419544 0.536487 0.114272 0.283893 0.225336 0.439931 0.914061 0.007715 0.503375 0.811407 0.562207 0.045985 0.828160 0.916149 0.866472 0.767974 0.220360 0.254355 0.521198 0.127240 0.887335 0.162060 0.483055 0.620230 0.928339 0.397857 0.094380 0.741270 0.311352 0.759537 0.825803 0.541068 0.439471 0.434925 0.862516 0.380183 0.494088 0.454066 0.658247 0.574364 0.403688 0.291291 0.438641 0.102432 0.839267 0.367037 0.808459 0.658616 0.179656 0.226024 0.732896 0.843863 0.656819 0.963857 0.643313 0.035534 0.527595 0.292402 0.732504 0.256120 0.168377 0.585313 0.673199 0.859653 0.909167 0.150753 0.540673 0.572344 0.571858 0.189239 0.616913 0.388018 0.347270 0.370646 0.015200 0.879354 0.878500 0.446824 0.864504 0.768354 0.285007 0.523193 0.583660 0.963796 0.602117 0.104281 0.182393 0.620750 0.737533 0.204699 0.633195 0.818018 0.463624 0.391551 0.563609 0.409118 0.267228 0.140150 0.936410 0.621915 0.423669 0.022675 0.868092 0.424148 0.342580 0.756623 0.386735 0.668618 0.741689 0.146512 0.308589 0.777030 0.246190 0.784418 0.605110 0.644480 0.141599 0.429066 0.056180 0.712933 0.434635 0.835945 0.330400 0.003162 0.469396 0.261270 0.330805 0.229269 0.028951 0.841369 0.915611 0.357331 0.249404 0.789449 0.522890 0.499029 0.997600 0.354065 0.356678 0.784651 0.207003 0.909612 0.444468 0.392053 0.462290 0.914194 0.255291 0.702540 0.636583 0.171083 0.175958 0.030439 0.569538 0.393924 0.758162 0.957273
0.844833 0.792954 0.625459 0.082814 0.693538 0.606974 0.425607 0.351949 0.053969 0.976312 0.501755 0.360631 0.018895 0.370949 0.546269 0.774078 0.029293 0.718821 0.687930 0.492790 0.933234 0.488602 0.246638 0.626617 0.525581 0.076251 0.812822 0.620902 0.546941 0.903967 0.692820 0.248855 0.526665 0.073133 0.827086 0.039030 0.720420 0.523052 0.949801 0.922009 0.827446 0.636433 0.854970 0.221921 0.909699 0.473853 0.298433 0.542105 0.757068 0.829604 0.374890 0.475499 0.913017 0.992205 0.985938 0.594931 0.854794 0.704633 0.836296 0.025048 0.311691 0.513860 0.715601 0.567833 0.705635 0.996621 0.547969 0.558325 0.694330 0.250529 0.439616 0.730863 0.710992 0.548259 0.066748 0.493442 0.348533 0.101736 0.809582 0.503184 0.358876 0.456575 0.112647 0.793483 0.384888 0.816493 0.527240 0.740307 0.906107 0.725639 0.999192 0.438833 0.360757 0.605925 0.012726 0.352653 0.662067 0.220675 0.255476 0.546780 0.746357 0.510826 0.002711 0.511556 0.347891 0.270384 0.694449 0.459870 0.372192 0.224625 0.829974 0.339169 0.197691 0.808638 0.474644 0.889170 0.324157 0.071708 0.538418 0.368458 0.042786 0.026240 0.132919 0.885185 0.961620 0.128860 0.028024 0.243710 0.724563 0.254723 0.825118 0.039750 0.052114 0.927806 0.899542 0.550735 0.431999 0.655950 0.750083 0.939599 0.184111 0.561950 0.421049 0.424373 0.118065 0.144116 0.140596 0.248141 0.176293 0.972589 0.635537 0.288478 0.071482 0.860344 0.252305 0.455190 0.451042 0.112470 0.290176 0.459060 0.342876 0.832303 0.917106 0.907398 0.174982 0.733983 0.052054 0.154151 0.662824 0.676167 0.975653 0.739002 0.230514 0.677628 0.145909 0.685206 0.926645 0.384973 0.255264 0.181719 0.406176 0.705374 0.702172 0.571811 0.692315 0.345555 0.975665 0.652131 0.860554 0.744552 0.793938 0.484606 0.454299 0.836275 0.125437 0.217734 0.853967 0.342716 0.223134 0.501911
0.285969 0.564580 0.750613 0.915023 0.879713 0.231324 0.274480 0.707047 0.371782 0.157026 0.714529 0.027675 0.898255 0.525440 0.433409 0.399627 0.175527 0.868776 0.811699 0.442998 0.394438 0.589122 0.420837 0.551942 0.097943 0.422200 0.238041 0.830571 0.288107 0.425480 0.384552 0.378096 0.524060 0.228739 0.342660 0.672049 0.103890 0.418009 0.735845 0.878070 0.479953 0.122457 0.687287 0.890958 0.738344 0.656973 0.789759 0.152846 0.094124 0.450150 0.135529 0.425122 0.792130 0.448450 0.213151 0.308544 0.863793 0.969921 0.336555 0.407747 0.314223 0.837489 0.426090 0.253531 0.775501 0.256471 0.077046 0.202568 0.886303 0.444056 0.233920 0.092542 0.825757 0.849804 0.453798 0.414660 0.746254 0.904489 0.596661 0.857207 0.589970 0.616934 0.462896 0.053353 0.527724 0.816658 0.674804 0.748956 0.754883 0.838285 0.554069 0.084142 0.497318 0.121344 0.825689 0.042397 0.111114 0.707269 0.436286 0.913160 0.413771 0.743864 0.712926 0.898483 0.183170 0.085465 0.203552 0.118506 0.526323 0.992194 0.543414 0.681893 0.483895 0.296121 0.249105 0.299590 0.204088 0.583665 0.795414 0.006905 0.770099 0.628973 0.758705 0.469207 0.736889 0.723716 0.364460 0.499856 0.187064 0.335305 0.970325 0.606997 0.392314 0.272712 0.613275 0.202786 0.448288 0.043255 0.363169 0.653090 0.150364 0.804092 0.053302 0.767690 0.300234 0.995819 0.756734 0.875702 0.792576 0.624043 0.060497 0.513941 0.039462 0.397747 0.702126 0.985074 0.537928 0.844362 0.533557 0.177132 0.381325 0.365337 0.909335 0.830644 0.144641 0.062613 0.251949 0.348992 0.449607 0.098569 0.610871 0.352014 0.753165 0.943850 0.057769 0.479204 0.739515 0.771448 0.011828 0.252014 0.391252 0.770640 0.565393 0.660328 0.961333 0.614624 0.854565 0.111407 0.260851 0.726476 0.363309 0.638675 0.721307 0.342542 0.234642 0.847871 0.232344 0.345631 0.089650 0.613257
0.967813 0.799084 0.111155 0.772659 0.625545 0.253707 0.515280 0.113315 0.098132 0.772379 0.496365 0.029333 0.731819 0.894632 0.340054 0.075405 0.440400 0.342420 0.596156 0.904972 0.843303 0.505020 0.527087 0.679953 0.638149 0.889654 0.684410 0.659113 0.316258 0.473910 0.696322 0.853146 0.745607 0.364957 0.592915 0.465224 0.143071 0.149175 0.693473 0.302695 0.929635 0.175346 0.186904 0.059759 0.868715 0.197435 0.697071 0.328687 0.369631 0.031543 0.196809 0.391633 0.588570 0.595725 0.689986 0.144007 0.658098 0.747532 0.399857 0.838034 0.930513 0.047550 0.918716 0.606627 0.231130 0.379487 0.897803 0.984913 0.109204 0.842914 0.179763 0.986252 0.482716 0.027035 0.270220 0.386368 0.813857 0.164706 0.320434 0.409740 0.055217 0.615344 0.783971 0.422722 0.041544 0.229258 0.025138 0.431534 0.990788 0.613878 0.559351 0.290159 0.692806 0.201008 0.506487 0.202761 0.100406 0.041689 0.819304 0.095915 0.833738 0.091502 0.553538 0.516712 0.187238 0.928753 0.976424 0.288181 0.712260 0.014947 0.189441 0.398823 0.836903 0.691153 0.616361 0.551985 0.411130 0.524307 0.526931 0.334742 0.354184 0.963858 0.902859 0.343996 0.839457 0.236856 0.692762 0.745447 0.841669 0.898903 0.658098 0.970605 0.088866 0.197568 0.128108 0.513578 0.805463 0.818935 0.600687 0.303275 0.145914 0.041661 0.367881 0.803211 0.157782 0.391997 0.210055 0.140142 0.676553 0.709839 0.236914 0.773279 0.163301 0.848538 0.845683 0.509489 0.806479 0.538939 0.077483 0.174811 0.681461 0.553547 0.637150 0.788406 0.397306 0.603164 0.654184 0.408003 0.052705 0.267498 0.240907 0.395515 0.383251 0.556057 0.454481 0.298191 0.354375 0.144636 0.228692 0.056178 0.448602 0.254298 0.884452 0.539728 0.022967 0.321972 0.708871 0.636879 0.725617 0.065868 0.723916 0.360026 0.118626 0.299848 0.542136 0.063391 0.127139 0.852891 0.839477 0.018423
0.598593 0.686670 0.209979 0.862007 0.567648 0.186992 0.787021 0.421610 0.710705 0.914396 0.740146 0.320350 0.028749 0.736522 0.492059 0.850804 0.815361 0.095481 0.764279 0.788323 0.374810 0.006883 0.181572 0.982320 0.152514 0.161947 0.924571 0.254273 0.821972 0.369240 0.177605 0.463527 0.169820 0.591015 0.393054 0.620964 0.236504 0.327157 0.516121 0.906728 0.592268 0.653247 0.481200 0.623481 0.056210 0.638486 0.390999 0.455093 0.561895 0.011907 0.274006 0.652101 0.830866 0.659273 0.607118 0.414286 0.925547 0.527840 0.493700 0.364993 0.502897 0.553742 0.167778 0.154492 0.074377 0.369459 0.560076 0.150371 0.954805 0.104908 0.012197 0.010179 0.178644 0.982973 0.156433 0.180646 0.549007 0.490441 0.421635 0.806540 0.979768 0.661468 0.637493 0.633827 0.407554 0.644101 0.143574 0.750299 0.921774 0.558928 0.908237 0.949423 0.016809 0.795658 0.174645 0.362890 0.248454 0.867348 0.638129 0.122805 0.353474 0.443580 0.319568 0.037702 0.313080 0.337543 0.341665 0.665514 0.377700 0.698861 0.476316 0.202749 0.952499 0.355667 0.166549 0.525722 0.317152 0.031993 0.421590 0.319399 0.820494 0.107371 0.648445 0.117699 0.768458 0.191683 0.979225 0.899461 0.528052 0.022358 0.502743 0.914769 0.038557 0.018136 0.964606 0.090391 0.565254 0.747060 0.029338 0.440883 0.606819 0.828411 0.586332 0.333225 0.185115 0.451423 0.884400 0.333526 0.703847 0.150545 0.438844 0.669134 0.500469 0.920119 0.855445 0.686616 0.603021 0.472819 0.560413 0.971651 0.525145 0.364573 0.053216 0.048460 0.572981 0.107319 0.341337 0.497105 0.984201 0.473612 0.123198 0.254888 0.919349 0.060635 0.127933 0.752121 0.456906 0.285685 0.790426 0.016311 0.338558 0.692571 0.184680 0.876499 0.990560 0.256430 0.576379 0.997159 0.593982 0.275859 0.330373 0.494388 0.990065 0.670763 0.660816 0.283428 0.056998 0.419301 0.304811 0.783507
0.259565 0.654580 0.117293 0.404183 0.396760 0.807980 0.559132 0.711568 0.263454 0.498604 0.405467 0.601556 0.026327 0.594899 0.076535 0.910442 0.773429 0.799010 0.623861 0.926042 0.379228 0.473615 0.629880 0.947420 0.924169 0.068090 0.291452 0.573239 0.164333 0.922708 0.773166 0.385044 0.322186 0.802310 0.056162 0.842326 0.714992 0.220279 0.417184 0.461643 0.950191 0.298685 0.357258 0.315469 0.241666 0.682304 0.792593 0.918255 0.661700 0.926826 0.894643 0.162380 0.214769 0.850810 0.141844 0.441906 0.383830 0.339931 0.018999 0.692063 0.085243 0.845460 0.596215 0.276441 0.550749 0.240741 0.413773 0.384404 0.682970 0.501762 0.451487 0.108505 0.599461 0.930435 0.796981 0.003573 0.183779 0.577612 0.583796 0.354020 0.504431 0.202429 0.372416 0.269126 0.921847 0.005026 0.415888 0.315306 0.879659 0.473473 0.594302 0.214843 0.148810 0.378911 0.175038 0.170266 0.081066 0.991675 0.428967 0.615426 0.960609 0.700933 0.252589 0.455969 0.149819 0.413221 0.151523 0.354382 0.130444 0.279800 0.976131 0.485171 0.463486 0.732287 0.602600 0.949607 0.466458 0.935164 0.147180 0.719714 0.768362 0.976649 0.703182 0.197179 0.885863 0.460172 0.344398 0.061267 0.557561 0.228650 0.689742 0.452704 0.274294 0.002709 0.510540 0.013283 0.181150 0.504600 0.424169 0.971048 0.583314 0.216102 0.060145 0.431776 0.713652 0.869163 0.763149 0.084880 0.868248 0.566538 0.538893 0.068978 0.878738 0.935914 0.731724 0.712381 0.565795 0.676765 0.995474 0.794602 0.943941 0.723810 0.598181 0.046145 0.450765 0.213527 0.868245 0.249971 0.895132 0.452111 0.797011 0.412799 0.301479 0.533961 0.294362 0.574292 0.115734 0.073775 0.937998 0.771478 0.783321 0.541884 0.495405 0.398882 0.230657 0.439442 0.858290 0.318155 0.104805 0.504060 0.984556 0.400305 0.951863 0.203298 0.251448 0.297240 0.857999 0.241248 0.840145 0.877267
0.213862 0.795270 0.737783 0.961994 0.148405 0.557963 0.733621 0.248232 0.442545 0.448560 0.411555 0.300685 0.014453 0.136880 0.701383 0.238090 0.731090 0.797152 0.866990 0.665155 0.472416 0.360508 0.647771 0.427861 0.058959 0.409705 0.267748 0.840382 0.160398 0.221386 0.342592 0.188924 0.776503 0.101055 0.948736 0.570535 0.094206 0.836962 0.972050 0.315545 0.014954 0.005218 0.715118 0.703492 0.237822 0.818581 0.004765 0.375002 0.638079 0.226360 0.681796 0.406600 0.566837 0.239754 0.453091 0.591745 0.713984 0.474377 0.001967 0.318090 0.702719 0.332126 0.166951 0.088748 0.240082 0.767614 0.012860 0.529265 0.239439 0.880754 0.967819 0.580654 0.023381 0.842992 0.314917 0.970834 0.710293 0.368856 0.090650 0.490693 0.480779 0.777807 0.201209 0.426852 0.353839 0.860323 0.338055 0.897164 0.248758 0.599061 0.554733 0.541429 0.866882 0.438221 0.238955 0.451603 0.743767 0.727254 0.956208 0.364232 0.558826 0.463767 0.673091 0.618182 0.513068 0.396313 0.570910 0.921872 0.458631 0.186842 0.591247 0.477262 0.279907 0.871974 0.234910 0.347620 0.200527 0.149308 0.870472 0.961694 0.771140 0.426326 0.803155 0.619920 0.276088 0.919397 0.500470 0.104165 0.374987 0.123228 0.307219 0.928978 0.815267 0.225261 0.611339 0.737551 0.843568 0.673860 0.176260 0.104988 0.275126 0.999575 0.723218 0.459186 0.186956 0.937042 0.275583 0.968740 0.715456 0.498068 0.096167 0.602903 0.860908 0.606211 0.415029 0.818531 0.927613 0.326682 0.367933 0.525795 0.050028 0.690743 0.216908 0.282874 0.534087 0.647970 0.314051 0.575413 0.758014 0.607376 0.542430 0.406537 0.820499 0.940551 0.667022 0.436510 0.314974 0.430480 0.039539 0.764911 0.403433 0.706218 0.104754 0.535151 0.943686 0.009725 0.866888 0.551970 0.012116 0.244025 0.109014 0.800266 0.735802 0.488139 0.039708 0.036307 0.465708 0.220534 0.921621 0.005652
0.044665 0.264061 0.040982 0.839980 0.217458 0.258580 0.323603 0.604632 0.763250 0.790246 0.343004 0.244554 0.368354 0.454006 0.286201 0.904381 0.144257 0.725267 0.634637 0.449080 0.972937 0.785373 0.520238 0.063877 0.245598 0.621448 0.054275 0.540589 0.226125 0.311892 0.944650 0.714066 0.649670 0.416987 0.019893 0.861296 0.370501 0.488783 0.638777 0.888495 0.749991 0.607867 0.002133 0.710923 0.692508 0.082472 0.961515 0.876401 0.668268 0.764814 0.106984 0.470011 0.046513 0.227624 0.798935 0.331201 0.442700 0.553103 0.111979 0.502885 0.774976 0.244549 0.119823 0.528945 0.653644 0.426840 0.648044 0.310287 0.846106 0.240992 0.049261 0.614932 0.327247 0.432186 0.255298 0.425039 0.237505 0.593962 0.649677 0.467342 0.782456 0.844687 0.364956 0.547701 0.849455 0.293974 0.479015 0.441907 0.520164 0.951785 0.898539 0.061618 0.182991 0.817997 0.482088 0.834712 0.855431 0.111358 0.281325 0.227680 0.578437 0.085178 0.872097 0.453614 0.840565 0.904325 0.787323 0.025235 0.438194 0.700060 0.664591 0.391086 0.281522 0.824199 0.740422 0.424515 0.964540 0.008884 0.288344 0.526954 0.082714 0.627077 0.409357 0.359419 0.009403 0.512433 0.441456 0.699166 0.847200 0.304883 0.607226 0.072758 0.115622 0.903095 0.766870 0.311196 0.525562 0.252474 0.499186 0.484756 0.160045 0.119130 0.489610 0.708466 0.583414 0.499579 0.067198 0.190947 0.278914 0.535208 0.886549 0.983358 0.333243 0.735004 0.109186 0.439956 0.999562 0.207622 0.864227 0.615947 0.861291 0.980615 0.052413 0.730007 0.506328 0.127563 0.040721 0.986076 0.739527 0.758042 0.202206 0.984550 0.831204 0.567843 0.147036 0.732302 0.669235 0.945341 0.197081 0.323108 0.993670 0.607681 0.683307 0.927507 0.896521 0.844537 0.914574 0.162801 0.110027 0.016273 0.779527 0.850148 0.123168 0.158482 0.615194 0.849243 0.085523 0.880343 0.885438 0.575006
0.083052 0.031107 0.099004 0.863747 0.250834 0.309195 0.789394 0.790721 0.909919 0.998482 0.411234 0.678917 0.139087 0.249547 0.733383 0.996865 0.732458 0.245363 0.761414 0.567542 0.749722 0.214798 0.970839 0.222879 0.653197 0.810733 0.378469 0.819986 0.788775 0.962626 0.322256 0.850386 0.385470 0.745423 0.029200 0.151987 0.570661 0.227806 0.409819 0.625431 0.124635 0.314837 0.805318 0.684252 0.651564 0.121858 0.691541 0.761085 0.462827 0.383007 0.480539 0.283733 0.654081 0.418185 0.789494 0.818292 0.500616 0.487381 0.849021 0.070325 0.096763 0.978954 0.767991 0.088727 0.250941 0.136473 0.377703 0.411230 0.631625 0.674777 0.834536 0.710807 0.868076 0.324031 0.323450 0.861071 0.379889 0.136870 0.835287 0.212069 0.183323 0.038327 0.263546 0.538269 0.379583 0.387616 0.853107 0.109735 0.844969 0.094119 0.927912 0.635406 0.034892 0.643059 0.827590 0.771662 0.770984 0.295733 0.466581 0.730477 0.662159 0.869205 0.446567 0.839739 0.080214 0.638607 0.345950 0.462008 0.706103 0.633056 0.508799 0.103635 0.522961 0.733098 0.383285 0.430268 0.413156 0.098341 0.138378 0.041004 0.061539 0.416965 0.498012 0.159801 0.520540 0.614871 0.458163 0.127994 0.519851 0.909566 0.233707 0.831965 0.000592 0.606876 0.181623 0.739341 0.131045 0.107655 0.876535 0.887659 0.752495 0.530974 0.734272 0.872983 0.072557 0.595379 0.650867 0.099139 0.127713 0.765880 0.751806 0.751535 0.964656 0.863509 0.392657 0.171986 0.413717 0.243156 0.529383 0.273400 0.059276 0.272975 0.301520 0.838477 0.447120 0.900206 0.297383 0.095368 0.960075 0.355449 0.849715 0.407353 0.960761 0.383142 0.678177 0.148770 0.132848 0.515154 0.178319 0.354860 0.089555 0.510169 0.991470 0.279514 0.266522 0.701713 0.669516 0.872098 0.086099 0.208254 0.595121 0.267331 0.943285 0.746824 0.207619 0.643688 0.436916 0.687705 0.837182 0.494915
0.999032 0.367414 0.551621 0.630456 0.637825 0.974463 0.493441 0.654341 0.956443 0.186702 0.014799 0.409601 0.217467 0.945544 0.680438 0.249470 0.302830 0.207051 0.871775 0.907317 0.560711 0.431886 0.036383 0.135550 0.455466 0.106578 0.172264 0.403768 0.953076 0.706486 0.350281 0.191971 0.542899 0.397845 0.366885 0.904483 0.914593 0.553221 0.129037 0.057995 0.555668 0.560950 0.123597 0.974473 0.034489 0.622147 0.687805 0.271927 0.597019 0.591186 0.353681 0.024588 0.899121 0.607780 0.982483 0.255787 0.856439 0.463560 0.547785 0.962474 0.016192 0.172760 0.481420 0.092631 0.547202 0.373974 0.421858 0.887441 0.969885 0.808655 0.186822 0.711784 0.550412 0.194113 0.586037 0.285398 0.604528 0.892236 0.598266 0.306603 0.261957 0.301129 0.986825 0.153746 0.467207 0.639533 0.313695 0.991061 0.149602 0.868740 0.413649 0.494920 0.410319 0.035506 0.588626 0.857555 0.434419 0.867484 0.226954 0.342170 0.452144 0.056045 0.715041 0.598360 0.162895 0.019084 0.350798 0.261508 0.080978 0.657259 0.962639 0.392921 0.465165 0.245193 0.670357 0.161298 0.601800 0.447404 0.541728 0.695026 0.781526 0.714400 0.706237 0.056318 0.663232 0.015693 0.147338 0.670976 0.848505 0.954934 0.822822 0.889157 0.449780 0.008977 0.719451 0.663435 0.543366 0.104226 0.132278 0.567328 0.944456 0.071689 0.164963 0.663733 0.450389 0.271098 0.224073 0.875734 0.901813 0.237589 0.062103 0.336086 0.562787 0.760765 0.742412 0.663802 0.611445 0.325209 0.115079 0.988162 0.811103 0.525828 0.309232 0.867001 0.285111 0.368733 0.358867 0.156790 0.654094 0.023540 0.794518 0.502940 0.772146 0.887046 0.134168 0.168981 0.801892 0.282661 0.455093 0.423245 0.968692 0.113561 0.721712 0.042481 0.109514 0.509063 0.635566 0.781849 0.494636 0.268240 0.196504 0.903237 0.612410 0.275828 0.234736 0.045400 0.075510 0.933565 0.092987 0.379652
0.661077 0.355268 0.465314 0.951502 0.569190 0.798456 0.146082 0.176797 0.358597 0.047362 0.244461 0.927359 0.929752 0.272871 0.351798 0.896914 0.636939 0.436919 0.912391 0.597647 0.512883 0.879757 0.063224 0.905836 0.961603 0.283852 0.415401 0.875077 0.710254 0.119057 0.424250 0.116133 0.107306 0.326698 0.363378 0.991302 0.060457 0.333621 0.030574 0.022453 0.533294 0.394859 0.421001 0.935823 0.189519 0.519367 0.230550 0.404811 0.936003 0.414312 0.704012 0.600560 0.289134 0.834769 0.923137 0.178654 0.734282 0.478588 0.521082 0.289930 0.015222 0.128640 0.560706 0.080656 0.561431 0.769586 0.847793 0.371541 0.669701 0.896108 0.509661 0.308681 0.632679 0.919478 0.726067 0.590907 0.850343 0.231502 0.018299 0.354497 0.882869 0.497285 0.136661 0.860267 0.725640 0.958245 0.037589 0.102198 0.760178 0.359395 0.320631 0.823916 0.462717 0.323954 0.713594 0.050873 0.304060 0.633472 0.539484 0.279315 0.703033 0.333808 0.624792 0.028712 0.815988 0.758718 0.461660 0.443373 0.853990 0.155981 0.089509 0.182194 0.134991 0.178820 0.245534 0.021913 0.397912 0.556534 0.210170 0.130219 0.849604 0.245212 0.979358 0.520195 0.264402 0.691100 0.356299 0.545425 0.624580 0.203706 0.095930 0.100614 0.883172 0.404511 0.423618 0.165698 0.048458 0.719323 0.871495 0.852874 0.799825 0.155443 0.632629 0.774234 0.064934 0.419245 0.925743 0.526448 0.972421 0.799978 0.440623 0.295020 0.117497 0.594963 0.308155 0.064959 0.855936 0.622956 0.210874 0.222070 0.292955 0.420783 0.781851 0.781845 0.058638 0.316920 0.080309 0.224084 0.035907 0.965904 0.605401 0.081215 0.610788 0.550004 0.647955 0.541125 0.075600 0.249623 0.679336 0.370937 0.760224 0.947545 0.546087 0.079069 0.894413 0.241652 0.636205 0.783841 0.481696 0.436548 0.266060 0.378675 0.500917 0.780269 0.107371 0.728688 0.098997 0.351042 0.725605 0.956528
0.165878 0.544816 0.956850 0.072283 0.272202 0.122199 0.149881 0.581119 0.782079 0.430080 0.983646 0.576063 0.404710 0.108117 0.065201 0.176339 0.853153 0.178986 0.545059 0.809236 0.875584 0.683252 0.293886 0.271747 0.606215 0.328275 0.153267 0.558947 0.424722 0.073119 0.329378 0.819560 0.969115 0.160786 0.103017 0.050184 0.058814 0.707474 0.113219 0.115487 0.528475 0.350608 0.044922 0.295611 0.060138 0.922021 0.406964 0.404645 0.445207 0.998655 0.984711 0.935016 0.467445 0.497855 0.825759 0.711128 0.643881 0.946304 0.898760 0.973617 0.147335 0.431484 0.830684 0.031525 0.944082 0.398204 0.367930 0.249812 0.747308 0.674150 0.655457 0.388938 0.757544 0.121028 0.067555 0.705074 0.937221 0.514477 0.933475 0.435740 0.256494 0.930923 0.338073 0.033109 0.239739 0.908670 0.124996 0.359855 0.570645 0.500033 0.559206 0.614317 0.384201 0.742355 0.093758 0.260818 0.940159 0.525335 0.449955 0.051610 0.018768 0.876503 0.799041 0.549870 0.306747 0.239695 0.337649 0.367769 0.216041 0.216776 0.838994 0.303429 0.040897 0.240861 0.307584 0.585750 0.906736 0.246231 0.318889 0.624688 0.745912 0.152669 0.867943 0.659392 0.015355 0.774329 0.886368 0.122710 0.256467 0.107864 0.677023 0.896253 0.159486 0.790876 0.332646 0.927195 0.572070 0.191397 0.750490 0.374637 0.614418 0.918111 0.102647 0.670502 0.574067 0.793078 0.362685 0.862223 0.359442 0.708751 0.239374 0.141689 0.625812 0.056357 0.611499 0.514508 0.842879 0.175770 0.051743 0.509412 0.204209 0.008591 0.873008 0.372791 0.795513 0.769810 0.876984 0.349299 0.939555 0.960470 0.874068 0.408125 0.655357 0.560469 0.205247 0.402231 0.970803 0.277119 0.156620 0.795477 0.643250 0.148366 0.324442 0.436967 0.591000 0.913582 0.085065 0.813819 0.969257 0.441725 0.006805 0.520050 0.471094 0.412906 0.791674 0.212298 0.117343 0.310556 0.622262 0.647882
0.646405 0.569783 0.184175 0.792129 0.018911 0.420857 0.515198 0.242257 0.513250 0.177154 0.004315 0.708362 0.887536 0.244717 0.445680 0.417208 0.529486 0.852940 0.362634 0.864568 0.920314 0.678565 0.075845 0.103585 0.497491 0.416650 0.929133 0.089756 0.246604 0.879573 0.975287 0.159216 0.113075 0.514080 0.867372 0.434315 0.725600 0.426468 0.164443 0.010030 0.380570 0.446631 0.609760 0.725823 0.794001 0.218900 0.590390 0.256831 0.713641 0.696045 0.654336 0.412299 0.506263 0.704032 0.713225 0.396584 0.887746 0.827984 0.851569 0.498697 0.900280 0.428354 0.695993 0.960351 0.585409 0.164867 0.286634 0.235654 0.973386 0.250205 0.782914 0.140399 0.824142 0.386585 0.075979 0.645107 0.504315 0.646852 0.324837 0.495926 0.817638 0.068908 0.344851 0.938429 0.611402 0.270239 0.403019 0.368342 0.697009 0.814358 0.719330 0.417525 0.872194 0.946246 0.364330 0.634661 0.031486 0.716483 0.120222 0.893265 0.592273 0.501084 0.471906 0.512491 0.889456 0.414646 0.821387 0.608960 0.024778 0.053607 0.134534 0.998565 0.030370 0.656780 0.195098 0.124394 0.204688 0.056171 0.369304 0.237159 0.049970 0.564491 0.533006 0.095862 0.333398 0.291452 0.729365 0.432239 0.347933 0.891892 0.825192 0.435246 0.617742 0.473591 0.137894 0.607450 0.742125 0.770322 0.395592 0.875178 0.739562 0.967030 0.504085 0.797788 0.561999 0.905189 0.467248 0.319593 0.264901 0.658878 0.285538 0.699727 0.612668 0.293396 0.974585 0.665196 0.944360 0.505137 0.562007 0.280976 0.737201 0.549966 0.855830 0.591046 0.785710 0.694122 0.305174 0.850424 0.851760 0.754026 0.014779 0.659959 0.173296 0.563659 0.554613 0.156303 0.348763 0.870569 0.941791 0.806210 0.535186 0.956426 0.875188 0.229451 0.789012 0.978413 0.850379 0.604407 0.801982 0.566567 0.528374 0.364036 0.223661 0.123453 0.753874 0.770129 0.688292 0.165362 0.833917 0.953752
0.065437 0.478648 0.798692 0.875715 0.617392 0.869710 0.991805 0.601965 0.616787 0.360979 0.250166 0.751933 0.531936 0.523722 0.459502 0.170551 0.611003 0.751627 0.124928 0.672727 0.818140 0.879276 0.851832 0.808064 0.436557 0.240041 0.249837 0.025287 0.011568 0.671326 0.038531 0.448606 0.349113 0.605634 0.321431 0.613492 0.082551 0.450673 0.647182 0.659178 0.138305 0.942988 0.014505 0.707710 0.972710 0.879458 0.726715 0.266574 0.582559 0.478058 0.416929 0.564444 0.350642 0.453860 0.012056 0.066794 0.387880 0.644824 0.615655 0.078287 0.032402 0.963778 0.344761 0.314890 0.332231 0.968925 0.065019 0.115919 0.024886 0.578598 0.645076 0.848527 0.516608 0.347682 0.102278 0.510191 0.043128 0.958922 0.823391 0.502175 0.925568 0.483084 0.355437 0.393713 0.523170 0.553947 0.949116 0.039681 0.827948 0.387930 0.115782 0.562595 0.210211 0.153664 0.133407 0.100035 0.773895 0.262295 0.528080 0.020295 0.802734 0.837710 0.266121 0.139206 0.820947 0.996722 0.762930 0.358229 0.240922 0.635144 0.657845 0.367365 0.981400 0.826766 0.701906 0.764115 0.629752 0.604331 0.931191 0.085287 0.007540 0.806354 0.362387 0.231377 0.914378 0.515983 0.942886 0.977174 0.957033 0.030012 0.382920 0.916586 0.618425 0.126615 0.935430 0.064494 0.846193 0.749338 0.425351 0.248226 0.153187 0.900473 0.896465 0.470589 0.681532 0.787495 0.325389 0.703897 0.358113 0.876138 0.831010 0.519859 0.580027 0.126162 0.423993 0.639073 0.655396 0.183372 0.597911 0.762632 0.927343 0.963386 0.692642 0.123842 0.238261 0.556300 0.577735 0.680574 0.990467 0.731991 0.909131 0.882652 0.363453 0.402537 0.554335 0.405591 0.347221 0.419919 0.974461 0.178079 0.878556 0.980142 0.455633 0.120592 0.368985 0.754431 0.331092 0.364051 0.881237 0.743517 0.238000 0.066196 0.493155 0.513900 0.404446 0.312854 0.878537 0.440187 0.409107 0.576847
0.032754 0.726092 0.334834 0.916114 0.941758 0.659851 0.564281 0.956604 0.699901 0.541127 0.280964 0.808330 0.708952 0.640161 0.175787 0.614013 0.392167 0.588623 0.058212 0.696172 0.442511 0.878657 0.598261 0.394201 0.680607 0.079151 0.745468 0.670193 0.976312 0.997627 0.245952 0.741216 0.749354 0.637847 0.080757 0.412387 0.084350 0.311338 0.133842 0.764155 0.275422 0.815017 0.292526 0.469591 0.227704 0.961063 0.306590 0.168137 0.322257 0.351237 0.470202 0.008821 0.334093 0.952723 0.415693 0.232894 0.030581 0.697422 0.928236 0.287066 0.508852 0.629135 0.389519 0.415859 0.799816 0.556625 0.890343 0.492083 0.621202 0.697380 0.133621 0.019628 0.808667 0.788891 0.073424 0.932188 0.726438 0.337413 0.255407 0.435993 0.769266 0.343434 0.749952 0.176813 0.716496 0.111241 0.958182 0.976438 0.309379 0.461352 0.263386 0.258097 0.498315 0.963751 0.843276 0.788296 0.831421 0.667865 0.285333 0.190909 0.308297 0.413492 0.983803 0.912802 0.633927 0.175752 0.107849 0.744182 0.054539 0.149103 0.613749 0.697843 0.786135 0.170438 0.745214 0.271045 0.813318 0.202009 0.403950 0.418308 0.841282 0.277290 0.491652 0.697240 0.729062 0.594919 0.614814 0.106774 0.821526 0.301569 0.906989 0.616441 0.826681 0.030336 0.834541 0.369256 0.081650 0.586226 0.994659 0.801284 0.664284 0.773361 0.543628 0.531684 0.791725 0.309720 0.541486 0.743506 0.600756 0.419202 0.831779 0.878530 0.039176 0.846823 0.165307 0.439448 0.607678 0.800075 0.936409 0.451221 0.777262 0.501045 0.019709 0.661660 0.714720 0.323603 0.585051 0.473237 0.783583 0.272930 0.743116 0.285029 0.705954 0.355172 0.359337 0.427683 0.051237 0.489951 0.203067 0.629799 0.183333 0.598872 0.843805 0.009646 0.568963 0.980380 0.147866 0.235413 0.035947 0.601882 0.801648 0.576006 0.890720 0.767117 0.832336 0.637859 0.491800 0.459865 0.385904 0.058498
0.923742 0.260358 0.328103 0.221927 0.309658 0.589484 0.793951 0.478460 0.875089 0.009970 0.464522 0.830817 0.662297 0.043220 0.392290 0.094115 0.979674 0.782305 0.877644 0.074351 0.192576 0.515276 0.696476 0.669994 0.687889 0.022823 0.714569 0.305859 0.611099 0.219395 0.292346 0.613931 0.335132 0.952943 0.100751 0.450947 0.713450 0.889936 0.598544 0.841121 0.117557 0.550506 0.677394 0.511991 0.421578 0.911693 0.182172 0.675425 0.294478 0.715345 0.234350 0.351202 0.507644 0.065357 0.526701 0.798381 0.015082 0.043300 0.370574 0.502237 0.631114 0.543550 0.329149 0.131351 0.836356 0.722604 0.063209 0.234146 0.214225 0.594833 0.499412 0.878143 0.720908 0.198628 0.570533 0.458282 0.981374 0.912773 0.955864 0.354640 0.519646 0.300030 0.005181 0.244602 0.069330 0.068902 0.464197 0.562275 0.460264 0.431822 0.487495 0.963128 0.709712 0.720213 0.015441 0.512492 0.447746 0.570734 0.648835 0.821718 0.297487 0.423241 0.692406 0.630000 0.926138 0.436490 0.273431 0.057120 0.678065 0.074486 0.601687 0.264495 0.842374 0.629857 0.951484 0.650594 0.368976 0.434959 0.240996 0.086487 0.458989 0.251581 0.633851 0.559321 0.928520 0.307017 0.248098 0.771545 0.313258 0.439581 0.743367 0.555164 0.817474 0.174953 0.132518 0.406709 0.074093 0.646379 0.685403 0.988642 0.692675 0.045442 0.094775 0.345932 0.448982 0.605832 0.406496 0.092178 0.693248 0.037664 0.118571 0.890087 0.686974 0.515485 0.506800 0.275954 0.124641 0.014101 0.646834 0.835251 0.621008 0.268487 0.505921 0.125317 0.936392 0.234599 0.167551 0.740873 0.411905 0.753526 0.177608 0.328380 0.215039 0.499385 0.231961 0.619284 0.637402 0.032732 0.130141 0.322351 0.199199 0.868161 0.709378 0.432742 0.428522 0.311387 0.219686 0.215576 0.741376 0.613040 0.237415 0.015098 0.323627 0.329181 0.310846 0.237980 0.216707 0.733651 0.504818 0.298030
0.208899 0.206956 0.814152 0.002134 0.694516 0.201762 0.237132 0.167135 0.099419 0.948162 0.279644 0.025518 0.847986 0.338809 0.889129 0.987054 0.587441 0.721514 0.328103 0.795090 0.089144 0.128898 0.736403 0.802302 0.349588 0.207254 0.172482 0.044791 0.861183 0.123011 0.333727 0.909261 0.629902 0.508114 0.385925 0.549793 0.332143 0.241387 0.219483 0.598701 0.866489 0.278355 0.764544 0.452090 0.427601 0.492502 0.051551 0.547445 0.230173 0.874537 0.729660 0.797423 0.618936 0.139304 0.994566 0.529486 0.159692 0.451339 0.363370 0.807862 0.485203 0.132972 0.817114 0.837761 0.259328 0.634947 0.824844 0.128410 0.188635 0.884999 0.238418 0.575945 0.736318 0.820875 0.379372 0.287183 0.393955 0.187446 0.489387 0.532012 0.289516 0.556655 0.947226 0.429782 0.534672 0.321799 0.371321 0.127412 0.337116 0.183013 0.034089 0.711877 0.680482 0.242757 0.467314 0.622086 0.239822 0.211109 0.109691 0.774379 0.314597 0.102526 0.526664 0.992191 0.474042 0.434178 0.821968 0.479938 0.272218 0.673621 0.601022 0.282731 0.671618 0.014060 0.154434 0.683444 0.898188 0.814044 0.407133 0.967992 0.349477 0.500898 0.536784 0.153757 0.289646 0.227134 0.184479 0.967756 0.015935 0.887933 0.517095 0.195764 0.632757 0.336157 0.577323 0.205057 0.323986 0.810359 0.042015 0.239005 0.630293 0.712419 0.561024 0.357208 0.939679 0.266120 0.024211 0.686647 0.334025 0.713306 0.927023 0.545989 0.194829 0.178109 0.569221 0.787136 0.201144 0.647526 0.464534 0.545814 0.855239 0.339826 0.828096 0.311026 0.537956 0.750838 0.649324 0.554677 0.779627 0.930294 0.276606 0.682680 0.680186 0.117545 0.305262 0.444648 0.667728 0.745611 0.677186 0.384726 0.921227 0.054428 0.377061 0.455768 0.255872 0.604745 0.814830 0.338238 0.830522 0.440494 0.111780 0.946700 0.821456 0.635323 0.788050 0.548778 0.282892 0.132000 0.812571 0.386827
0.392918 0.057958 0.157166 0.452116 0.649000 0.036002 0.578647 0.027139 0.990162 0.377699 0.846742 0.768940 0.343259 0.923020 0.207414 0.342451 0.482787 0.914839 0.862417 0.898102 0.873090 0.584460 0.085858 0.892896 0.813260 0.320575 0.783639 0.736597 0.972528 0.112263 0.478534 0.343182 0.958120 0.061430 0.700589 0.381228 0.112258 0.215853 0.557466 0.571571 0.854113 0.518834 0.888325 0.009711 0.950444 0.570619 0.170844 0.780812 0.995294 0.037084 0.644665 0.023907 0.171914 0.705243 0.939267 0.385634 0.055325 0.398991 0.662568 0.592981 0.889102 0.132220 0.136730 0.249410 0.868164 0.698361 0.605839 0.996321 0.384614 0.965684 0.946893 0.090023 0.604951 0.910310 0.654690 0.859121 0.290034 0.518189 0.342943 0.010394 0.019462 0.922549 0.698261 0.190370 0.075496 0.361167 0.095381 0.782581 0.894606 0.119296 0.181586 0.192472 0.503305 0.004328 0.974298 0.509289 0.251631 0.555182 0.492985 0.692794 0.538909 0.504234 0.778968 0.951525 0.932546 0.790038 0.917170 0.271834 0.019006 0.706560 0.772476 0.513123 0.714120 0.688728 0.875914 0.829562 0.110008 0.717953 0.248761 0.932493 0.892199 0.871071 0.459041 0.641880 0.206047 0.920576 0.258420 0.541746 0.251457 0.438847 0.992106 0.212921 0.037977 0.959480 0.232968 0.341588 0.366233 0.456945 0.029114 0.082895 0.519111 0.746312 0.371723 0.291975 0.612079 0.061713 0.626393 0.257109 0.106104 0.036691 0.733103 0.032353 0.076978 0.968761 0.475191 0.512091 0.860833 0.085463 0.885228 0.643447 0.438188 0.828382 0.571661 0.104787 0.926739 0.297427 0.577621 0.228088 0.456662 0.742083 0.850136 0.532686 0.150792 0.439886 0.889199 0.853802 0.278253 0.571591 0.209067 0.639321 0.536444 0.336109 0.444347 0.323171 0.886939 0.852474 0.045508 0.194590 0.757745 0.834837 0.741430 0.630900 0.966657 0.126069 0.870864 0.546737 0.165096 0.010849 0.826738 0.256327
0.693662 0.698472 0.572838 0.017031 0.826127 0.606879 0.333254 0.780795 0.580265 0.253386 0.003680 0.859197 0.805030 0.444293 0.265949 0.094092 0.248861 0.714956 0.167853 0.218704 0.242346 0.617387 0.896130 0.393582 0.947885 0.414832 0.792976 0.914732 0.851938 0.895655 0.757409 0.564865 0.709503 0.800042 0.198487 0.081008 0.420039 0.231310 0.303927 0.486666 0.274874 0.664942 0.011274 0.983444 0.038530 0.393218 0.656403 0.313013 0.527706 0.413994 0.320122 0.824168 0.771085 0.399035 0.170716 0.013423 0.409294 0.584792 0.896541 0.834804 0.908359 0.769020 0.590331 0.611707 0.409993 0.147862 0.425369 0.063155 0.437676 0.124581 0.751963 0.302893 0.460122 0.592709 0.050777 0.510607 0.807985 0.723013 0.713810 0.267412 0.655029 0.155549 0.747635 0.685339 0.146032 0.421175 0.031863 0.816188 0.055436 0.421771 0.079065 0.203231 0.237604 0.150705 0.507930 0.925056 0.493521 0.516247 0.164774 0.076434 0.719151 0.242573 0.972388 0.475578 0.902022 0.125107 0.685670 0.673438 0.886117 0.675308 0.473802 0.491944 0.683277 0.105447 0.959452 0.074508 0.817092 0.317410 0.177154 0.746058 0.150194 0.729761 0.539345 0.122952 0.349867 0.092051 0.871984 0.907749 0.573357 0.511773 0.049931 0.968941 0.405841 0.007151 0.334363 0.654755 0.481657 0.768875 0.562688 0.423857 0.412984 0.083189 0.782752 0.466506 0.725990 0.807434 0.443897 0.251248 0.975842 0.479599 0.630765 0.364931 0.336089 0.147393 0.770391 0.120671 0.609621 0.285670 0.324604 0.979758 0.023384 0.683023 0.588124 0.905922 0.284293 0.053757 0.859044 0.295995 0.114358 0.034963 0.811502 0.234550 0.846406 0.425298 0.550766 0.919243 0.482539 0.009249 0.257281 0.945597 0.730517 0.543224 0.658761 0.256079 0.896988 0.821164 0.804059 0.142031 0.728908 0.488614 0.647744 0.007302 0.787781 0.838909 0.231660 0.318694 0.870123 0.547175 0.377490 0.489573
0.747618 0.904227 0.233396 0.305636 0.146909 0.446732 0.505173 0.744247 0.858284 0.650724 0.979267 0.504880 0.510406 0.305541 0.918653 0.767971 0.963276 0.846286 0.746764 0.695038 0.087195 0.112785 0.216452 0.622937 0.344789 0.161942 0.388997 0.629894 0.235921 0.882679 0.635359 0.582019 0.259104 0.892443 0.739139 0.136952 0.265009 0.442541 0.728625 0.218016 0.998518 0.880242 0.915928 0.960520 0.688450 0.237519 0.444287 0.331875 0.789549 0.732159 0.523674 0.153876 0.930445 0.514552 0.385967 0.014634 0.066509 0.466679 0.689698 0.244494 0.587993 0.536074 0.831468 0.974709 0.927076 0.576584 0.046924 0.819906 0.609467 0.936942 0.855682 0.326487 0.529018 0.725986 0.724407 0.464345 0.137043 0.179092 0.667606 0.505363 0.374512 0.784596 0.181091 0.283138 0.448376 0.777984 0.218738 0.599136 0.763217 0.092245 0.273723 0.020271 0.649146 0.550187 0.320808 0.430719 0.975790 0.129862 0.069808 0.265543 0.595658 0.571626 0.373645 0.963388 0.162597 0.367018 0.317532 0.821502 0.148293 0.935552 0.943303 0.321832 0.486078 0.941247 0.076862 0.706958 0.400374 0.268128 0.397197 0.969454 0.921179 0.924134 0.342975 0.311865 0.213614 0.369772 0.666470 0.417687 0.917598 0.127696 0.130803 0.716457 0.648223 0.739299 0.415531 0.178679 0.925793 0.319397 0.914740 0.738702 0.265298 0.142170 0.795686 0.512774 0.405928 0.768768 0.325531 0.719912 0.833321 0.353660 0.305857 0.520020 0.250649 0.975019 0.577362 0.653108 0.904980 0.804900 0.197974 0.065510 0.484479 0.136110 0.712076 0.048815 0.167881 0.535439 0.204042 0.721903 0.824947 0.454844 0.315364 0.396975 0.976767 0.199637 0.001403 0.965642 0.513202 0.140078 0.205566 0.054931 0.684061 0.890648 0.082360 0.764655 0.647827 0.506115 0.695975 0.899202 0.883811 0.449160 0.855771 0.858021 0.181612 0.395763 0.108713 0.206657 0.963908 0.044813 0.013762 0.209170
0.365636 0.749724 0.159190 0.849956 0.665531 0.369544 0.584201 0.937897 0.948824 0.715652 0.366037 0.630862 0.869085 0.122853 0.036926 0.057018 0.722713 0.318643 0.230121 0.590247 0.852666 0.514473 0.440962 0.588090 0.713061 0.725735 0.361848 0.315665 0.099247 0.529369 0.902567 0.637237 0.672224 0.283821 0.425309 0.734744 0.730885 0.507723 0.756218 0.032324 0.593954 0.819242 0.246533 0.603204 0.964133 0.394496 0.535788 0.635687 0.024630 0.032998 0.369373 0.967520 0.921840 0.558863 0.414977 0.042348 0.830478 0.080556 0.444352 0.792174 0.269533 0.794898 0.487143 0.519933 0.171651 0.790881 0.071963 0.661252 0.624215 0.987054 0.374428 0.195958 0.881716 0.015765 0.704393 0.661760 0.167918 0.726312 0.645355 0.358825 0.797218 0.226619 0.046131 0.134063 0.841438 0.105805 0.601297 0.615535 0.179214 0.864819 0.872031 0.785871 0.358385 0.960586 0.170693 0.229560 0.916122 0.362681 0.103525 0.929021 0.714035 0.448926 0.033925 0.326611 0.554415 0.884284 0.415467 0.700040 0.428126 0.590404 0.325215 0.256141 0.054612 0.925564 0.973566 0.005500 0.491292 0.517814 0.136967 0.321003 0.240173 0.055858 0.380977 0.762142 0.559117 0.822213 0.747829 0.727128 0.406834 0.672356 0.182909 0.147703 0.774721 0.676617 0.891323 0.675278 0.516312 0.698935 0.250203 0.874037 0.659964 0.796463 0.631542 0.609368 0.462040 0.242703 0.447929 0.909904 0.798953 0.293434 0.507849 0.819486 0.967992 0.500270 0.929526 0.886583 0.193457 0.069374 0.221525 0.387642 0.100534 0.343877 0.784477 0.266037 0.370746 0.195192 0.941634 0.735346 0.978313 0.741754 0.108741 0.383534 0.615198 0.704227 0.446283 0.617233 0.204827 0.353282 0.397097 0.229762 0.259435 0.390605 0.481382 0.103034 0.386642 0.686922 0.274145 0.104262 0.919489 0.647214 0.030525 0.156054 0.664727 0.802937 0.409282 0.641459 0.828732 0.999930 0.039803 0.969839
0.569216 0.897076 0.796348 0.638422 0.397838 0.175286 0.650235 0.087324 0.084476 0.707427 0.230212 0.832994 0.597836 0.482427 0.509453 0.676300 0.346954 0.453172 0.510694 0.750483 0.055311 0.222116 0.384397 0.537789 0.671032 0.591962 0.957649 0.134018 0.028566 0.558338 0.016717 0.985930 0.893614 0.953217 0.955533 0.908135 0.639403 0.108396 0.024449 0.960313 0.544158 0.097678 0.514510 0.197366 0.225721 0.099415 0.287501 0.768104 0.108721 0.843464 0.620609 0.045844 0.292352 0.029276 0.028415 0.630865 0.380408 0.554813 0.858746 0.117863 0.186854 0.267446 0.011169 0.778382 0.152454 0.717283 0.610256 0.280683 0.811008 0.253361 0.495340 0.736955 0.943046 0.973748 0.051307 0.834484 0.361516 0.001015 0.498498 0.983903 0.010794 0.265546 0.069869 0.840503 0.106098 0.089415 0.476076 0.853171 0.705847 0.641847 0.142904 0.763066 0.013915 0.172762 0.216192 0.813583 0.132115 0.816072 0.091359 0.997775 0.920441 0.225933 0.659310 0.976257 0.998787 0.075923 0.994152 0.302419 0.249828 0.266464 0.173536 0.329739 0.399350 0.700973 0.381816 0.800185 0.179947 0.510319 0.182121 0.798024 0.026893 0.232100 0.905117 0.044252 0.757302 0.849909 0.248208 0.686578 0.589671 0.765739 0.234327 0.094995 0.604690 0.373574 0.695344 0.066698 0.455695 0.157791 0.662783 0.045893 0.634490 0.564281 0.218987 0.102830 0.011664 0.394410 0.654860 0.167920 0.454576 0.296679 0.661975 0.011685 0.718681 0.253156 0.388729 0.374276 0.219982 0.440489 0.848708 0.112620 0.073415 0.197891 0.527648 0.861446 0.308028 0.194997 0.762741 0.075532 0.052386 0.623639 0.423109 0.646275 0.612146 0.887550 0.166184 0.050014 0.763154 0.224928 0.705697 0.577745 0.239371 0.665892 0.047339 0.565977 0.143907 0.928187 0.707681 0.659636 0.543117 0.515837 0.179904 0.893874 0.693195 0.501661 0.310212 0.328644 0.655511 0.305989 0.523843 0.826460
0.113679 0.937781 0.919812 0.112496 0.040882 0.020383 0.318957 0.279246 0.865379 0.789368 0.899530 0.733668 0.533766 0.718671 0.814460 0.263070 0.512271 0.157061 0.451455 0.726609 0.145902 0.103004 0.277583 0.261605 0.643839 0.145754 0.926961 0.758003 0.182354 0.284512 0.639093 0.504313 0.544153 0.462478 0.268000 0.075414 0.255713 0.006971 0.344262 0.310458 0.604136 0.092727 0.179587 0.756963 0.098543 0.877633 0.249106 0.399309 0.118692 0.758761 0.559535 0.865512 0.516496 0.242279 0.507896 0.754678 0.840002 0.028790 0.541263 0.024093 0.622153 0.420806 0.447587 0.661225 0.182700 0.628234 0.042282 0.343327 0.971067 0.386447 0.088417 0.331339 0.045909 0.312652 0.896740 0.105118 0.316082 0.237140 0.683869 0.966039 0.550267 0.279700 0.236001 0.467999 0.245638 0.019225 0.796380 0.990771 0.026711 0.110520 0.190109 0.966005 0.487120 0.640790 0.393503 0.055447 0.530795 0.894147 0.533547 0.115933 0.559962 0.923142 0.001558 0.426351 0.148007 0.800443 0.869750 0.000737 0.213852 0.365909 0.625023 0.354049 0.449286 0.189222 0.079028 0.242459 0.410670 0.372152 0.417767 0.339725 0.119796 0.347749 0.196448 0.800312 0.919891 0.311865 0.107414 0.639854 0.433419 0.883198 0.816666 0.399766 0.086204 0.617490 0.278109 0.096811 0.627613 0.657874 0.058347 0.619934 0.478745 0.676592 0.750774 0.223179 0.269503 0.143646 0.938448 0.129290 0.588632 0.703647 0.596910 0.814089 0.404687 0.732737 0.395177 0.669431 0.851209 0.789733 0.123599 0.163836 0.143488 0.349361 0.493463 0.692508 0.767159 0.938895 0.205260 0.074196 0.092647 0.234511 0.517371 0.926338 0.797938 0.977949 0.929625 0.234420 0.918552 0.081739 0.943588 0.744122 0.560327 0.558637 0.901114 0.580070 0.788742 0.782982 0.501954 0.590250 0.290397 0.265650 0.531513 0.133793 0.584259 0.307115 0.184007 0.282049 0.087589 0.677601 0.977299 0.118492
0.724601 0.311431 0.887195 0.324361 0.409761 0.309900 0.552490 0.022123 0.441028 0.309157 0.070573 0.845099 0.378217 0.059876 0.816454 0.049276 0.235415 0.764113 0.632334 0.474566 0.491174 0.645428 0.209301 0.811323 0.352172 0.112642 0.046550 0.709883 0.517981 0.382536 0.518557 0.385140 0.575402 0.114194 0.521085 0.306802 0.182128 0.133993 0.472007 0.296783 0.506775 0.358125 0.797525 0.767737 0.706157 0.880907 0.751896 0.271050 0.361329 0.525975 0.089715 0.361486 0.038266 0.957706 0.486337 0.328736 0.689120 0.864163 0.044412 0.884466 0.286963 0.962781 0.279852 0.161253 0.201197 0.260344 0.407148 0.636362 0.204275 0.798222 0.124198 0.374867 0.999279 0.892548 0.728015 0.779027 0.694142 0.272284 0.314095 0.447261 0.959400 0.525153 0.233399 0.046668 0.940296 0.562099 0.344637 0.011303 0.227866 0.483139 0.176647 0.844443 0.346019 0.841424 0.725192 0.777623 0.636311 0.264464 0.202277 0.721678 0.232517 0.449268 0.496631 0.190064 0.138592 0.578271 0.502894 0.819375 0.241343 0.509263 0.228492 0.902504 0.169332 0.072432 0.855199 0.051286 0.568365 0.609561 0.846216 0.099721 0.722435 0.176767 0.596879 0.746743 0.423832 0.079817 0.289206 0.010412 0.875757 0.447683 0.451289 0.913579 0.432626 0.469942 0.008755 0.702061 0.304589 0.709296 0.075480 0.111383 0.752781 0.709127 0.263695 0.576216 0.017490 0.496672 0.062806 0.451609 0.471217 0.734065 0.402024 0.463156 0.795649 0.906087 0.183166 0.900137 0.951841 0.291313 0.995005 0.931687 0.656801 0.450576 0.178271 0.822254 0.369849 0.125124 0.181031 0.775623 0.122649 0.371012 0.975883 0.310218 0.398000 0.750428 0.507759 0.321422 0.025977 0.379927 0.324674 0.505073 0.944072 0.049507 0.457406 0.933810 0.060131 0.954530 0.411405 0.560575 0.001959 0.808308 0.847337 0.782455 0.300117 0.805433 0.130031 0.221338 0.259380 0.872393 0.847848 0.160617
0.288453 0.513168 0.057560 0.321171 0.342707 0.456375 0.753171 0.132729 0.702252 0.576374 0.730546 0.388779 0.053911 0.738233 0.951307 0.295644 0.006482 0.067630 0.324516 0.379231 0.300816 0.209182 0.392357 0.731428 0.214254 0.121054 0.260545 0.505316 0.026815 0.096641 0.381847 0.111378 0.949651 0.006335 0.028393 0.095124 0.413403 0.473680 0.664691 0.245139 0.473303 0.979852 0.194998 0.332326 0.522550 0.381767 0.651392 0.092746 0.265596 0.162921 0.288691 0.133768 0.439518 0.609584 0.409653 0.997319 0.733615 0.900689 0.165019 0.059727 0.977013 0.970182 0.757976 0.955264 0.332067 0.501514 0.449559 0.236117 0.973213 0.827896 0.173638 0.588080 0.288470 0.936631 0.768573 0.204894 0.729746 0.062974 0.643214 0.005082 0.959090 0.150813 0.161561 0.392039 0.045344 0.063672 0.998429 0.886094 0.299282 0.856327 0.225224 0.256100 0.979483 0.917592 0.937091 0.085381 0.027261 0.156298 0.835176 0.568942 0.604674 0.677809 0.328865 0.580374 0.964282 0.346556 0.869657 0.319173 0.002811 0.963561 0.655302 0.788485 0.119976 0.344297 0.642589 0.511424 0.907150 0.218229 0.838254 0.510106 0.846581 0.476106 0.710454 0.341117 0.175111 0.558212 0.878236 0.575884 0.566443 0.023052 0.073796 0.206572 0.908106 0.436522 0.597010 0.856872 0.230259 0.005289 0.294682 0.154553 0.377018 0.431555 0.601580 0.739198 0.245456 0.248418 0.326539 0.501088 0.191286 0.881041 0.671161 0.302466 0.539438 0.174702 0.546261 0.359575 0.875925 0.809758 0.027794 0.826254 0.795880 0.399923 0.589617 0.495243 0.356623 0.017193 0.459946 0.788748 0.516518 0.376804 0.095724 0.746423 0.668108 0.080149 0.146924 0.209040 0.783719 0.883684 0.083813 0.463916 0.103017 0.002694 0.599026 0.506077 0.765463 0.759958 0.260991 0.193338 0.130924 0.892014 0.415760 0.780046 0.914409 0.739357 0.597712 0.963278 0.102147 0.550319 0.473760 0.848537
0.437295 0.861221 0.964479 0.409854 0.347391 0.133569 0.957529 0.457012 0.513873 0.248504 0.815645 0.670988 0.864402 0.912151 0.580641 0.859944 0.091675 0.272803 0.540545 0.945784 0.134974 0.927988 0.421397 0.315490 0.219310 0.028070 0.660057 0.208669 0.533776 0.212408 0.577894 0.228618 0.810651 0.709856 0.529298 0.665823 0.732174 0.604642 0.978401 0.655226 0.471271 0.604711 0.637729 0.279093 0.366855 0.721797 0.968134 0.614736 0.748585 0.812447 0.220104 0.372908 0.487123 0.303989 0.799559 0.013946 0.091584 0.324376 0.892078 0.787808 0.283338 0.140662 0.468481 0.005543 0.381710 0.827338 0.124754 0.446157 0.480519 0.212702 0.493134 0.119920 0.439940 0.497473 0.520403 0.385122 0.412700 0.718598 0.438883 0.335984 0.882721 0.476057 0.245854 0.972735 0.803130 0.108531 0.880127 0.840577 0.068674 0.997852 0.284475 0.176788 0.624095 0.375746 0.585616 0.016562 0.186693 0.143040 0.417470 0.743045 0.728337 0.983073 0.027564 0.664492 0.959723 0.361336 0.551424 0.814715 0.762947 0.152446 0.037058 0.347600 0.852905 0.369160 0.360675 0.858518 0.745743 0.394203 0.323269 0.606209 0.005518 0.896729 0.859868 0.412798 0.767098 0.754618 0.086724 0.041285 0.492791 0.906065 0.981068 0.513195 0.978464 0.090508 0.258292 0.176115 0.088168 0.815469 0.448219 0.595396 0.948217 0.318663 0.737292 0.215530 0.093911 0.390796 0.045437 0.258666 0.281082 0.506906 0.270167 0.510210 0.144163 0.019847 0.003349 0.673590 0.959030 0.393795 0.462140 0.970244 0.292586 0.406551 0.984145 0.936175 0.014283 0.902532 0.638220 0.056060 0.696273 0.195843 0.752797 0.803676 0.071065 0.234914 0.741613 0.092797 0.254184 0.802958 0.586130 0.315008 0.822876 0.598523 0.941002 0.869430 0.348825 0.216351 0.032299 0.201826 0.498587 0.373794 0.345854 0.982622 0.259685 0.737985 0.372464 0.883129 0.564951 0.133878 0.104566 0.118033
0.815571 0.238609 0.049035 0.607062 0.276620 0.227487 0.452220 0.475067 0.028190 0.722965 0.565086 0.185652 0.671862 0.520839 0.053013 0.903519 0.231638 0.056921 0.628758 0.501006 0.723524 0.463521 0.669959 0.477848 0.422484 0.822924 0.809836 0.534209 0.697947 0.650574 0.781272 0.568424 0.725129 0.549576 0.982043 0.127383 0.513703 0.890824 0.582803 0.850516 0.620755 0.867200 0.937326 0.025100 0.729903 0.700796 0.613965 0.309372 0.140316 0.330533 0.698028 0.796494 0.329852 0.271107 0.526769 0.667652 0.545399 0.778751 0.902606 0.038510 0.333218 0.879681 0.843453 0.439244 0.469375 0.411385 0.742889 0.301056 0.505025 0.457758 0.961848 0.435592 0.957984 0.706874 0.908468 0.976245 0.181808 0.716745 0.156538 0.613806 0.033513 0.731648 0.469714 0.444599 0.636679 0.218247 0.102869 0.539380 0.827734 0.726194 0.154609 0.772062 0.396035 0.823168 0.641451 0.082191 0.337150 0.993254 0.630427 0.408179 0.977032 0.111046 0.445857 0.451392 0.792138 0.878111 0.099961 0.205801 0.990066 0.428040 0.671967 0.301415 0.621981 0.879738 0.045921 0.259715 0.851049 0.718642 0.221336 0.082758 0.487906 0.066229 0.201795 0.166302 0.233341 0.213179 0.415642 0.043469 0.916654 0.252138 0.932913 0.302714 0.575540 0.571870 0.367057 0.364552 0.690517 0.061434 0.920660 0.278474 0.321226 0.962131 0.033824 0.059007 0.431871 0.388383 0.346333 0.197243 0.564719 0.197032 0.972753 0.043111 0.622274 0.328273 0.907301 0.221603 0.413862 0.608508 0.753347 0.762313 0.161751 0.358517 0.551658 0.803902 0.520016 0.567222 0.800525 0.694279 0.867938 0.624798 0.039746 0.679563 0.677367 0.743410 0.800175 0.407252 0.520280 0.551318 0.074755 0.999062 0.322999 0.004586 0.136019 0.086296 0.355045 0.389043 0.995848 0.745331 0.642400 0.808733 0.567286 0.188540 0.256071 0.088197 0.490661 0.476872 0.308485 0.012187 0.339847 0.586337
0.833666 0.059872 0.744975 0.523959 0.138509 0.621304 0.253353 0.765868 0.205047 0.436573 0.407562 0.685668 0.420709 0.220265 0.299190 0.159302 0.842780 0.312535 0.247551 0.171064 0.501740 0.089385 0.584133 0.652876 0.533963 0.104627 0.070419 0.559055 0.956535 0.029189 0.936307 0.472042 0.487074 0.063739 0.786852 0.185282 0.716682 0.591565 0.963206 0.366088 0.105152 0.227017 0.747639 0.828931 0.245689 0.079193 0.858437 0.523813 0.433899 0.732954 0.921680 0.893022 0.387239 0.193240 0.846716 0.991745 0.361121 0.122679 0.308564 0.225090 0.769330 0.288454 0.845480 0.618676 0.053936 0.998818 0.628658 0.452626 0.770112 0.063832 0.124011 0.530390 0.283839 0.993847 0.258590 0.129830 0.843613 0.821009 0.057578 0.949280 0.045450 0.844719 0.641891 0.139546 0.785543 0.591610 0.888601 0.846110 0.145274 0.515485 0.116990 0.207762 0.013417 0.431018 0.934913 0.470995 0.836704 0.253320 0.090876 0.477401 0.054844 0.163278 0.269295 0.055467 0.995563 0.732091 0.191558 0.645997 0.494287 0.777817 0.131940 0.205537 0.364399 0.997112 0.277436 0.757578 0.410098 0.836446 0.729362 0.893559 0.124331 0.191842 0.300665 0.163034 0.491660 0.346006 0.072951 0.002716 0.537741 0.193041 0.080687 0.088833 0.632322 0.897316 0.940923 0.631089 0.371513 0.433488 0.313953 0.306267 0.316933 0.222265 0.554712 0.164525 0.332223 0.784039 0.112642 0.557572 0.798578 0.520015 0.517818 0.313639 0.091198 0.153259 0.341903 0.038490 0.372298 0.090974 0.907191 0.849518 0.129442 0.307448 0.427871 0.555896 0.421977 0.225530 0.961187 0.329312 0.499123 0.264969 0.294873 0.217931 0.339629 0.849062 0.313444 0.872743 0.114151 0.355993 0.433172 0.726336 0.402395 0.354621 0.484759 0.693433 0.109289 0.020403 0.621679 0.907300 0.865915 0.463165 0.913205 0.457384 0.423646 0.529693 0.469720 0.356641 0.491522 0.824232 0.956852 0.811547
0.444301 0.703670 0.913338 0.959871 0.422920 0.341054 0.414107 0.924357 0.304676 0.956942 0.551040 0.691952 0.307400 0.416360 0.194110 0.112611 0.305996 0.336306 0.514061 0.307416 0.908737 0.917214 0.084098 0.486944 0.181277 0.342165 0.571028 0.170189 0.391041 0.533827 0.195570 0.518802 0.122979 0.768359 0.947199 0.915213 0.004583 0.336995 0.287641 0.932913 0.841155 0.744023 0.441157 0.887986 0.614431 0.438820 0.777143 0.250492 0.659633 0.850250 0.391972 0.388714 0.066415 0.607226 0.227680 0.405636 0.808855 0.859644 0.253814 0.729550 0.991313 0.462897 0.973582 0.693571 0.802784 0.289948 0.506422 0.214112 0.989899 0.918819 0.964284 0.128523 0.258832 0.616118 0.763118 0.601142 0.421537 0.476538 0.251783 0.395696 0.870210 0.679530 0.066283 0.049718 0.725972 0.866702 0.817004 0.490125 0.695506 0.790001 0.623528 0.815475 0.433704 0.411282 0.872150 0.691707 0.550745 0.609353 0.631747 0.999813 0.743632 0.066602 0.767566 0.001613 0.573184 0.351233 0.810204 0.045999 0.725435 0.180072 0.497185 0.588604 0.494994 0.642516 0.606545 0.970900 0.525557 0.727339 0.978337 0.422394 0.160685 0.874027 0.486514 0.089028 0.457648 0.738098 0.862378 0.405834 0.316719 0.920131 0.764869 0.026952 0.264269 0.574814 0.736692 0.312824 0.781911 0.256413 0.533421 0.805093 0.852977 0.529481 0.885060 0.273186 0.162215 0.921190 0.306209 0.278844 0.907876 0.902541 0.418917 0.667980 0.030635 0.130153 0.037110 0.043867 0.246562 0.457049 0.435341 0.145503 0.674883 0.467113 0.457044 0.806862 0.961057 0.354313 0.530400 0.647652 0.712551 0.189359 0.482676 0.992114 0.270566 0.009791 0.247992 0.445871 0.303871 0.271668 0.950628 0.343479 0.651021 0.956816 0.929750 0.180696 0.167696 0.584278 0.872205 0.725971 0.891476 0.929028 0.078116 0.515785 0.866281 0.094860 0.504071 0.771828 0.214874 0.047059 0.998811 0.387606
0.044387 0.508747 0.187885 0.425631 0.332965 0.572479 0.012213 0.243982 0.112692 0.294199 0.292135 0.943778 0.000390 0.628839 0.191459 0.703864 0.498338 0.087305 0.794889 0.587537 0.734727 0.428549 0.996801 0.086172 0.533886 0.183669 0.694799 0.017994 0.948529 0.645491 0.598080 0.877317 0.193739 0.889974 0.293414 0.065325 0.618405 0.041772 0.873700 0.608922 0.114065 0.425646 0.719679 0.338295 0.397971 0.537072 0.799925 0.070801 0.758699 0.685464 0.581866 0.101495 0.329321 0.033625 0.782580 0.471489 0.468684 0.610772 0.608660 0.030308 0.621947 0.630211 0.857129 0.928479 0.937433 0.414989 0.641783 0.214080 0.333956 0.473622 0.115965 0.213575 0.144988 0.232721 0.437657 0.962630 0.985098 0.221287 0.148834 0.978305 0.498806 0.567128 0.419133 0.537509 0.037136 0.225693 0.921846 0.471588 0.377793 0.508221 0.667254 0.433676 0.821224 0.573990 0.670866 0.584486 0.693703 0.153877 0.744825 0.565824 0.376223 0.150530 0.980579 0.465154 0.069583 0.938686 0.104624 0.616459 0.535358 0.318292 0.390189 0.449748 0.679018 0.879173 0.640348 0.563878 0.621459 0.385058 0.972960 0.470311 0.688634 0.074817 0.802691 0.805202 0.017133 0.305491 0.081434 0.937490 0.237387 0.136037 0.443702 0.522622 0.275077 0.050139 0.765435 0.068077 0.912196 0.228238 0.766248 0.098930 0.277969 0.497474 0.234972 0.804310 0.198973 0.909396 0.878628 0.758370 0.907563 0.732806 0.195060 0.186238 0.098119 0.991109 0.698400 0.539566 0.095349 0.729792 0.317570 0.867239 0.472595 0.514126 0.432161 0.039781 0.334311 0.557238 0.160086 0.840225 0.024753 0.102244 0.524804 0.936539 0.273868 0.743615 0.050119 0.256198 0.805158 0.087728 0.116633 0.782142 0.094817 0.090138 0.534658 0.986391 0.197778 0.550169 0.274762 0.983472 0.917069 0.026586 0.036616 0.377555 0.949306 0.666771 0.012578 0.822617 0.454644 0.790499 0.290225 0.287938
0.700276 0.903833 0.037647 0.973810 0.914399 0.435976 0.227935 0.899538 0.357365 0.487561 0.105763 0.737581 0.622177 0.343544 0.651295 0.841269 0.725522 0.713970 0.593203 0.078034 0.661294 0.711145 0.396290 0.811479 0.077090 0.303867 0.343734 0.463660 0.746771 0.957515 0.843490 0.651397 0.014107 0.916648 0.750486 0.283378 0.798472 0.722391 0.080761 0.253186 0.390570 0.778681 0.629506 0.185921 0.572724 0.345198 0.423077 0.880018 0.720675 0.154261 0.950714 0.737080 0.331399 0.350561 0.178702 0.618061 0.140416 0.324333 0.234250 0.660975 0.429227 0.620185 0.701094 0.854210 0.337253 0.172187 0.626850 0.090791 0.620079 0.855842 0.517866 0.423862 0.167119 0.260952 0.646796 0.206603 0.153251 0.171404 0.804437 0.190559 0.077179 0.330136 0.999205 0.842161 0.977434 0.051747 0.813526 0.976006 0.173644 0.917785 0.074972 0.273040 0.435858 0.061435 0.982680 0.771751 0.155590 0.345375 0.544995 0.893460 0.173248 0.407697 0.799415 0.547890 0.072161 0.619398 0.277329 0.813605 0.088055 0.584704 0.260390 0.854826 0.138518 0.631357 0.998138 0.160397 0.342974 0.844931 0.387893 0.413729 0.090658 0.484661 0.575591 0.168040 0.829407 0.485855 0.107166 0.902020 0.392866 0.631031 0.530830 0.796755 0.531669 0.564987 0.473330 0.403317 0.041289 0.553018 0.854835 0.398276 0.653227 0.093764 0.647617 0.726931 0.731765 0.644203 0.750642 0.886007 0.161379 0.722599 0.049405 0.786407 0.778078 0.696119 0.425634 0.274109 0.481430 0.005031 0.514455 0.050067 0.959951 0.684647 0.429455 0.285709 0.548613 0.826823 0.576105 0.026468 0.467512 0.508676 0.490257 0.883899 0.547559 0.292333 0.676032 0.435494 0.885138 0.028978 0.361835 0.157531 0.621088 0.111408 0.092162 0.091379 0.821313 0.514482 0.066821 0.885094 0.122848 0.065440 0.059303 0.751672 0.446250 0.050224 0.096489 0.656783 0.448559 0.559199 0.949159 0.661739
0.217830 0.692348 0.106913 0.045646 0.591705 0.325615 0.598370 0.735071 0.997298 0.377071 0.804047 0.820398 0.852704 0.066028 0.899115 0.022657 0.665512 0.854572 0.705249 0.847369 0.209063 0.763682 0.540054 0.834229 0.979198 0.607700 0.548518 0.061732 0.780919 0.766730 0.816046 0.435001 0.800504 0.457723 0.369706 0.013687 0.071555 0.185719 0.686280 0.432817 0.848270 0.517895 0.722257 0.676503 0.046038 0.709300 0.165906 0.426726 0.297244 0.596341 0.908923 0.492136 0.197600 0.369005 0.888474 0.176307 0.079481 0.995256 0.665214 0.456330 0.091774 0.232916 0.119568 0.677949 0.837423 0.163775 0.608382 0.567823 0.697978 0.288008 0.029305 0.012421 0.713959 0.829688 0.014978 0.171866 0.527284 0.113028 0.454937 0.783248 0.622018 0.054524 0.337252 0.200214 0.887564 0.665151 0.983922 0.875374 0.059698 0.846906 0.218277 0.125602 0.226791 0.239152 0.009830 0.715078 0.954231 0.925948 0.266559 0.469981 0.352124 0.056858 0.853581 0.647374 0.187316 0.962229 0.176646 0.737406 0.952877 0.509101 0.799309 0.496217 0.099041 0.678210 0.429161 0.800012 0.030097 0.797376 0.462281 0.373525 0.714404 0.110410 0.891168 0.968445 0.448699 0.541597 0.383759 0.639692 0.546221 0.644036 0.536239 0.512240 0.135021 0.785588 0.643166 0.362940 0.469340 0.305127 0.420484 0.238308 0.796917 0.820048 0.500628 0.163659 0.361904 0.840742 0.517955 0.948341 0.036262 0.717278 0.956180 0.025783 0.153930 0.156307 0.063544 0.914193 0.695396 0.143947 0.271985 0.185807 0.560978 0.467227 0.387099 0.047245 0.669850 0.887564 0.642542 0.903519 0.840886 0.577705 0.592448 0.763646 0.507169 0.973356 0.935367 0.352039 0.339841 0.766036 0.835026 0.129891 0.277054 0.190254 0.641987 0.646753 0.849193 0.518721 0.162026 0.430036 0.782357 0.140267 0.519560 0.172442 0.770271 0.530814 0.405099 0.012771 0.670996 0.636400 0.728139 0.602690
0.320421 0.413675 0.526465 0.618483 0.056724 0.508878 0.287781 0.450190 0.174985 0.726588 0.646255 0.941656 0.922751 0.919980 0.146841 0.846674 0.091335 0.480633 0.399497 0.346983 0.442597 0.377323 0.858733 0.863894 0.869754 0.830575 0.838009 0.344009 0.505204 0.540471 0.036962 0.092061 0.317258 0.483524 0.559373 0.293696 0.747276 0.214801 0.422545 0.981797 0.477956 0.961071 0.723563 0.752687 0.740057 0.802275 0.539069 0.085576 0.412813 0.373325 0.465656 0.367056 0.157401 0.872128 0.909110 0.947615 0.232125 0.349419 0.494047 0.458806 0.185428 0.519924 0.053520 0.032935 0.823256 0.316845 0.690320 0.665800 0.507274 0.027773 0.342650 0.561746 0.808091 0.399072 0.731337 0.745423 0.915556 0.674385 0.744364 0.925079 0.075382 0.878281 0.836842 0.371645 0.940530 0.525166 0.507566 0.424655 0.023640 0.393510 0.065533 0.253478 0.969671 0.190520 0.902584 0.457979 0.661633 0.911802 0.078017 0.152789 0.328096 0.598917 0.257609 0.761275 0.558800 0.588980 0.336255 0.369408 0.125867 0.606853 0.603228 0.782140 0.753898 0.115032 0.263775 0.533883 0.786775 0.720802 0.985660 0.945332 0.355702 0.907419 0.960174 0.571187 0.489614 0.219596 0.565293 0.327608 0.116598 0.212846 0.373630 0.353763 0.075556 0.603227 0.349881 0.867824 0.450852 0.704966 0.604216 0.269198 0.164705 0.084792 0.744087 0.609831 0.225707 0.987014 0.627939 0.516706 0.962800 0.667304 0.207340 0.089546 0.309340 0.719173 0.316471 0.805588 0.503795 0.563852 0.469091 0.988251 0.652130 0.297159 0.403191 0.426920 0.126424 0.458025 0.296929 0.241579 0.367295 0.188929 0.413661 0.046857 0.457245 0.765707 0.764522 0.691235 0.028915 0.731643 0.332457 0.907218 0.536990 0.285605 0.525868 0.866279 0.486542 0.130734 0.916442 0.270621 0.544950 0.922350 0.284049 0.915524 0.855980 0.816755 0.973358 0.624784 0.135990 0.032606 0.017059 0.555895
0.806654 0.402396 0.997480 0.337238 0.893505 0.602497 0.949122 0.941381 0.869690 0.955386 0.729464 0.640315 0.130891 0.425743 0.317204 0.338411 0.551344 0.917277 0.966139 0.113568 0.395532 0.877699 0.805520 0.404927 0.468533 0.947674 0.943045 0.077076 0.098093 0.280104 0.575466 0.607151 0.799524 0.169075 0.572008 0.640936 0.718094 0.195359 0.258190 0.667017 0.830314 0.310198 0.600851 0.637166 0.852518 0.388068 0.728975 0.837570 0.561588 0.458502 0.935870 0.359368 0.794536 0.996384 0.410729 0.310689 0.159777 0.555924 0.428406 0.918649 0.254899 0.442937 0.580822 0.094483 0.498727 0.151920 0.132234 0.161080 0.167900 0.678838 0.539981 0.080884 0.744946 0.412461 0.961874 0.755850 0.704737 0.867490 0.461643 0.759397 0.728737 0.849801 0.762903 0.409427 0.412945 0.667140 0.661771 0.252952 0.631009 0.324531 0.311565 0.057542 0.136112 0.822600 0.565420 0.138424 0.997293 0.286105 0.708164 0.960369 0.433277 0.218467 0.886598 0.887476 0.474243 0.566126 0.529538 0.837387 0.752381 0.747765 0.940025 0.234609 0.181535 0.635298 0.144044 0.440203 0.757178 0.268818 0.916757 0.468663 0.345582 0.915803 0.009304 0.982277 0.166271 0.260661 0.726622 0.702464 0.789942 0.075076 0.782038 0.192235 0.750995 0.121654 0.144206 0.505869 0.634708 0.479488 0.100101 0.829418 0.391666 0.337218 0.904394 0.730686 0.614106 0.848081 0.052839 0.643944 0.006837 0.801638 0.269166 0.849287 0.976212 0.246756 0.748283 0.233307 0.607650 0.403334 0.185223 0.345232 0.669539 0.450264 0.113202 0.115410 0.330928 0.000242 0.747750 0.761338 0.445957 0.724076 0.863515 0.890375 0.216000 0.213440 0.295212 0.412142 0.205867 0.746382 0.286971 0.766879 0.502523 0.840948 0.846060 0.614574 0.910588 0.135551 0.293286 0.606035 0.085536 0.711719 0.327147 0.326277 0.801198 0.889673 0.461722 0.207324 0.270797 0.600862 0.921406 0.988378
0.905848 0.140878 0.360112 0.666817 0.562763 0.266892 0.512811 0.812493 0.222045 0.111060 0.887807 0.396323 0.628736 0.770565 0.952697 0.351001 0.119008 0.354925 0.863411 0.923327 0.393476 0.637810 0.694613 0.670219 0.875297 0.837722 0.039777 0.583797 0.227809 0.378087 0.723990 0.396667 0.827013 0.075040 0.445224 0.755800 0.571273 0.511638 0.577641 0.547370 0.885971 0.241510 0.174138 0.083520 0.346636 0.412278 0.011871 0.849122 0.902239 0.145722 0.935975 0.335903 0.454482 0.258382 0.921225 0.086010 0.259445 0.137096 0.074093 0.288704 0.164896 0.132145 0.219987 0.044947 0.370567 0.663885 0.326846 0.869960 0.889191 0.850273 0.604415 0.873513 0.851080 0.255720 0.290195 0.264675 0.760750 0.447060 0.122311 0.157955 0.861883 0.538967 0.698824 0.347790 0.627397 0.158207 0.378985 0.255052 0.158841 0.248775 0.944021 0.384810 0.520033 0.652269 0.146703 0.762647 0.892014 0.148185 0.619598 0.510302 0.165474 0.086481 0.880628 0.280405 0.019636 0.286452 0.254793 0.710457 0.538071 0.746659 0.356528 0.118542 0.775303 0.429933 0.034214 0.931355 0.947855 0.907929 0.863864 0.412925 0.155794 0.672496 0.001745 0.766543 0.094664 0.605754 0.508901 0.715074 0.364838 0.832271 0.898154 0.249796 0.182465 0.113198 0.831596 0.161180 0.333540 0.328089 0.413685 0.691962 0.007374 0.677737 0.300311 0.324391 0.559787 0.648218 0.005008 0.857072 0.445548 0.611351 0.799051 0.214973 0.996355 0.224136 0.832511 0.528623 0.780270 0.249033 0.799004 0.710336 0.811588 0.991409 0.666740 0.280712 0.006851 0.562216 0.999005 0.786403 0.867271 0.786528 0.689195 0.326292 0.494146 0.601981 0.495679 0.711678 0.877805 0.916491 0.141229 0.563966 0.930571 0.822194 0.466161 0.745743 0.529184 0.948331 0.710849 0.233647 0.669509 0.706502 0.875684 0.161800 0.303578 0.593146 0.128970 0.322881 0.531475 0.224566 0.037475 0.992104
0.875187 0.354768 0.267709 0.185209 0.534186 0.885686 0.409133 0.955160 0.611665 0.909826 0.896760 0.006509 0.044880 0.307574 0.837453 0.338010 0.459782 0.376034 0.228497 0.173877 0.233112 0.033455 0.892509 0.871153 0.263150 0.796464 0.588638 0.442960 0.014636 0.642235 0.468200 0.301143 0.453224 0.576529 0.289664 0.169517 0.143697 0.567281 0.633551 0.047585 0.928780 0.007188 0.724478 0.413744 0.498734 0.002365 0.951270 0.431325 0.228432 0.164156 0.847141 0.964648 0.310765 0.970931 0.612900 0.466425 0.278592 0.767252 0.644061 0.397476 0.512274 0.091840 0.064114 0.962044 0.526513 0.667520 0.654109 0.737474 0.854303 0.600848 0.792250 0.674058 0.389069 0.416159 0.568353 0.827666 0.465967 0.796094 0.137440 0.066069 0.099071 0.757104 0.399860 0.819654 0.543587 0.165605 0.574157 0.418865 0.837233 0.333445 0.639372 0.568957 0.014213 0.794428 0.890778 0.911451 0.397691 0.782242 0.325535 0.470519 0.238251 0.656000 0.479546 0.626112 0.163526 0.834292 0.616269 0.489019 0.307423 0.769155 0.910042 0.157806 0.845052 0.020548 0.640680 0.902946 0.231721 0.576923 0.091240 0.476768 0.848131 0.170318 0.833630 0.246315 0.248364 0.161987 0.390862 0.694383 0.368149 0.787669 0.859786 0.439839 0.735287 0.204581 0.540390 0.787064 0.622198 0.722369 0.252036 0.968786 0.275212 0.268157 0.275089 0.078666 0.168833 0.224941 0.703854 0.905201 0.097580 0.410723 0.386602 0.656571 0.798480 0.430643 0.571389 0.579957 0.866203 0.357676 0.603352 0.560573 0.648900 0.651473 0.382085 0.538727 0.604628 0.307591 0.223457 0.531874 0.521164 0.967379 0.853361 0.138783 0.365571 0.057365 0.076446 0.172837 0.433868 0.794038 0.214874 0.422733 0.236387 0.180584 0.040901 0.602405 0.606082 0.796232 0.090052 0.508800 0.082548 0.369792 0.052076 0.753458 0.757436 0.929809 0.549569 0.605428 0.979754 0.125165 0.183797 0.480181
0.301509 0.685193 0.443516 0.976266 0.912483 0.930567 0.380965 0.472833 0.078343 0.005431 0.955952 0.666587 0.222266 0.803912 0.478216 0.992846 0.297869 0.060221 0.510623 0.709787 0.688839 0.577330 0.142640 0.399876 0.236992 0.727665 0.005008 0.150788 0.284435 0.370822 0.119885 0.647808 0.832262 0.294551 0.428886 0.871770 0.215518 0.891587 0.803993 0.183428 0.091793 0.201454 0.320045 0.360659 0.371589 0.181025 0.625084 0.999369 0.087776 0.399949 0.265491 0.817865 0.208932 0.464694 0.602926 0.327550 0.484088 0.199183 0.022841 0.343054 0.086533 0.599136 0.288534 0.653068 0.316223 0.330492 0.429628 0.892042 0.106911 0.601600 0.196593 0.756710 0.248412 0.483949 0.225772 0.823437 0.826226 0.688861 0.625889 0.736717 0.160214 0.203218 0.142866 0.135205 0.563724 0.004969 0.782641 0.202140 0.268057 0.135722 0.514073 0.885103 0.379042 0.832366 0.061246 0.513159 0.235542 0.372135 0.054362 0.444416 0.904122 0.073463 0.425635 0.663116 0.458833 0.910137 0.050428 0.523368 0.403047 0.970955 0.557336 0.967502 0.828071 0.540657 0.308473 0.553576 0.614932 0.088502 0.968712 0.592623 0.770189 0.679295 0.412326 0.293129 0.146518 0.720048 0.210747 0.306257 0.601048 0.616835 0.547285 0.525054 0.578721 0.748518 0.279213 0.751391 0.543082 0.907764 0.181983 0.009303 0.822821 0.832804 0.037321 0.684959 0.244539 0.633251 0.285418 0.075103 0.734629 0.166142 0.427526 0.202689 0.996438 0.596109 0.416572 0.459495 0.388565 0.007148 0.669579 0.473221 0.424097 0.864652 0.233675 0.969532 0.602726 0.386997 0.179057 0.806856 0.996036 0.952871 0.674808 0.425766 0.344672 0.848092 0.015485 0.380814 0.556509 0.359793 0.627270 0.497161 0.358529 0.020832 0.412298 0.578554 0.433225 0.685539 0.095887 0.758663 0.434440 0.914536 0.836366 0.682101 0.211422 0.597165 0.367566 0.469921 0.121185 0.490020 0.656950 0.208289
0.302163 0.179261 0.747058 0.650417 0.680718 0.765147 0.821823 0.090451 0.327631 0.554161 0.055574 0.809723 0.570188 0.436473 0.133341 0.306477 0.129434 0.942846 0.538268 0.149442 0.843764 0.997171 0.290122 0.339153 0.708891 0.909321 0.714098 0.023693 0.662217 0.337472 0.792492 0.646775 0.287023 0.609864 0.298295 0.284858 0.528422 0.155853 0.793058 0.755189 0.773856 0.972241 0.492602 0.698323 0.461514 0.779792 0.627631 0.353873 0.821782 0.437708 0.728201 0.209645 0.134431 0.648771 0.200858 0.186926 0.256181 0.772357 0.212756 0.441629 0.324011 0.797471 0.431852 0.924450 0.554492 0.966274 0.668936 0.200154 0.203354 0.278450 0.898595 0.645653 0.783798 0.280182 0.767739 0.085108 0.733661 0.178007 0.687934 0.013084 0.902556 0.070879 0.138647 0.941943 0.974957 0.259791 0.098677 0.731917 0.640300 0.271173 0.591045 0.486193 0.638127 0.031616 0.949181 0.997478 0.478630 0.689819 0.053318 0.089513 0.709622 0.526329 0.952022 0.370604 0.919133 0.812384 0.969487 0.997916 0.720913 0.230395 0.773428 0.186319 0.959888 0.242308 0.182603 0.439940 0.055132 0.937318 0.333379 0.433787 0.701705 0.359011 0.202111 0.402435 0.652798 0.854850 0.625202 0.785362 0.473550 0.891800 0.282703 0.414071 0.920010 0.760066 0.211861 0.879444 0.163144 0.055842 0.946238 0.113143 0.513741 0.399510 0.648852 0.706237 0.161754 0.238005 0.789733 0.278072 0.359544 0.093523 0.596495 0.982846 0.341507 0.107328 0.098961 0.665170 0.356199 0.619559 0.368680 0.297325 0.323244 0.169426 0.004029 0.825175 0.403481 0.801579 0.113742 0.104387 0.205672 0.607569 0.066110 0.436653 0.650703 0.442465 0.555528 0.524241 0.306487 0.403517 0.846073 0.600531 0.709426 0.880842 0.165665 0.320574 0.824378 0.781601 0.604707 0.042774 0.243411 0.982110 0.410011 0.583486 0.212849 0.490437 0.598782 0.340241 0.609732 0.256457 0.080542 0.514106
0.603040 0.722520 0.631113 0.873194 0.111317 0.662931 0.030446 0.049823 0.749494 0.636430 0.161548 0.265819 0.129678 0.707098 0.532514 0.067550 0.040965 0.566456 0.325803 0.846262 0.403144 0.000014 0.090334 0.898565 0.072474 0.144354 0.491947 0.069982 0.335183 0.593896 0.486930 0.718046 0.798533 0.855040 0.876588 0.530238 0.612214 0.084149 0.978167 0.901601 0.994272 0.657406 0.523428 0.651125 0.609586 0.224507 0.927114 0.392883 0.061240 0.501792 0.894191 0.323584 0.057502 0.902152 0.100729 0.299746 0.001526 0.464176 0.993942 0.018831 0.261051 0.791178 0.056275 0.656793 0.951280 0.941619 0.849937 0.528865 0.566276 0.921529 0.366244 0.544648 0.331993 0.631000 0.241394 0.449947 0.631808 0.133564 0.350154 0.946369 0.777256 0.608979 0.841719 0.201450 0.288214 0.083841 0.622161 0.862943 0.024022 0.756076 0.359148 0.217865 0.309606 0.614656 0.501079 0.243839 0.707913 0.106728 0.481850 0.325391 0.452913 0.123668 0.340897 0.867584 0.042276 0.542846 0.219364 0.622376 0.302817 0.508639 0.196158 0.543894 0.361787 0.716550 0.034448 0.654873 0.096050 0.569616 0.587300 0.552675 0.783956 0.613858 0.937101 0.045763 0.008955 0.349066 0.377754 0.245138 0.689411 0.162178 0.628350 0.620774 0.141645 0.370779 0.388015 0.467652 0.564983 0.204669 0.521322 0.436417 0.507324 0.706229 0.163935 0.477030 0.744327 0.933729 0.549244 0.675511 0.713923 0.290443 0.534748 0.172090 0.059047 0.024001 0.170731 0.911809 0.109962 0.167464 0.472893 0.098877 0.897212 0.022894 0.209791 0.480653 0.482423 0.050046 0.416003 0.077599 0.334391 0.966351 0.581844 0.635099 0.772049 0.472970 0.857616 0.235490 0.818912 0.656990 0.569444 0.123962 0.359836 0.165852 0.315832 0.068876 0.416583 0.472569 0.558481 0.075206 0.929461 0.177945 0.162764 0.789851 0.413764 0.810050 0.291651 0.056926 0.582820 0.913343 0.100847 0.369127
0.673251 0.837357 0.600390 0.907286 0.466594 0.065456 0.694484 0.449982 0.928372 0.254836 0.515991 0.746881 0.849899 0.220429 0.370475 0.157074 0.183582 0.573893 0.326045 0.867111 0.004487 0.136963 0.387712 0.744912 0.152748 0.348929 0.866612 0.074779 0.839767 0.819513 0.637296 0.410626 0.848938 0.092546 0.655961 0.647718 0.417823 0.234469 0.371669 0.587882 0.916916 0.571909 0.812095 0.082765 0.807544 0.706808 0.290912 0.645731 0.895902 0.563700 0.684608 0.854907 0.024813 0.767678 0.447544 0.871387 0.324167 0.472560 0.159201 0.656005 0.513343 0.599056 0.758853 0.939582 0.740369 0.803794 0.991971 0.061185 0.179580 0.715455 0.689157 0.512526 0.925433 0.481330 0.617193 0.960575 0.280793 0.495094 0.214835 0.721432 0.606882 0.916584 0.088073 0.117082 0.454936 0.779785 0.044374 0.817782 0.666705 0.232308 0.712546 0.587917 0.354737 0.700935 0.324363 0.112743 0.249411 0.688061 0.441747 0.354700 0.958743 0.876069 0.074584 0.514806 0.474943 0.849396 0.314318 0.347306 0.385621 0.885104 0.789893 0.430292 0.013408 0.899264 0.590893 0.766885 0.657648 0.715072 0.929047 0.107809 0.402412 0.791345 0.445848 0.937633 0.968001 0.206032 0.560719 0.415501 0.413465 0.674298 0.808575 0.620672 0.806750 0.005618 0.737962 0.359546 0.038675 0.704957 0.037019 0.948276 0.234222 0.168162 0.209564 0.138263 0.348551 0.332079 0.389268 0.400325 0.491554 0.213537 0.066006 0.993038 0.363070 0.633605 0.047973 0.783702 0.759982 0.361390 0.057673 0.661453 0.405512 0.001468 0.733467 0.667434 0.227494 0.141549 0.387463 0.531985 0.461836 0.228302 0.528918 0.249843 0.143680 0.183273 0.103305 0.021914 0.876032 0.050121 0.805575 0.078112 0.983379 0.204577 0.325816 0.481260 0.177620 0.154382 0.438685 0.638729 0.779362 0.573918 0.143391 0.815604 0.079304 0.585758 0.215520 0.521306 0.388414 0.391875 0.293318 0.341052
0.699242 0.452374 0.837629 0.456691 0.036521 0.937096 0.960112 0.897460 0.326169 0.092691 0.659032 0.918270 0.322698 0.392797 0.094931 0.085215 0.072173 0.060658 0.714792 0.264964 0.683206 0.469558 0.296436 0.235958 0.823129 0.327080 0.067215 0.879228 0.288182 0.970994 0.992264 0.989936 0.672178 0.979426 0.230100 0.760638 0.275091 0.585515 0.613542 0.127432 0.264794 0.977846 0.162652 0.935037 0.763440 0.960747 0.763749 0.466159 0.594476 0.187230 0.930438 0.140137 0.238748 0.503428 0.938866 0.457494 0.131084 0.764726 0.335981 0.935387 0.326797 0.220501 0.944791 0.364208 0.683977 0.366184 0.230833 0.247091 0.497008 0.196778 0.069806 0.964926 0.654000 0.628389 0.097682 0.042334 0.210316 0.898029 0.970749 0.313300 0.222568 0.229816 0.969934 0.064416 0.503515 0.774012 0.748548 0.484703 0.443746 0.267518 0.024178 0.144141 0.948237 0.185142 0.645185 0.456656 0.263870 0.455278 0.617401 0.331551 0.638541 0.704756 0.686329 0.692162 0.894703 0.855377 0.087531 0.983528 0.859553 0.025585 0.599779 0.391324 0.619551 0.107840 0.272950 0.887923 0.277499 0.654245 0.683823 0.041170 0.241098 0.664032 0.138327 0.303880 0.792409 0.623453 0.417138 0.315087 0.555153 0.803651 0.311598 0.986945 0.810713 0.441659 0.631032 0.316540 0.296633 0.022378 0.009827 0.887764 0.261449 0.144213 0.912543 0.814926 0.204175 0.322744 0.263459 0.249536 0.321490 0.346337 0.158960 0.617852 0.310934 0.179386 0.550370 0.051783 0.295679 0.497303 0.403562 0.386755 0.761680 0.962101 0.129319 0.293081 0.745435 0.027616 0.559182 0.698669 0.212505 0.850553 0.121540 0.940656 0.366481 0.526548 0.627596 0.793729 0.829144 0.513238 0.815239 0.610302 0.598642 0.049511 0.375774 0.518592 0.126682 0.046038 0.958128 0.998226 0.298338 0.388037 0.506389 0.992390 0.576150 0.184803 0.601221 0.362209 0.298049 0.971504 0.898936 0.818370
0.667731 0.061820 0.750742 0.116909 0.885025 0.996779 0.769295 0.987615 0.505799 0.175547 0.742930 0.170635 0.190189 0.877914 0.635932 0.702974 0.859440 0.913628 0.347536 0.429494 0.635618 0.013322 0.387118 0.271727 0.791456 0.927955 0.302564 0.603281 0.085876 0.481768 0.133532 0.974299 0.309390 0.713259 0.596832 0.949941 0.741961 0.909105 0.737551 0.367240 0.619967 0.077913 0.145860 0.143123 0.695638 0.295654 0.495059 0.415753 0.334309 0.016681 0.918954 0.693300 0.731473 0.132997 0.474587 0.014538 0.965536 0.854416 0.195757 0.237237 0.603300 0.208158 0.020512 0.589749 0.593573 0.898569 0.581137 0.193576 0.599773 0.373945 0.481491 0.043662 0.734902 0.544170 0.044460 0.335792 0.384331 0.530391 0.583099 0.519576 0.193722 0.187351 0.127816 0.682061 0.165024 0.098508 0.039177 0.271907 0.528230 0.462884 0.661589 0.045300 0.581846 0.188989 0.062140 0.121861 0.144306 0.882440 0.528222 0.677744 0.713948 0.295076 0.542561 0.214342 0.268182 0.999200 0.990185 0.399622 0.140752 0.828467 0.927338 0.126696 0.968364 0.107990 0.042544 0.633189 0.356648 0.528177 0.798474 0.683351 0.089337 0.115316 0.604958 0.711353 0.098968 0.841569 0.053484 0.727652 0.788506 0.978045 0.281269 0.160908 0.045840 0.055903 0.557348 0.968746 0.859094 0.076947 0.775346 0.256016 0.275110 0.274998 0.389833 0.522058 0.326981 0.213471 0.743762 0.852041 0.752477 0.045017 0.509917 0.779230 0.329391 0.139838 0.042760 0.999197 0.729391 0.617454 0.365967 0.094955 0.613613 0.807416 0.739395 0.679973 0.018635 0.067340 0.612827 0.995707 0.268548 0.086934 0.878477 0.106665 0.953491 0.602721 0.041303 0.825754 0.363783 0.078400 0.472983 0.397019 0.276574 0.719664 0.281300 0.706975 0.211866 0.248618 0.052820 0.039457 0.379439 0.254553 0.387534 0.370492 0.701695 0.247232 0.500508 0.688009 0.115434 0.942429 0.205425 0.275050
0.995772 0.037085 0.205153 0.439659 0.061145 0.731195 0.974931 0.946895 0.433945 0.845839 0.186016 0.202112 0.417775 0.038583 0.969784 0.005823 0.803731 0.104442 0.740916 0.789157 0.204823 0.480628 0.670702 0.439502 0.683978 0.164521 0.521841 0.798921 0.397157 0.934942 0.247931 0.988187 0.861975 0.597176 0.358602 0.213635 0.958913 0.739139 0.993989 0.378080 0.836882 0.183353 0.588276 0.184089 0.811424 0.108435 0.571725 0.841406 0.328820 0.229183 0.563625 0.699297 0.312072 0.272819 0.988881 0.610863 0.297813 0.162131 0.782712 0.503175 0.497853 0.952907 0.206569 0.093119 0.443865 0.381528 0.751908 0.592440 0.791000 0.080896 0.634691 0.024625 0.740927 0.680238 0.460255 0.617390 0.269182 0.556020 0.235035 0.016992 0.894880 0.552807 0.373024 0.966357 0.977908 0.344840 0.637011 0.111059 0.664012 0.267086 0.211320 0.104434 0.456503 0.391584 0.281618 0.230832 0.641505 0.623217 0.136856 0.951116 0.450347 0.490016 0.073762 0.164027 0.069776 0.442592 0.178563 0.184909 0.835973 0.532913 0.626172 0.279611 0.794560 0.628157 0.728117 0.143943 0.510985 0.187665 0.846994 0.920716 0.171989 0.133314 0.318504 0.415933 0.478571 0.821734 0.547044 0.893943 0.339683 0.951058 0.623127 0.151734 0.633977 0.791803 0.137158 0.207743 0.921184 0.373196 0.936003 0.822121 0.587497 0.295356 0.042156 0.152006 0.961394 0.001990 0.360956 0.149492 0.383956 0.920848 0.856285 0.048021 0.393098 0.349532 0.484527 0.253437 0.439327 0.716908 0.904421 0.081624 0.087100 0.247638 0.535431 0.388777 0.719667 0.856278 0.451419 0.695552 0.206711 0.568347 0.154099 0.253641 0.133276 0.374620 0.326105 0.546250 0.195413 0.414924 0.339772 0.752351 0.564492 0.907671 0.867630 0.928228 0.531600 0.734119 0.899650 0.436193 0.741427 0.608769 0.280461 0.474254 0.699446 0.450177 0.358677 0.194950 0.815346 0.526526 0.797997 0.100550
0.417023 0.695952 0.503932 0.414944 0.793399 0.984724 0.039584 0.961206 0.523888 0.355860 0.694853 0.400157 0.246818 0.028026 0.990112 0.260845 0.409586 0.344124 0.776428 0.109535 0.715071 0.141713 0.623340 0.843426 0.471826 0.906291 0.813246 0.665668 0.590642 0.982647 0.670527 0.379297 0.776301 0.965618 0.190219 0.647204 0.897525 0.306442 0.161313 0.043735 0.539184 0.695487 0.696612 0.685415 0.729029 0.503349 0.335493 0.434367 0.667018 0.419432 0.387598 0.125042 0.073186 0.096926 0.871838 0.878687 0.290088 0.657230 0.230418 0.950944 0.129299 0.791156 0.940436 0.587238 0.562202 0.422490 0.187081 0.200163 0.360578 0.973240 0.594614 0.216021 0.303009 0.418308 0.492860 0.965707 0.421922 0.590199 0.646277 0.802063 0.695141 0.238999 0.007883 0.544203 0.540977 0.762126 0.977573 0.000822 0.696688 0.520973 0.427111 0.373719 0.629852 0.675407 0.370712 0.593767 0.977893 0.156943 0.696451 0.449383 0.391162 0.391178 0.176306 0.186161 0.369689 0.037066 0.364855 0.829438 0.345775 0.658365 0.526738 0.467065 0.181235 0.373717 0.860766 0.233130 0.280936 0.232291 0.455885 0.741422 0.889183 0.298798 0.337547 0.718348 0.315620 0.744812 0.140748 0.694680 0.456233 0.118020 0.165092 0.026836 0.926077 0.297304 0.085232 0.193029 0.216759 0.327850 0.479419 0.668005 0.495688 0.879133 0.160845 0.975193 0.277718 0.563241 0.805028 0.148345 0.499937 0.401700 0.372402 0.323701 0.757087 0.797988 0.230832 0.455903 0.851355 0.622050 0.938829 0.837522 0.045251 0.189729 0.918025 0.039492 0.938193 0.615749 0.505290 0.800302 0.222948 0.510699 0.156321 0.510116 0.490006 0.322933 0.579304 0.565976 0.261972 0.043881 0.537716 0.345957 0.157268 0.337514 0.481514 0.474218 0.743878 0.736568 0.220522 0.581908 0.829874 0.574235 0.449049 0.149320 0.543457 0.601083 0.579568 0.203815 0.635651 0.452165 0.699789 0.336765
0.248536 0.854707 0.919287 0.741539 0.320463 0.031996 0.606449 0.977254 0.361583 0.177781 0.465498 0.754574 0.059418 0.286456 0.882350 0.036215 0.684110 0.898633 0.637171 0.465834 0.145672 0.587211 0.021670 0.601414 0.509894 0.950485 0.643154 0.242136 0.173396 0.048257 0.057218 0.101536 0.702970 0.637720 0.683914 0.674604 0.390486 0.140508 0.921777 0.887658 0.536251 0.255567 0.901688 0.528080 0.635438 0.551405 0.200954 0.961516 0.238492 0.336120 0.965059 0.075507 0.463387 0.543402 0.775071 0.818623 0.104406 0.002800 0.554591 0.453686 0.967419 0.487667 0.252617 0.910132 0.400070 0.098485 0.584742 0.376041 0.890679 0.104940 0.574666 0.507105 0.305211 0.405701 0.555878 0.684899 0.618263 0.546385 0.657174 0.788939 0.142639 0.544926 0.805910 0.421571 0.996034 0.433848 0.413316 0.063308 0.560480 0.186779 0.578822 0.706414 0.346702 0.106435 0.187976 0.997368 0.467205 0.485268 0.086119 0.660176 0.965041 0.433624 0.128789 0.564668 0.954282 0.938714 0.396869 0.802044 0.640560 0.444352 0.322288 0.298657 0.413992 0.302603 0.280525 0.811533 0.736733 0.589895 0.461343 0.598060 0.112593 0.362331 0.424229 0.838835 0.852262 0.422689 0.863476 0.247865 0.176011 0.389859 0.783024 0.598497 0.085021 0.464371 0.299160 0.123304 0.080928 0.308132 0.238043 0.070782 0.876734 0.058094 0.320513 0.223519 0.800591 0.889147 0.238657 0.334572 0.135427 0.788839 0.842708 0.500003 0.576414 0.909519 0.840059 0.780790 0.681027 0.612535 0.849433 0.149089 0.608238 0.104733 0.561351 0.702466 0.604325 0.838158 0.164148 0.810243 0.953442 0.357825 0.776708 0.348358 0.952539 0.450341 0.363801 0.046344 0.925120 0.304491 0.921786 0.179444 0.500476 0.351551 0.338686 0.330634 0.970163 0.594084 0.977179 0.618614 0.623608 0.371129 0.993367 0.769135 0.664676 0.213419 0.936150 0.634185 0.847691 0.796553 0.411364 0.739579
0.738236 0.969336 0.793969 0.733968 0.406364 0.332847 0.451629 0.380929 0.023415 0.445199 0.037212 0.880111 0.817804 0.311731 0.141502 0.004403 0.589304 0.914633 0.353272 0.741638 0.565061 0.138707 0.181417 0.519614 0.935343 0.461884 0.338477 0.331348 0.802164 0.321125 0.811759 0.156777 0.716842 0.608821 0.668890 0.218063 0.182804 0.450570 0.532538 0.412941 0.708609 0.825932 0.088836 0.978395 0.234103 0.845552 0.678461 0.048963 0.052685 0.760418 0.530339 0.321149 0.449745 0.681201 0.214236 0.967732 0.876027 0.370229 0.923998 0.989053 0.905734 0.244793 0.461247 0.680232 0.422750 0.875096 0.851907 0.854537 0.063207 0.069719 0.896406 0.636455 0.276446 0.014151 0.074529 0.758104 0.470167 0.525803 0.745674 0.215371 0.051914 0.037903 0.229148 0.856604 0.404468 0.530686 0.698876 0.713227 0.415693 0.429975 0.484178 0.645214 0.342951 0.104786 0.158491 0.041156 0.405155 0.009910 0.689367 0.739767 0.901134 0.627930 0.563147 0.919398 0.779465 0.168740 0.980190 0.469779 0.178844 0.648296 0.056858 0.639061 0.209679 0.397991 0.096419 0.869732 0.772401 0.756358 0.771618 0.444832 0.439000 0.751014 0.763075 0.702266 0.468218 0.072811 0.162473 0.635328 0.183889 0.931930 0.567182 0.746411 0.526594 0.250703 0.682972 0.414068 0.767984 0.808685 0.277761 0.792800 0.056272 0.520405 0.659513 0.523327 0.897353 0.985401 0.952576 0.417671 0.434223 0.640818 0.016804 0.554735 0.126860 0.518953 0.504360 0.371473 0.101382 0.364353 0.515396 0.383106 0.592364 0.438467 0.023963 0.755799 0.509526 0.155839 0.476555 0.846460 0.207708 0.173699 0.641079 0.531303 0.043806 0.038432 0.897215 0.848869 0.547691 0.098494 0.886867 0.606456 0.078007 0.404269 0.598004 0.440493 0.914919 0.789517 0.378403 0.782236 0.822070 0.198072 0.166886 0.011576 0.955434 0.335507 0.810111 0.658465 0.593305 0.174362 0.791674 0.633860
0.540710 0.295156 0.620477 0.778962 0.564710 0.926745 0.049400 0.382736 0.918567 0.461047 0.246271 0.652222 0.466371 0.200143 0.534829 0.263708 0.101858 0.585206 0.534905 0.980179 0.320537 0.036245 0.442776 0.558422 0.844049 0.381730 0.733066 0.520222 0.113067 0.851803 0.414476 0.459439 0.530215 0.535022 0.525334 0.842792 0.247706 0.157063 0.692987 0.279494 0.675902 0.968544 0.392670 0.864618 0.707070 0.973959 0.757401 0.853682 0.763078 0.499446 0.875407 0.504009 0.500683 0.319119 0.564981 0.685883 0.006026 0.255995 0.257914 0.089609 0.210147 0.497218 0.340637 0.890620 0.604807 0.557651 0.909898 0.551439 0.602250 0.340154 0.529079 0.879543 0.786343 0.476900 0.158053 0.933593 0.182384 0.147027 0.319938 0.811439 0.228760 0.738173 0.897511 0.160667 0.400281 0.793725 0.976831 0.265428 0.111616 0.308441 0.809442 0.025886 0.080843 0.567928 0.542289 0.641123 0.504913 0.345156 0.417675 0.617910 0.117815 0.909175 0.237329 0.269341 0.553217 0.943740 0.570440 0.747741 0.423124 0.036970 0.076651 0.833276 0.283267 0.628380 0.725786 0.318373 0.990473 0.517817 0.784095 0.585359 0.616825 0.674421 0.440564 0.293751 0.720230 0.038442 0.038518 0.836701 0.287452 0.872489 0.801058 0.448964 0.043955 0.864924 0.564558 0.824297 0.337374 0.597763 0.895724 0.084692 0.656264 0.101921 0.559076 0.909146 0.059468 0.072346 0.676946 0.992449 0.786681 0.917874 0.865384 0.939609 0.660137 0.375779 0.707545 0.572723 0.517238 0.359998 0.403625 0.670090 0.450435 0.722826 0.067589 0.957722 0.226326 0.382360 0.402326 0.824998 0.756177 0.204187 0.961563 0.838009 0.584615 0.446259 0.049519 0.707986 0.372517 0.243812 0.494562 0.675794 0.284251 0.043408 0.866124 0.356817 0.345132 0.292919 0.195207 0.371693 0.432640 0.402512 0.789241 0.043785 0.275945 0.385108 0.754630 0.456928 0.233332 0.706854 0.553765 0.445998
0.697788 0.982300 0.265990 0.251406 0.715383 0.811167 0.073956 0.733838 0.488595 0.839700 0.367058 0.934031 0.693388 0.787107 0.457178 0.774820 0.306353 0.450201 0.227966 0.591828 0.192678 0.404511 0.786426 0.871782 0.767523 0.572981 0.016947 0.596383 0.674989 0.865006 0.857531 0.137594 0.132211 0.033499 0.939352 0.438423 0.131094 0.340383 0.502370 0.523874 0.394164 0.019281 0.465314 0.605033 0.630368 0.534684 0.881818 0.435416 0.065529 0.803703 0.589708 0.673369 0.920483 0.763581 0.992082 0.908882 0.229432 0.535710 0.608835 0.688966 0.139100 0.294309 0.130768 0.392537 0.806089 0.201590 0.491137 0.284567 0.156104 0.321703 0.651737 0.040112 0.124355 0.791207 0.361878 0.657512 0.478366 0.371755 0.271088 0.786038 0.599207 0.969672 0.907336 0.556686 0.700447 0.075824 0.974094 0.268983 0.311652 0.216756 0.175218 0.031784 0.207310 0.264151 0.969904 0.259697 0.722140 0.643501 0.833870 0.992236 0.440672 0.683166 0.350931 0.025315 0.689090 0.766291 0.426870 0.294137 0.316303 0.996632 0.710889 0.225737 0.241765 0.723545 0.470480 0.408937 0.742501 0.508623 0.471749 0.731367 0.247658 0.154979 0.009153 0.895768 0.490303 0.725403 0.613304 0.931620 0.833332 0.496961 0.423041 0.128836 0.463980 0.865686 0.525250 0.742863 0.312556 0.305290 0.910784 0.591853 0.983946 0.993099 0.318976 0.925928 0.630075 0.910372 0.839297 0.736082 0.899501 0.156665 0.123254 0.567056 0.323707 0.616538 0.017935 0.898962 0.343784 0.571903 0.670720 0.750891 0.558236 0.264978 0.769252 0.521499 0.914111 0.621402 0.111465 0.143446 0.992914 0.961366 0.379897 0.105221 0.576670 0.554237 0.208162 0.109602 0.524682 0.807618 0.264255 0.417713 0.435285 0.379594 0.423732 0.250240 0.975163 0.861869 0.658180 0.944459 0.220729 0.015611 0.398646 0.411726 0.517780 0.828464 0.374145 0.340548 0.378678 0.879942 0.631588 0.491422
0.258217 0.708579 0.978302 0.567876 0.327896 0.936483 0.495666 0.783020 0.674658 0.640469 0.532650 0.732861 0.550721 0.391844 0.665248 0.282073 0.804708 0.651044 0.902647 0.186478 0.574974 0.906866 0.127067 0.201430 0.903374 0.365788 0.014645 0.920482 0.172189 0.477448 0.715480 0.099943 0.566518 0.826890 0.799002 0.369591 0.400804 0.033730 0.011409 0.252492 0.410766 0.092393 0.881416 0.995699 0.707330 0.203913 0.317927 0.041866 0.669089 0.818046 0.632790 0.510220 0.118120 0.548967 0.470213 0.821887 0.507354 0.973992 0.317077 0.233175 0.562092 0.653807 0.322792 0.469932 0.818874 0.688472 0.511430 0.992857 0.634512 0.016779 0.358049 0.802917 0.965106 0.445740 0.279469 0.879690 0.153588 0.862069 0.099591 0.008482 0.780633 0.082030 0.819372 0.015970 0.958014 0.452517 0.117748 0.094662 0.613476 0.763973 0.127722 0.063137 0.195747 0.784389 0.306754 0.774858 0.880719 0.033421 0.674910 0.779623 0.768003 0.523062 0.957020 0.224437 0.154645 0.724268 0.454119 0.997446 0.350560 0.990975 0.317085 0.680660 0.434679 0.475778 0.490984 0.419503 0.262676 0.956789 0.416671 0.989077 0.817857 0.461984 0.404505 0.149367 0.662589 0.529165 0.742471 0.024994 0.001704 0.837858 0.911487 0.146819 0.661136 0.683681 0.586565 0.485128 0.680064 0.662201 0.113356 0.253774 0.117438 0.379427 0.568223 0.894917 0.522740 0.060169 0.786256 0.313128 0.791976 0.712617 0.757544 0.851851 0.459858 0.648211 0.272326 0.034394 0.263399 0.225914 0.847132 0.488708 0.311994 0.377837 0.538688 0.108800 0.302431 0.784543 0.759823 0.837535 0.207817 0.718556 0.869414 0.584385 0.101450 0.940387 0.941720 0.953862 0.649442 0.269901 0.100423 0.877343 0.305073 0.581386 0.062215 0.902123 0.371299 0.339534 0.176499 0.659771 0.103475 0.076156 0.592377 0.926714 0.513528 0.130013 0.958810 0.632588 0.907741 0.162121 0.250849 0.008004
0.669619 0.240469 0.233610 0.010012 0.375631 0.307110 0.588899 0.857239 0.424258 0.366291 0.710493 0.749677 0.435394 0.809661 0.431021 0.878170 0.875345 0.351882 0.751083 0.245600 0.434068 0.552949 0.332290 0.342543 0.435429 0.963126 0.846309 0.169063 0.588713 0.455578 0.927284 0.171691 0.757726 0.815601 0.918078 0.128805 0.822879 0.160975 0.283180 0.519272 0.178964 0.127845 0.042163 0.616858 0.116587 0.191054 0.042399 0.472358 0.290395 0.076517 0.638997 0.234621 0.624628 0.777414 0.110110 0.168736 0.580607 0.261360 0.777553 0.558623 0.301871 0.374511 0.323934 0.436843 0.356764 0.803940 0.644277 0.794361 0.130262 0.912394 0.805195 0.578453 0.978274 0.618327 0.142682 0.433684 0.759485 0.989879 0.013675 0.131958 0.395505 0.801546 0.804566 0.670048 0.692850 0.811408 0.038272 0.837773 0.836742 0.660691 0.950647 0.013310 0.434239 0.031590 0.414448 0.538907 0.186167 0.957239 0.508368 0.260383 0.255096 0.555465 0.797408 0.445328 0.305844 0.542232 0.638126 0.609363 0.269906 0.290171 0.450479 0.450408 0.769028 0.159247 0.341438 0.980601 0.011088 0.461684 0.893518 0.824615 0.407957 0.560940 0.181815 0.804738 0.269721 0.537053 0.701596 0.728573 0.551807 0.503254 0.590297 0.160556 0.899881 0.662916 0.019262 0.116562 0.060742 0.826080 0.599983 0.713392 0.191836 0.853470 0.055192 0.831798 0.100962 0.013741 0.920383 0.779443 0.558463 0.781736 0.841214 0.854887 0.284859 0.691948 0.822638 0.141211 0.254162 0.976810 0.385993 0.607002 0.729695 0.620792 0.926636 0.789708 0.381281 0.319758 0.269233 0.065159 0.852790 0.538407 0.377139 0.030233 0.674701 0.612055 0.811104 0.080833 0.996736 0.727120 0.556545 0.127353 0.230185 0.349496 0.931060 0.066241 0.326546 0.368538 0.438464 0.580077 0.699838 0.787903 0.952777 0.703566 0.048474 0.490269 0.580591 0.673079 0.272968 0.066491 0.720966 0.390697
0.200758 0.678675 0.638683 0.210996 0.460377 0.236616 0.600659 0.589909 0.084784 0.889850 0.767370 0.341434 0.054225 0.748734 0.147394 0.287586 0.929958 0.658571 0.041184 0.054685 0.512575 0.213315 0.013303 0.707172 0.338451 0.683125 0.341366 0.550068 0.765994 0.998586 0.200201 0.927405 0.692025 0.766307 0.556866 0.440255 0.663782 0.921583 0.267393 0.050136 0.814085 0.005142 0.471599 0.885380 0.330397 0.627932 0.440123 0.668712 0.664211 0.476586 0.716643 0.530650 0.471486 0.605518 0.461082 0.284590 0.999797 0.779799 0.713848 0.187338 0.155931 0.796893 0.169961 0.688332 0.340532 0.218885 0.335002 0.656129 0.974679 0.172167 0.493035 0.219534 0.448451 0.643208 0.863548 0.625310 0.091620 0.711454 0.203949 0.694841 0.356804 0.899070 0.484537 0.961184 0.730454 0.353259 0.814510 0.998161 0.118205 0.153215 0.488242 0.529083 0.864770 0.421389 0.438635 0.498187 0.124289 0.976587 0.676631 0.201639 0.826061 0.048765 0.735511 0.180466 0.442395 0.838708 0.447800 0.861134 0.281524 0.883557 0.527332 0.677753 0.454099 0.754112 0.909767 0.656516 0.859606 0.929625 0.076706 0.789999 0.357174 0.369449 0.125346 0.678504 0.403164 0.654524 0.724377 0.904220 0.915945 0.923331 0.402850 0.797862 0.952834 0.552163 0.336849 0.660640 0.668348 0.092844 0.921411 0.143268 0.296423 0.021346 0.773121 0.453151 0.496923 0.347320 0.047247 0.122974 0.110569 0.631220 0.930641 0.829675 0.260063 0.408949 0.219647 0.438043 0.660194 0.193695 0.794457 0.383622 0.732275 0.452047 0.942468 0.518674 0.812325 0.877554 0.588180 0.502471 0.086364 0.035268 0.111632 0.375372 0.527679 0.435393 0.268768 0.197377 0.860741 0.021267 0.516894 0.142528 0.070839 0.920388 0.698787 0.419056 0.191983 0.277707 0.380312 0.527544 0.541141 0.786385 0.744101 0.428163 0.817948 0.851664 0.342843 0.092971 0.009956 0.588625 0.236518 0.808889
0.554332 0.445090 0.294811 0.812694 0.600847 0.345868 0.055200 0.998865 0.822909 0.205469 0.225375 0.775043 0.767649 0.390336 0.997408 0.769653 0.438587 0.692620 0.571704 0.627071 0.405425 0.663298 0.394702 0.239229 0.706938 0.722872 0.504911 0.608174 0.813297 0.361937 0.609716 0.014317 0.383242 0.387188 0.422032 0.431820 0.666700 0.084152 0.944548 0.577477 0.500698 0.474004 0.554340 0.990525 0.384104 0.738597 0.516439 0.022161 0.352181 0.807978 0.298953 0.771853 0.595091 0.599210 0.116696 0.881163 0.642857 0.080763 0.113426 0.021464 0.208659 0.143826 0.758659 0.882974 0.000312 0.697424 0.736521 0.760022 0.333178 0.199898 0.753029 0.291481 0.019689 0.032778 0.588552 0.310059 0.772273 0.689179 0.485432 0.656670 0.571874 0.939491 0.156905 0.548743 0.443760 0.486023 0.648195 0.311500 0.054939 0.987864 0.998301 0.550433 0.217151 0.421653 0.843055 0.148989 0.190692 0.381401 0.762185 0.973353 0.403504 0.919706 0.184110 0.562747 0.339425 0.094367 0.769103 0.865917 0.069646 0.281863 0.527623 0.226346 0.240235 0.107466 0.102134 0.259295 0.007643 0.591356 0.150659 0.580219 0.514146 0.902675 0.916672 0.270741 0.468211 0.480524 0.605233 0.494137 0.296435 0.966799 0.533742 0.381838 0.409127 0.780885 0.762622 0.893349 0.599516 0.848480 0.389761 0.100592 0.402254 0.640233 0.029061 0.977124 0.662324 0.275725 0.694279 0.082245 0.865548 0.311375 0.596090 0.632642 0.814012 0.572694 0.891695 0.274832 0.010043 0.324436 0.262803 0.391032 0.860866 0.300828 0.175565 0.944929 0.800339 0.374250 0.183669 0.873776 0.735487 0.524022 0.022663 0.336626 0.041991 0.520618 0.567896 0.638735 0.055436 0.794891 0.305984 0.771862 0.131183 0.773122 0.828495 0.524278 0.178075 0.592256 0.109043 0.932893 0.168036 0.795715 0.726558 0.395756 0.624131 0.057776 0.879623 0.691676 0.037094 0.585914 0.733758 0.656651
0.730371 0.423275 0.188934 0.211055 0.752928 0.047406 0.968474 0.205226 0.268612 0.042974 0.501058 0.603454 0.781300 0.364467 0.298983 0.524865 0.750788 0.568310 0.257246 0.735504 0.794850 0.542912 0.410112 0.631234 0.376701 0.211041 0.462027 0.818438 0.340643 0.558358 0.454604 0.800866 0.510226 0.778391 0.683634 0.485546 0.522736 0.129662 0.631105 0.281864 0.915513 0.049255 0.401136 0.385737 0.245117 0.463333 0.589910 0.131109 0.950339 0.259831 0.694665 0.829427 0.925576 0.297599 0.827929 0.691374 0.177948 0.131626 0.440324 0.830514 0.147185 0.009678 0.374731 0.954303 0.273835 0.982776 0.586778 0.589977 0.012199 0.692830 0.814427 0.476249 0.116629 0.761762 0.881156 0.417120 0.831635 0.131752 0.537055 0.455293 0.650783 0.049758 0.158442 0.809708 0.562576 0.270459 0.643633 0.564650 0.087286 0.459561 0.528909 0.540805 0.659753 0.922472 0.881129 0.218855 0.238707 0.945104 0.483145 0.511899 0.822346 0.870930 0.734704 0.445853 0.437002 0.275316 0.879224 0.773222 0.666846 0.801309 0.656527 0.967060 0.503567 0.504962 0.508946 0.399254 0.076035 0.342538 0.120165 0.408627 0.207867 0.359593 0.519230 0.603738 0.614102 0.268999 0.305497 0.322878 0.094487 0.732772 0.723261 0.749935 0.568659 0.372729 0.186353 0.095363 0.631529 0.076101 0.069594 0.653757 0.277961 0.187444 0.489034 0.661445 0.121877 0.978481 0.550680 0.947087 0.170578 0.938697 0.415683 0.818182 0.232988 0.437418 0.468051 0.542816 0.292655 0.378886 0.105817 0.452372 0.150476 0.681173 0.350907 0.946661 0.420278 0.675600 0.432309 0.007676 0.685515 0.910972 0.285226 0.305232 0.848364 0.136629 0.106258 0.128431 0.719888 0.310840 0.158156 0.863749 0.433921 0.567322 0.287143 0.827775 0.433989 0.576089 0.462771 0.918331 0.575627 0.342992 0.062730 0.765093 0.281344 0.446856 0.470859 0.244041 0.070875 0.219644 0.264685 0.777180
0.450518 0.457161 0.163816 0.885237 0.351362 0.497583 0.687045 0.379367 0.602344 0.373863 0.820205 0.913686 0.497687 0.236719 0.041703 0.965236 0.762558 0.725945 0.260004 0.867300 0.786684 0.006696 0.976915 0.256718 0.997503 0.826038 0.434662 0.448185 0.637052 0.498085 0.882417 0.490761 0.794680 0.530368 0.262763 0.901872 0.280892 0.466260 0.617182 0.282711 0.345153 0.272292 0.126260 0.473725 0.644049 0.291235 0.666755 0.864017 0.589303 0.785047 0.248110 0.782514 0.732631 0.542081 0.699706 0.639714 0.560526 0.191613 0.728412 0.761892 0.898303 0.851731 0.608032 0.178277 0.415700 0.643658 0.976449 0.490521 0.153135 0.762791 0.615073 0.588687 0.060963 0.707775 0.883571 0.442159 0.822360 0.813081 0.981658 0.800311 0.471372 0.308981 0.563709 0.396594 0.757802 0.878456 0.332688 0.591805 0.620388 0.384152 0.184300 0.216850 0.227613 0.602023 0.906266 0.564571 0.789048 0.407801 0.252093 0.283991 0.657744 0.864705 0.491457 0.825256 0.010466 0.573083 0.643019 0.661421 0.071449 0.672099 0.318503 0.477872 0.800769 0.832926 0.829641 0.172385 0.678866 0.848714 0.815730 0.137610 0.770232 0.481754 0.371422 0.925617 0.761531 0.484849 0.871731 0.234528 0.338894 0.605580 0.881386 0.237774 0.908051 0.659223 0.950858 0.999512 0.415209 0.786151 0.924269 0.769185 0.998197 0.333164 0.346865 0.688822 0.978202 0.783508 0.306664 0.391231 0.454822 0.191388 0.253941 0.656868 0.597480 0.988894 0.987670 0.927896 0.610794 0.792180 0.900348 0.378909 0.213731 0.538281 0.274062 0.530775 0.524410 0.549447 0.135351 0.148222 0.715985 0.543715 0.757536 0.845042 0.516477 0.759044 0.587683 0.777829 0.140422 0.870410 0.553691 0.927192 0.275657 0.042013 0.835250 0.220615 0.413401 0.316889 0.760338 0.741205 0.628537 0.787389 0.714834 0.271179 0.746374 0.558244 0.217804 0.549692 0.551460 0.989399 0.744566 0.768842
0.973329 0.624779 0.220854 0.149241 0.151798 0.620796 0.707366 0.741836 0.306218 0.075904 0.849076 0.328338 0.982997 0.842507 0.463305 0.951031 0.654015 0.501996 0.271415 0.035770 0.026592 0.617936 0.629423 0.018104 0.883125 0.773653 0.170449 0.723836 0.844600 0.600728 0.441154 0.396224 0.419360 0.138283 0.079013 0.151581 0.700944 0.232293 0.306854 0.933534 0.149752 0.985534 0.570401 0.536900 0.969889 0.991216 0.283050 0.639756 0.830791 0.640297 0.376804 0.434435 0.658353 0.594772 0.373180 0.302116 0.248503 0.340759 0.826291 0.445712 0.036097 0.017000 0.195370 0.443924 0.205292 0.182427 0.505774 0.584345 0.642241 0.004830 0.772795 0.250511 0.596431 0.138261 0.920821 0.565382 0.385326 0.256231 0.724303 0.027943 0.494828 0.156360 0.943881 0.513597 0.060065 0.329809 0.599819 0.453369 0.187483 0.327281 0.810788 0.407351 0.257803 0.422197 0.532539 0.869632 0.797712 0.072911 0.858641 0.072375 0.171339 0.199727 0.618638 0.205300 0.953893 0.067562 0.783722 0.773474 0.050366 0.176481 0.349066 0.748158 0.355580 0.074985 0.054949 0.652741 0.915820 0.960756 0.227286 0.203798 0.324580 0.320779 0.441291 0.768884 0.005898 0.145775 0.863698 0.982136 0.202822 0.555485 0.758362 0.841808 0.364966 0.374143 0.491428 0.157775 0.312819 0.705605 0.476853 0.101478 0.377355 0.563823 0.177429 0.139044 0.499902 0.326722 0.428909 0.748707 0.527320 0.439184 0.683690 0.144520 0.229069 0.368205 0.814029 0.070242 0.008067 0.187515 0.991227 0.063070 0.889055 0.865290 0.002340 0.471596 0.321934 0.306010 0.696769 0.067131 0.160969 0.737161 0.346390 0.495142 0.598072 0.803381 0.263117 0.641199 0.412148 0.106072 0.148832 0.151875 0.169645 0.313631 0.078340 0.289837 0.811646 0.956673 0.826559 0.339179 0.434106 0.847377 0.280298 0.103513 0.411731 0.096468 0.311157 0.101522 0.958086 0.132819 0.197232 0.752300
0.754151 0.972829 0.985564 0.144638 0.495874 0.319001 0.036076 0.344044 0.595816 0.881212 0.859536 0.359031 0.411219 0.096903 0.587884 0.996564 0.105898 0.234800 0.605186 0.532120 0.720810 0.478706 0.751879 0.872512 0.281565 0.183656 0.122067 0.684314 0.953804 0.554514 0.549232 0.386481 0.791167 0.039753 0.485498 0.560103 0.631534 0.217483 0.763834 0.402282 0.540317 0.569617 0.167344 0.283156 0.752484 0.082121 0.699275 0.360843 0.896785 0.480113 0.778817 0.580977 0.996030 0.227473 0.054921 0.053086 0.194619 0.339669 0.641418 0.644193 0.540721 0.901886 0.778828 0.039989 0.779033 0.528971 0.365441 0.959566 0.960512 0.015701 0.554768 0.783024 0.904199 0.649305 0.608865 0.654587 0.376206 0.110384 0.240758 0.559993 0.077227 0.029396 0.471467 0.767443 0.288321 0.717912 0.436465 0.922736 0.765708 0.396539 0.766242 0.981394 0.141961 0.238342 0.299584 0.023946 0.840203 0.532035 0.956002 0.215765 0.939792 0.096616 0.381464 0.993722 0.566808 0.797676 0.412411 0.294488 0.906252 0.560592 0.096390 0.688813 0.598642 0.774408 0.780085 0.366418 0.746229 0.818473 0.661523 0.442097 0.477080 0.936676 0.298923 0.334484 0.893169 0.675237 0.984079 0.956909 0.725577 0.390919 0.256930 0.083235 0.003431 0.194906 0.077089 0.874731 0.886221 0.905851 0.600575 0.469322 0.448728 0.312461 0.471108 0.725102 0.656440 0.190753 0.171229 0.259759 0.267400 0.939225 0.412692 0.608870 0.976396 0.963271 0.951174 0.338867 0.424238 0.085843 0.045293 0.464437 0.590323 0.446634 0.432862 0.663175 0.313777 0.121713 0.453941 0.654772 0.557958 0.473811 0.693453 0.579902 0.087700 0.830635 0.025283 0.432474 0.810170 0.562737 0.024840 0.975192 0.740005 0.265143 0.506488 0.131506 0.523892 0.136676 0.440224 0.871933 0.343469 0.507846 0.946803 0.709774 0.921952 0.970407 0.686344 0.842467 0.960233 0.045632 0.660980 0.504711
0.652313 0.395744 0.997427 0.405416 0.722334 0.149409 0.495542 0.306113 0.839074 0.769523 0.969297 0.869718 0.346614 0.614780 0.656449 0.197182 0.469979 0.052797 0.084761 0.728237 0.123103 0.029280 0.237741 0.334408 0.711408 0.292399 0.469671 0.425882 0.547733 0.337991 0.903726 0.330214 0.933917 0.103954 0.410297 0.075902 0.317550 0.305251 0.026951 0.868717 0.016634 0.387193 0.398948 0.160011 0.730855 0.056924 0.730940 0.822880 0.105026 0.939996 0.688950 0.377210 0.078318 0.816783 0.905328 0.405453 0.028003 0.713031 0.324752 0.427806 0.262893 0.102670 0.206423 0.841972 0.387383 0.511105 0.509382 0.377275 0.696224 0.213147 0.866070 0.182092 0.301598 0.220255 0.537642 0.058517 0.779058 0.719839 0.082032 0.574886 0.359419 0.094174 0.709212 0.442471 0.608400 0.044109 0.360588 0.618007 0.431215 0.177267 0.562235 0.355052 0.691898 0.902679 0.918842 0.972608 0.729701 0.462449 0.888483 0.602208 0.817249 0.914264 0.683652 0.654615 0.330478 0.587648 0.604137 0.925291 0.506164 0.004975 0.587819 0.913241 0.996601 0.995294 0.942153 0.294959 0.022199 0.044080 0.708566 0.243814 0.359264 0.145212 0.409431 0.919386 0.357869 0.133948 0.406006 0.405055 0.528523 0.801862 0.585673 0.932371 0.836288 0.605926 0.116190 0.368334 0.778733 0.749622 0.821340 0.376693 0.776628 0.905602 0.130104 0.442723 0.718104 0.901109 0.952113 0.665634 0.853007 0.595381 0.621789 0.337020 0.559515 0.777389 0.254985 0.638434 0.536987 0.618230 0.074114 0.319333 0.424650 0.074359 0.064822 0.354334 0.292868 0.438971 0.192607 0.363061 0.164044 0.927621 0.174729 0.510416 0.342004 0.004050 0.494083 0.675346 0.401080 0.441079 0.144954 0.299789 0.052761 0.653225 0.856070 0.752368 0.282241 0.161959 0.752541 0.093803 0.590588 0.499681 0.473623 0.626517 0.085440 0.238417 0.306724 0.937468 0.154077 0.588123 0.825966 0.125213
0.397635 0.554702 0.987446 0.104190 0.428122 0.417050 0.680632 0.620202 0.412400 0.881846 0.986074 0.753596 0.874169 0.846042 0.564542 0.780166 0.815039 0.151642 0.973823 0.325657 0.758790 0.149233 0.118140 0.413498 0.256329 0.791696 0.164045 0.306896 0.869535 0.491851 0.344306 0.441815 0.520893 0.457554 0.929016 0.181719 0.490283 0.848042 0.525497 0.126417 0.023746 0.915727 0.686206 0.471606 0.474701 0.894085 0.751273 0.530015 0.555890 0.327040 0.147012 0.780227 0.818525 0.684111 0.545758 0.954929 0.480579 0.744275 0.566380 0.078092 0.800933 0.170461 0.677425 0.113800 0.975383 0.591328 0.075637 0.086848 0.981734 0.667480 0.924893 0.542949 0.949032 0.789556 0.843064 0.492672 0.504463 0.447239 0.837847 0.838684 0.516954 0.301640 0.987498 0.524432 0.040940 0.927954 0.667926 0.892395 0.418296 0.623110 0.050134 0.980981 0.477582 0.727469 0.829062 0.329399 0.186947 0.375779 0.231346 0.446731 0.735407 0.223586 0.760403 0.106205 0.496896 0.985919 0.974089 0.539237 0.810057 0.901406 0.258764 0.366535 0.386185 0.897943 0.778712 0.738391 0.054982 0.792601 0.350162 0.908556 0.267480 0.590364 0.695339 0.704720 0.868224 0.724776 0.916308 0.425283 0.873059 0.966135 0.748104 0.358563 0.930928 0.418156 0.196103 0.790705 0.119015 0.165683 0.079168 0.342439 0.236816 0.916392 0.926140 0.878545 0.927877 0.890943 0.833830 0.884913 0.820287 0.513367 0.733593 0.486406 0.434956 0.415666 0.018536 0.244614 0.734488 0.570312 0.967818 0.455398 0.512520 0.397227 0.065289 0.213417 0.538148 0.884726 0.525709 0.808452 0.444175 0.532875 0.663378 0.911662 0.385119 0.472905 0.490064 0.316808 0.138090 0.660771 0.747326 0.091053 0.012645 0.895868 0.426381 0.269999 0.652106 0.927945 0.103874 0.591986 0.750731 0.066150 0.149486 0.404280 0.973807 0.975032 0.364444 0.489628 0.459643 0.268118 0.281837 0.918210
0.868007 0.296415 0.429967 0.680350 0.022176 0.876358 0.899100 0.189408 0.875081 0.551341 0.052930 0.188485 0.010282 0.062367 0.991409 0.033183 0.472391 0.480937 0.852458 0.868054 0.108190 0.169301 0.589024 0.581958 0.642474 0.061029 0.178888 0.895472 0.398377 0.101648 0.719343 0.877450 0.167413 0.665509 0.098712 0.865728 0.668768 0.090630 0.117313 0.448992 0.622757 0.047657 0.050827 0.893848 0.770106 0.064268 0.776265 0.474949 0.394587 0.824813 0.167487 0.287021 0.857550 0.138230 0.904297 0.957758 0.839669 0.931151 0.125441 0.028011 0.966104 0.397078 0.912061 0.940824 0.350516 0.165211 0.548368 0.639580 0.638137 0.165457 0.026111 0.661011 0.780742 0.208891 0.690005 0.784976 0.229801 0.200323 0.524402 0.636072 0.185191 0.552326 0.870026 0.392403 0.120975 0.808339 0.710405 0.157359 0.983147 0.077037 0.070021 0.635100 0.636268 0.996592 0.630731 0.235965 0.986062 0.687968 0.179796 0.725478 0.509736 0.059459 0.337062 0.442614 0.063442 0.098545 0.232576 0.325943 0.055268 0.234829 0.423936 0.852049 0.252501 0.237062 0.791286 0.612002 0.694920 0.520684 0.256170 0.169674 0.062677 0.310793 0.902559 0.630762 0.164748 0.542009 0.596015 0.590118 0.988105 0.963202 0.486147 0.452893 0.116854 0.682421 0.675166 0.695466 0.214573 0.535734 0.937449 0.143114 0.478626 0.676686 0.264207 0.703007 0.527451 0.006663 0.625701 0.787492 0.670442 0.136019 0.538761 0.822490 0.009926 0.954249 0.528825 0.994307 0.723907 0.248759 0.831515 0.818814 0.663449 0.520503 0.364593 0.814728 0.850151 0.387595 0.203958 0.888939 0.228096 0.202051 0.063141 0.629697 0.372020 0.821011 0.005514 0.150939 0.421536 0.844199 0.595331 0.515903 0.484871 0.719260 0.402815 0.661361 0.466998 0.447713 0.782672 0.860027 0.407720 0.713981 0.231040 0.644337 0.284137 0.942101 0.448736 0.216200 0.410233 0.400600 0.866045 0.132148
0.772642 0.076250 0.101341 0.025949 0.520845 0.640245 0.528099 0.069672 0.031524 0.423759 0.405072 0.120711 0.737443 0.663810 0.682762 0.620821 0.291085 0.728120 0.410311 0.143295 0.476065 0.834018 0.324271 0.006620 0.779637 0.716955 0.994878 0.485878 0.123882 0.609460 0.850592 0.872853 0.903207 0.093936 0.396270 0.227845 0.746178 0.444363 0.074531 0.995642 0.082081 0.121291 0.122571 0.462195 0.112157 0.376418 0.307046 0.675042 0.217821 0.942368 0.546670 0.279679 0.315471 0.708188 0.385581 0.063054 0.838814 0.518727 0.465827 0.243964 0.977851 0.381346 0.848832 0.814153 0.566611 0.526593 0.469642 0.778985 0.044743 0.016680 0.525672 0.002678 0.604799 0.508899 0.717714 0.823328 0.337043 0.367177 0.560713 0.076147 0.800910 0.476180 0.500273 0.501903 0.891114 0.472427 0.689665 0.366017 0.724085 0.151074 0.642319 0.643955 0.948468 0.609538 0.008014 0.610455 0.421461 0.032178 0.732257 0.729025 0.441982 0.183496 0.107799 0.158656 0.349528 0.892269 0.123336 0.139437 0.286303 0.661570 0.500416 0.953396 0.004519 0.356144 0.171461 0.507386 0.707110 0.597696 0.845014 0.924432 0.688532 0.488664 0.984528 0.646840 0.666881 0.888875 0.390498 0.621328 0.642263 0.796313 0.510563 0.314781 0.287530 0.917712 0.427207 0.525608 0.174354 0.773476 0.051213 0.523025 0.459689 0.673009 0.371479 0.155965 0.922889 0.292808 0.714374 0.489152 0.568241 0.117832 0.920377 0.363357 0.892408 0.892739 0.602375 0.852876 0.530733 0.639327 0.793548 0.273685 0.908447 0.308983 0.476732 0.954123 0.450422 0.857010 0.507805 0.991995 0.107573 0.778650 0.364643 0.675070 0.161279 0.637738 0.874502 0.172954 0.271740 0.769482 0.927894 0.166417 0.954151 0.706208 0.557667 0.937180 0.652307 0.159845 0.398363 0.490694 0.966460 0.033857 0.865862 0.358644 0.497804 0.798286 0.491922 0.532742 0.041048 0.451161 0.122333 0.313422
0.340158 0.414582 0.590918 0.016372 0.716737 0.123257 0.244176 0.794970 0.909446 0.132779 0.699214 0.737106 0.385256 0.253826 0.790294 0.576034 0.382136 0.826943 0.966372 0.297460 0.351402 0.703237 0.110336 0.410612 0.283025 0.750955 0.356136 0.466746 0.797504 0.692822 0.872933 0.542744 0.680907 0.863279 0.126391 0.259847 0.517122 0.043635 0.203031 0.235030 0.612205 0.400607 0.589728 0.061540 0.373390 0.657287 0.501464 0.352852 0.509458 0.919604 0.961290 0.969836 0.681305 0.635404 0.023595 0.361262 0.198295 0.113712 0.713262 0.809927 0.355537 0.829863 0.785764 0.969843 0.252348 0.834997 0.750234 0.958281 0.803012 0.114327 0.661138 0.909597 0.527812 0.234084 0.148724 0.637938 0.217977 0.938177 0.702384 0.916574 0.166535 0.811723 0.249469 0.358071 0.841138 0.253187 0.134510 0.288287 0.392996 0.034673 0.755065 0.660683 0.696048 0.537730 0.300772 0.610521 0.216842 0.176793 0.430715 0.939072 0.038274 0.550519 0.202293 0.673665 0.892631 0.191554 0.895889 0.500857 0.858209 0.924173 0.645668 0.913087 0.724073 0.393154 0.785386 0.718992 0.988315 0.239062 0.952903 0.474645 0.379472 0.538308 0.450845 0.891640 0.326610 0.166274 0.931868 0.317221 0.812091 0.627348 0.092792 0.777080 0.314371 0.849877 0.308265 0.325919 0.364375 0.313252 0.948316 0.131000 0.235084 0.529246 0.672887 0.648610 0.462864 0.876236 0.645664 0.722915 0.766531 0.323398 0.999424 0.220641 0.283216 0.437509 0.754771 0.128791 0.808338 0.829738 0.693235 0.105750 0.344674 0.177528 0.856277 0.167345 0.718085 0.444304 0.262490 0.156055 0.638359 0.767204 0.195597 0.769801 0.069057 0.336772 0.826648 0.034438 0.968465 0.872859 0.498495 0.531645 0.421166 0.212709 0.146383 0.183168 0.239360 0.963638 0.561964 0.565845 0.282887 0.164261 0.977452 0.414735 0.272893 0.039416 0.658380 0.348509 0.274600 0.142993 0.098108 0.499882
0.724153 0.980039 0.346759 0.902609 0.789515 0.101328 0.261470 0.534331 0.624125 0.700111 0.937070 0.573214 0.246637 0.792809 0.116784 0.454835 0.315551 0.275330 0.772369 0.057762 0.959198 0.636969 0.398160 0.676313 0.324626 0.174937 0.862569 0.954836 0.422226 0.107496 0.944940 0.891763 0.562886 0.891427 0.030834 0.768186 0.861526 0.791479 0.749901 0.490908 0.597108 0.766607 0.078032 0.421138 0.482283 0.278402 0.650683 0.570783 0.125134 0.278215 0.442756 0.645472 0.876918 0.423250 0.876147 0.598470 0.788921 0.221022 0.998502 0.840540 0.277092 0.309608 0.222332 0.097618 0.003692 0.449060 0.989571 0.859646 0.252064 0.258183 0.924163 0.622732 0.244651 0.144212 0.210550 0.129950 0.745014 0.196958 0.355445 0.506792 0.091645 0.757745 0.228433 0.338188 0.588722 0.295204 0.657840 0.940701 0.127934 0.035325 0.843281 0.452881 0.796609 0.028511 0.577236 0.884977 0.317070 0.452773 0.060378 0.371423 0.512746 0.515121 0.522294 0.255626 0.894569 0.969154 0.001146 0.296625 0.647909 0.325191 0.970051 0.885971 0.495703 0.888192 0.708186 0.765168 0.303218 0.668118 0.357317 0.883867 0.750688 0.702431 0.323384 0.362087 0.450539 0.777105 0.418978 0.071628 0.849168 0.877732 0.159613 0.393170 0.174538 0.381067 0.325133 0.018578 0.346343 0.397181 0.928723 0.288673 0.173318 0.803799 0.942921 0.291182 0.295306 0.519232 0.624283 0.446655 0.511229 0.112180 0.767207 0.737745 0.092720 0.286954 0.109713 0.745181 0.231416 0.886203 0.552807 0.768660 0.095693 0.369907 0.906117 0.225928 0.730392 0.097469 0.621332 0.547391 0.561562 0.684840 0.644688 0.447902 0.026589 0.940001 0.350479 0.790759 0.669516 0.782147 0.259590 0.121565 0.996170 0.475716 0.257619 0.852020 0.593293 0.911150 0.741632 0.206561 0.467155 0.061549 0.406409 0.540876 0.992178 0.890006 0.774154 0.274085 0.910901 0.081901 0.291353 0.232004
0.896356 0.208338 0.319057 0.111419 0.438942 0.031401 0.381696 0.392454 0.991671 0.919128 0.048857 0.438708 0.346644 0.191352 0.768256 0.580840 0.691103 0.014090 0.346019 0.212079 0.769431 0.444174 0.789677 0.629996 0.278079 0.000231 0.848483 0.374111 0.570381 0.128181 0.031075 0.199736 0.356587 0.715106 0.326926 0.942534 0.606862 0.865619 0.250474 0.705407 0.878812 0.560908 0.613130 0.052916 0.829551 0.916199 0.140410 0.502029 0.008824 0.816868 0.437491 0.643897 0.020817 0.468459 0.591163 0.081997 0.081989 0.596350 0.218722 0.870099 0.585659 0.295259 0.091727 0.884525 0.255555 0.247875 0.901033 0.193583 0.757292 0.430703 0.870409 0.176307 0.741862 0.608628 0.601205 0.190169 0.503549 0.949459 0.083881 0.794488 0.673652 0.841194 0.146301 0.548836 0.909763 0.602982 0.970012 0.443919 0.174832 0.445549 0.822325 0.484432 0.351701 0.567445 0.233684 0.578361 0.734588 0.329927 0.414734 0.657231 0.482407 0.169837 0.144588 0.596512 0.147894 0.370938 0.728579 0.064069 0.048730 0.273811 0.539706 0.278475 0.974645 0.190107 0.421706 0.623143 0.170929 0.530890 0.794288 0.474866 0.303620 0.686171 0.720945 0.629268 0.825968 0.138356 0.596922 0.398472 0.284441 0.814426 0.048214 0.035630 0.579849 0.238142 0.972592 0.959355 0.480558 0.345742 0.845061 0.102901 0.965937 0.189460 0.157807 0.950571 0.096161 0.407463 0.144393 0.385206 0.114206 0.395332 0.121345 0.224575 0.840124 0.357653 0.570639 0.250844 0.934915 0.601130 0.603812 0.894645 0.612783 0.371646 0.937344 0.344986 0.676484 0.465716 0.162058 0.065347 0.100272 0.337700 0.375117 0.848942 0.576858 0.050339 0.130234 0.532215 0.508687 0.441946 0.255428 0.179908 0.937145 0.855334 0.590151 0.413753 0.968133 0.297154 0.549983 0.425429 0.432931 0.017838 0.638123 0.221678 0.322491 0.327063 0.337065 0.914862 0.701440 0.128131 0.510718 0.131496
0.909651 0.114890 0.133522 0.545817 0.937906 0.503841 0.383193 0.705085 0.251696 0.553161 0.484061 0.743678 0.361469 0.154030 0.839886 0.358786 0.911641 0.130441 0.334184 0.927077 0.221528 0.141183 0.448810 0.324438 0.463531 0.431479 0.390567 0.891149 0.658832 0.407374 0.137606 0.764700 0.003160 0.620533 0.187445 0.847824 0.137694 0.554877 0.054570 0.580410 0.502867 0.527205 0.396279 0.731349 0.521150 0.248506 0.636006 0.567786 0.181378 0.299065 0.072651 0.052460 0.800516 0.353392 0.899175 0.014593 0.953597 0.458233 0.355227 0.582404 0.941892 0.898151 0.873200 0.345000 0.360405 0.963214 0.728689 0.229991 0.462401 0.254952 0.433748 0.871190 0.594534 0.025889 0.960920 0.364367 0.297670 0.866951 0.900715 0.152052 0.818066 0.056150 0.168078 0.772754 0.582955 0.656283 0.864768 0.980263 0.974556 0.640520 0.830175 0.918716 0.237768 0.836828 0.377696 0.989877 0.290416 0.851628 0.240042 0.841982 0.498412 0.519693 0.175919 0.885609 0.242523 0.732379 0.037194 0.989629 0.866364 0.689473 0.030270 0.903845 0.649019 0.082194 0.568286 0.702316 0.068943 0.207643 0.668206 0.323428 0.735901 0.273346 0.657440 0.858931 0.187092 0.537869 0.321941 0.296528 0.698124 0.514090 0.338010 0.141389 0.069316 0.441605 0.685572 0.493664 0.019632 0.915695 0.487932 0.071494 0.047567 0.639572 0.844526 0.308863 0.737634 0.980066 0.122752 0.962525 0.024981 0.753004 0.304830 0.011030 0.308319 0.488399 0.654030 0.648590 0.444292 0.207733 0.654380 0.947711 0.616164 0.394792 0.450236 0.641171 0.890129 0.436638 0.382663 0.052949 0.156457 0.500083 0.675168 0.420328 0.474292 0.116072 0.603338 0.443549 0.263863 0.998400 0.263636 0.057651 0.190287 0.171733 0.363446 0.111256 0.099412 0.236099 0.980063 0.782751 0.954336 0.651412 0.692322 0.633382 0.622098 0.232174 0.432720 0.246643 0.232154 0.637918 0.280500 0.927325
