200
57.0094 52.0202 49.0575 54.1685 54.6492 52.0184 50.0736 53.0475 53.3822 53.6494 50.4594 54.7702 47.5643 52.4032 49.1678 52.26 50.5376 48.0463 48.3155 52.5926 49.1434 49.0239 48.1717 55.5138 55.0548 46.2188 48.3255 50.9882 52.0419 49.3979 48.6268 50.659 54.3971 52.0979 46.3736 51.8006 48.406 46.3491 51.0176 49.0319 52.8186 49.6499 48.1145 54.1368 55.3502 44.5226 54.2875 49.4749 48.9218 51.2135 53.1991 48.1862 49.9254 52.8792 52.076 45.6297 48.1928 49.6339 54.5804 49.5343 53.4896 55.3368 49.7814 48.7795 50.0161 54.1863 53.7652 52.3968 48.4253 53.8565 51.9179 47.0076 54.2808 49.3513 46.113 55.0481 52.1042 52.5864 53.212 50.571 52.4464 48.6476 50.4711 47.0327 53.0962 54.2215 53.6051 56.981 53.8241 50.7523 47.9915 49.0359 51.9432 51.1795 50.6702 49.5042 52.9453 51.4388 51.0832 51.9501 55.7886 48.5593 53.3685 48.6078 53.8534 55.1253 51.8156 54.9851 46.755 52.4253 53.0209 55.081 50.9106 50.9698 51.7275 55.8324 52.3246 47.9618 52.5284 51.5725 49.6224 52.0563 52.3447 48.9099 45.6116 53.2077 53.1468 52.648 51.4604 51.6202 49.7227 51.5481 49.7333 49.9922 51.0987 54.0543 49.7664 53.7967 50.3385 51.6141 52.8199 51.2152 48.734 52.0739 51.817 53.0805 51.5512 49.7175 51.4751 52.716 56.5017 51.0197 49.1023 50.8388 49.8589 53.0953 60.0253 50.9916 53.3141 49.3453 48.2804 48.9932 51.4748 49.0215 52.8993 52.3674 51.7035 51.6402 54.3167 50.155 51.0702 48.6142 52.8012 51.8762 52.7164 47.9964 49.843 46.4842 48.7668 51.7498 51.4298 48.6926 48.4099 50.155 50.9198 51.9779 51.342 55.4933 51.222 48.6296 52.3345 52.7859 56.3641 52.0742 47.713 46.5058 50.4931 53.6555 53.3095 49.8712
58.4848 51.7124 50.8979 56.5892 54.7217 53.5079 51.9478 51.5395 52.9535 54.0985 52.536 55.1619 49.6544 55.4507 50.0709 54.6088 51.9797 48.2034 53.2934 53.8847 51.213 50.2296 49.6924 58.9873 55.7669 48.0336 48.6733 51.6468 53.5451 50.4032 50.6282 49.3144 56.9095 53.4307 50.458 50.1577 52.7789 49.7555 51.5734 51.2945 54.0798 50.873 52.7911 53.9135 54.3069 46.9554 52.7397 51.3537 49.9683 51.5463 55.1866 46.3078 51.4546 53.6338 52.9348 50.5642 46.4042 51.115 55.4294 50.9967 53.6191 55.8194 51.5521 50.9119 50.4289 54.7426 55.7711 55.1681 50.6706 51.3825 54.9855 50.391 56.7719 51.7448 48.2109 58.2218 51.2027 50.3683 54.2409 52.7823 54.0869 50.5038 50.9751 49.4836 53.2651 53.3437 55.2181 56.045 55.4525 51.8798 51.6533 53.1084 54.8204 52.5651 51.8951 50.5673 53.576 51.9084 51.8383 54.3309 59.5875 48.5351 53.0836 50.0132 54.0849 54.5249 54.2988 57.0236 47.1378 53.2008 51.9195 52.2043 52.1935 54.2182 54.0133 55.2821 52.8844 48.4303 52.4962 54.7863 50.0018 51.043 56.3487 52.3997 49.373 53.2895 52.8337 52.3578 53.1986 53.4464 53.8419 51.9291 51.8112 54.1479 51.7435 54.4609 50.4473 57.4735 50.7074 52.1639 51.2702 52.0764 48.6755 52.8464 50.7662 55.6597 53.066 48.0478 51.1319 56.1981 56.4264 51.3797 53.6819 54.1219 52.7794 53.5989 59.6856 50.5341 55.0691 50.9231 47.3815 48.5813 50.0147 52.8931 54.1715 56.4792 53.7062 54.274 55.4346 49.1021 50.6773 50.8144 52.6858 55.1369 55.0412 49.2008 54.6934 46.8758 48.5803 51.0882 51.9109 51.3393 52.4466 52.8024 51.4012 52.7067 52.9736 57.454 52.219 50.9899 50.4808 57.4914 56.5632 49.8555 50.1656 48.7574 52.4612 55.3276 53.2044 52.4067
55.974 46.9409 48.8834 50.3585 49.956 50.2358 45.6617 50.0571 48.9722 48.3979 46.8444 53.8122 44.2519 49.769 46.7252 50.0179 46.8413 44.33 48.5952 49.8758 48.3884 45.311 46.0562 52.592 50.8687 42.2619 43.5578 45.5132 50.0216 46.8609 46.4309 47.8273 47.7444 51.2301 44.6617 50.3146 46.1934 45.7785 49.3354 47.0531 50.2287 48.2482 45.9216 51.8632 50.3955 42.215 49.3585 46.177 44.872 46.5399 52.2582 43.3367 47.647 48.2437 48.8052 45.0744 43.206 47.4164 50.1246 45.6887 47.0368 51.7117 47.2057 45.8595 45.8243 51.7033 49.6851 48.7583 46.7065 49.7407 48.3836 46.3537 51.3755 46.2724 43.7069 50.7863 47.9016 47.2687 49.7207 48.774 48.4471 44.4931 45.2675 42.5784 50.2315 51.2634 51.904 52.5501 52.004 46.9712 47.6382 49.5319 48.33 47.5777 46.0658 46.4383 50.2619 47.9689 46.2392 48.0098 52.1664 42.7364 49.9929 43.4451 48.2848 52.2354 47.3257 51.8389 42.2117 49.2713 48.6055 50.8243 48.737 46.2445 47.8586 50.6535 48.1881 46.2999 50.7662 48.2302 46.9404 48.5999 51.722 47.0665 45.0551 46.7349 47.2383 48.8717 48.3545 46.8895 48.0542 45.4087 47.8004 46.8796 47.9845 50.6804 46.1919 47.7503 45.6718 46.8918 48.3953 47.7798 46.6309 51.6534 45.9633 52.1773 49.4706 44.1266 48.5932 51.685 48.8008 48.4623 47.2204 51.1383 45.6557 48.9443 54.3532 48.4295 51.0086 46.8776 47.0391 44.7458 48.5934 48.0546 47.9786 50.6508 47.3978 48.6437 51.63 44.7953 48.3733 46.5961 50.0983 47.9541 45.2439 44.9828 49.7741 42.4821 47.4357 46.1656 46.908 47.0467 45.6609 47.41 49.403 47.2189 46.9799 52.5922 47.5125 44.1736 50.7206 51.637 50.103 46.9579 46.7773 42.8469 48.1229 52.7236 48.6783 45.7439
54.0031 46.2015 47.5543 51.0973 51.0382 48.8957 47.1312 47.0127 50.1209 48.4387 46.771 53.908 45.809 51.5163 45.9962 47.958 46.9795 43.8802 48.9268 51.8744 46.6959 44.4496 44.0986 54.1295 50.105 43.2546 44.8762 48.2005 50.1148 46.8828 44.0317 48.7523 52.5104 50.8798 47.9428 46.3897 45.5486 45.7019 46.6778 45.9331 50.5172 47.3617 46.476 50.1968 48.9547 45.0833 49.7864 42.975 44.1466 48.1937 52.8844 44.2159 46.2283 48.7035 50.365 45.1248 42.9549 46.1534 49.505 47.4193 48.9762 50.5916 48.7982 47.3157 47.232 51.9802 48.5668 48.8851 46.5349 49.8659 50.0723 46.9937 51.0634 45.5115 43.581 51.3763 46.3459 46.9488 49.1776 47.2957 48.2189 46.6604 47.7675 44.3268 49.3333 49.2454 52.5106 53.2471 50.7676 46.924 47.4411 48.6408 48.9461 48.4247 47.9084 44.8009 47.1953 49.2929 49.4661 50.4709 52.2662 47.5079 49.2003 44.9356 48.8413 54.5768 49.8868 51.2112 43.8056 49.1577 48.7359 48.1163 48.7742 49.4324 48.6875 51.2949 47.5816 47.831 49.2434 48.0758 48.3137 46.4069 50.5121 47.5032 45.1553 47.1603 48.4472 49.3749 48.6918 49.2445 50.3776 45.7071 50.4665 48.2146 47.467 49.1954 45.2538 48.4949 44.2265 47.4369 47.3677 48.0875 44.7818 50.9284 49.3305 53.2919 47.7115 46.4397 49.0269 51.0839 52.2844 49.6556 48.6714 47.0771 47.4216 48.0987 54.3496 44.6153 49.674 48.1509 45.1553 45.7192 50.0293 47.7564 50.8827 51.5211 47.9797 50.7827 51.8422 47.2575 45.8558 48.7432 50.1187 48.5194 48.5434 45.3844 48.0429 45.3205 45.9396 48.6762 47.7327 45.9814 49.4877 49.1574 46.4534 49.5013 48.1482 51.6382 49.0166 44.9077 49.5327 50.6356 51.6271 46.9766 44.3946 44.4828 47.543 54.6307 50.6334 45.1075
53.3604 46.1231 49.0435 52.0118 49.4559 50.6637 45.7216 48.4304 48.4892 47.5991 49.23 53.1784 46.538 52.0466 45.1641 50.2596 46.6316 47.2729 48.9595 52.1951 48.4008 46.7869 46.1658 53.5021 49.5208 45.1501 45.9771 47.7542 47.7915 46.7304 48.4931 45.4901 50.1091 49.5734 45.1141 49.8453 45.1859 47.0627 46.8999 49.2162 51.69 48.9923 45.7916 50.6298 52.0682 40.7649 48.3622 45.1683 48.2467 48.8469 50.4341 43.9685 47.5479 49.7637 49.3493 45.5484 43.5081 49.0668 50.1522 47.1854 47.7366 53.6008 45.1744 47.0243 48.3094 51.3576 49.6619 50.3967 48.479 49.4972 50.5501 46.3818 51.0865 46.1192 44.0016 50.2392 47.1849 46.002 48.2021 48.3901 49.3362 45.656 45.7836 44.365 47.9189 49.9986 50.3357 50.5786 50.4321 47.8392 46.7911 48.6311 47.5213 47.853 49.1745 50.3284 51.3971 49.354 46.6849 45.2035 51.7931 44.4566 49.7622 44.6 50.5599 52.1073 47.2289 51.7426 44.1314 48.7206 47.3011 51.2155 48.9411 45.2869 49.6773 51.0799 49.6692 47.392 50.1656 50.1789 48.29 50.3488 52.2953 46.2164 46.0806 46.2446 48.1789 50.6972 50.7531 49.1101 48.2943 48.7696 46.8536 47.8247 46.9958 48.7079 45.8178 50.7361 49.5839 46.1471 45.6471 47.9759 46.2007 51.2661 47.2929 50.8452 48.6975 45.592 46.0964 51.0604 51.5707 45.9448 47.5046 48.8809 48.3867 48.9752 56.1115 48.8166 50.2435 47.2026 45.7288 44.9432 50.0277 48.8071 48.5447 50.2065 47.1236 47.4434 50.1302 46.0477 47.1751 49.2135 49.5093 49.8011 48.4107 43.7759 48.894 44.3981 45.4484 46.2858 49.5691 48.2737 46.7888 47.6682 48.3048 50.9676 50.3283 51.1185 47.46 47.4828 48.7484 52.9675 49.5831 47.9844 46.5092 42.54 50.8381 50.261 47.145 48.0619
57.2067 49.8342 53.0314 54.6767 55.8452 53.2025 51.1589 56.189 50.9979 54.1035 51.8468 57.5692 47.7776 51.6457 47.7452 52.3901 51.2989 49.9398 51.6102 53.2581 52.8854 48.6183 51.0513 57.1449 54.007 48.1208 49.9714 50.8292 53.4264 51.4788 51.985 51.0764 56.3829 52.9448 50.9184 50.3071 51.3411 49.5709 52.911 52.2806 56.393 50.394 51.0766 52.794 53.8252 45.7878 53.9089 47.7249 49.0193 52.8818 57.5794 51.3735 53.2298 52.2148 53.1047 50.3238 47.3439 52.495 55.7822 52.3036 53.638 55.005 51.8744 52.0345 51.2148 54.7904 53.5059 51.4458 52.3322 52.8621 53.3158 48.3306 57.2188 50.6558 48.4524 58.1531 51.872 51.1346 54.3594 53.0942 52.3725 49.4193 51.3226 50.0911 53.4108 53.482 56.493 56.0203 55.417 53.0868 51.114 54.5795 53.2565 51.5028 52.9768 52.6272 55.012 54.8208 51.9281 52.2662 56.6793 48.1964 53.1591 50.6751 50.8948 56.1414 53.5028 57.7132 48.7253 53.122 53.4193 54.0638 50.0928 50.4154 53.0417 55.317 54.4128 50.9224 53.712 54.3306 50.659 51.1045 57.0784 52.4075 49.278 52.4782 50.7832 51.9143 52.0516 53.6848 54.5493 51.0975 52.6112 52.7577 52.9984 52.2853 51.2253 54.1467 50.7839 51.8641 51.1104 51.3671 49.1408 53.1012 51.2915 57.1747 51.5651 49.5415 53.5851 54.0907 56.5042 53.7441 52.9166 51.167 50.9622 53.3398 58.601 52.4512 54.383 51.3906 48.7572 50.1036 51.3519 52.8257 55.4256 53.1846 53.7146 53.5943 55.8144 51.0127 51.0884 52.1924 51.868 54.0027 53.0255 51.3069 54.7504 49.3309 49.8645 51.4873 50.9978 51.8227 51.1398 49.5545 50.2588 53.1723 52.7045 54.0491 51.0302 51.4127 51.3382 55.5566 57.47 52.1892 49.4255 48.3339 52.3032 55.1823 54.9174 51.5987
54.6481 46.8709 46.0655 53.7445 50.381 46.6366 46.2963 46.835 50.354 48.1233 48.4051 53.2209 46.2866 50.4372 43.9437 52.3617 49.2861 48.7108 50.5222 53.8423 49.0816 45.2136 47.4291 51.4982 51.6358 43.899 44.0155 45.7862 49.5931 46.4957 46.6849 47.6641 53.0124 48.8087 47.0898 48.4646 46.7194 45.7501 49.1785 48.6416 52.5272 46.0122 50.2735 50.3377 52.6918 43.3254 49.0107 45.5747 44.9693 49.193 53.6406 45.694 49.0114 49.9947 50.6749 45.0608 42.5748 49.7168 50.4745 48.9574 49.6846 53.8577 48.2707 48.6627 48.2406 49.8343 50.844 50.6152 47.4356 49.7681 50.5775 46.1576 53.156 48.4387 43.6562 53.9302 50.4948 47.0022 52.3353 47.228 49.3396 46.9409 49.2317 46.4319 48.1077 50.3069 50.4135 53.4778 54.3129 50.3682 48.2511 51.6901 51.7735 49.4799 50.434 48.3648 51.2398 49.1825 47.924 48.7798 52.8248 45.3137 50.1239 49.9028 48.448 53.5729 48.4068 51.3437 42.2554 48.6236 50.7808 50.6348 50.4332 49.6618 50.5233 50.5488 49.8748 46.3314 50.5839 51.1883 50.9573 49.754 51.9948 49.0559 45.1244 47.3591 49.5672 46.8444 50.9517 49.166 50.8376 48.2554 49.1038 47.6689 49.2032 52.898 48.1291 50.2244 48.5099 47.3844 48.8019 48.4889 44.0693 51.6403 49.026 55.2533 45.1848 45.4712 48.5419 51.2554 51.03 49.489 50.4304 51.2823 49.9157 50.6712 57.0878 46.6886 52.3773 49.2781 45.1755 44.2208 47.9191 48.5219 50.9697 50.4141 50.1008 47.7154 53.1886 47.7482 46.5396 48.6915 49.5532 48.2869 50.2022 47.5974 49.9268 46.2764 43.5062 49.8209 49.5211 47.5541 46.9484 48.6715 48.7066 51.3973 51.2568 52.5949 47.2953 47.1263 49.6963 54.4384 53.9749 49.9202 44.7296 44.9023 48.7602 53.2766 49.7756 46.9936
56.7062 47.3468 49.5184 53.9182 52.6172 53.1955 50.3424 51.6406 51.9858 52.1234 47.8484 53.9876 46.5112 53.5397 47.84 51.8147 51.8343 49.8587 51.6764 53.4985 50.7669 47.8845 51.188 55.652 53.9676 44.503 48.1574 50.1738 50.8525 48.5458 49.5365 50.5126 53.2997 53.4693 47.6044 49.2237 49.6891 49.3468 50.3917 50.2665 54.6668 49.0643 50.7036 53.7317 55.2538 45.4041 52.642 48.3497 45.9497 48.6582 53.0097 47.6975 50.5569 52.7329 51.5123 48.2865 46.4754 50.8301 51.8372 50.072 53.3748 55.539 48.4018 49.8071 48.0392 53.3745 50.6097 49.9238 49.0614 52.1662 54.6481 45.7583 54.4121 48.445 45.5712 56.6719 49.9789 48.5178 53.5452 51.4116 52.5069 47.6196 49.4593 47.7504 49.4663 51.4536 52.1742 55.9386 53.4376 51.1258 48.725 51.9471 51.6431 51.4707 49.8347 50.6321 53.2991 51.9797 50.7813 52.2348 55.7539 48.6948 52.1163 49.2606 50.4045 53.9297 52.8523 52.4406 43.65 52.0988 51.8899 51.6706 50.7848 50.3923 51.5447 53.6529 52.1926 47.8949 50.2982 52.7666 50.1434 49.275 53.4597 49.9717 46.3917 50.959 50.8831 52.2709 50.3551 52.4708 50.589 50.5064 49.496 50.9097 51.0688 54.2912 49.2875 51.1966 47.3125 50.4718 51.6409 50.2382 47.1066 52.8875 50.5636 54.3987 51.243 47.8787 47.1498 54.1841 54.0329 50.8792 51.2701 49.9749 48.8615 52.3325 59.4518 48.7093 54.8252 52.6026 45.4901 47.5206 49.9367 50.0988 53.9777 53.1216 51.8674 50.71 54.8037 50.7872 48.8339 49.6774 52.7199 50.9996 52.1727 48.6621 52.3181 46.3864 46.8759 49.9599 50.7894 50.9789 49.1315 50.2786 51.8027 54.8535 51.0127 51.4739 50.0332 49.4585 50.9674 53.357 53.9193 50.4981 48.1571 46.7256 50.7922 55.0414 50.5794 50.599
58.9175 52.2686 51.6935 55.8379 58.1121 53.7185 52.7114 53.7788 53.8967 56.2061 51.0876 56.7108 49.8806 55.834 50.2857 54.2154 53.3282 48.9636 51.8298 53.6676 53.4237 51.0971 50.7208 56.2827 54.8733 48.8474 49.1069 54.2095 54.4988 51.382 51.4284 52.4483 55.7145 53.2542 51.2285 51.221 50.3753 49.8081 53.2353 51.6601 55.6723 51.1522 51.5436 56.535 57.4681 45.8361 53.0247 50.8715 51.5054 50.4855 55.6465 46.7743 51.5988 54.976 55.1046 50.9917 48.6161 52.9111 56.0457 51.6962 55.045 56.8087 54.4094 49.4508 51.5701 55.8582 55.3394 54.264 50.8843 52.9087 53.8609 49.8844 56.655 52.5207 46.4012 58.5139 51.6163 50.7568 56.5713 53.0811 53.0902 50.6085 51.8991 48.7813 54.073 54.8205 56.8586 59.1651 57.1278 52.9446 52.1752 52.7087 54.9807 52.9195 51.1176 54.5707 55.9454 52.3232 51.4026 51.879 56.8114 48.0341 54.2561 51.0874 56.0569 57.6474 52.2266 58.5208 47.3327 54.9017 52.09 56.0703 53.7222 53.8957 52.7267 53.5821 54.5476 50.5805 55.8862 55.7524 52.8982 52.1128 55.1861 51.9478 52.0713 51.6533 53.7269 52.4536 55.3291 53.136 55.1897 53.346 51.9164 53.4703 53.5159 55.3761 50.6877 55.4828 52.2324 53.9089 51.1472 52.7978 51.7601 56.1177 53.0491 54.7268 52.6913 49.1131 53.735 56.0815 55.9467 52.8933 55.4208 53.1952 52.3849 54.0297 59.6479 50.591 56.2759 52.4662 47.3822 50.5538 53.4048 55.3932 52.757 56.1216 53.67 53.0714 55.0252 52.4985 51.2727 53.2863 55.3808 55.701 52.4018 51.441 52.9975 48.1119 48.7092 51.8374 55.8189 52.1337 52.6297 54.1394 53.0798 53.0969 55.4941 57.9792 52.3437 52.2299 56.1521 57.2815 58.776 51.1006 49.9941 49.7842 55.3951 57.7422 53.9227 50.5386
59.1718 55.527 51.8955 55.8302 53.2868 51.3316 52.6171 53.4858 51.4832 51.9311 53.2729 56.3025 51.6728 57.0748 49.3761 54.0294 51.9829 53.0273 52.7417 54.4455 52.0245 51.3806 52.2897 58.3121 55.5671 49.6305 51.2394 51.3284 53.1742 51.9527 52.2128 51.9556 57.5703 54.9395 50.204 53.6178 51.0956 50.3233 52.2086 50.8615 53.7569 54.3384 52.4867 56.7733 58.0333 47.7884 52.8917 50.8743 50.1174 52.4329 55.281 48.642 54.0583 54.305 53.8682 51.0551 49.5511 51.5859 55.1442 52.7161 54.6235 58.5469 51.7559 49.2955 53.2094 54.6412 55.7128 55.7818 51.0957 52.4367 54.3819 47.9739 56.9218 52.3962 49.1976 57.9175 51.7804 51.5182 54.8637 52.3875 56.0274 49.1479 52.0564 50.3348 51.8151 54.5451 57.1892 59.3592 54.9328 52.677 50.243 54.2928 54.8063 52.7174 53.6083 53.5783 55.1791 54.7429 52.6544 51.3664 58.1897 49.2662 54.8016 50.8484 54.4607 59.1928 54.0421 58.7861 47.3612 53.8651 52.5456 54.3484 53.1594 53.8196 54.5084 55.7655 55.7386 51.9911 51.6612 54.7897 51.368 54.264 54.9424 52.5039 50.1751 53.2786 53.8476 52.7709 55.1516 52.9021 52.5614 52.3849 52.5569 51.0098 51.9325 55.1554 50.8919 56.7161 51.6909 50.1561 51.3227 54.1027 50.6403 55.7245 52.266 57.1396 51.0334 49.3795 53.1611 55.4828 57.4334 50.3547 54.5357 52.4848 52.2551 54.8248 61.4276 52.2286 56.6551 51.6842 49.0767 50.0223 51.9638 53.2075 56.5968 54.5697 54.0123 52.9914 57.1328 50.1987 53.7945 52.7267 54.9358 56.1696 55.3619 48.3153 54.4002 48.2374 49.0088 54.6896 52.743 52.7123 51.3202 54.6411 53.9143 54.8671 55.0051 56.2965 50.1755 52.5146 52.5807 55.7349 59.3589 51.6946 49.948 48.1222 54.0638 54.9477 54.5561 53.2669
56.6236 49.1934 48.8266 51.6155 50.8371 51.07 49.3913 50.8831 50.0538 51.493 48.732 53.212 46.6477 51.3543 46.9092 51.0912 50.326 47.3253 50.0927 49.6515 48.366 47.2411 49.5932 55.1352 51.8347 43.883 46.4241 47.5513 51.8212 46.2863 46.9523 48.1704 53.3941 51.6469 47.189 49.7738 50.6171 47.7067 50.4508 47.8342 52.1987 48.3876 50.6407 51.4656 51.0528 43.1087 50.695 46.7205 44.6794 48.1406 52.6484 47.458 49.654 50.6783 51.7633 45.3188 44.0484 48.5425 52.1285 47.7194 51.5041 53.1633 49.8456 45.5661 48.8816 49.9335 50.2365 49.7323 49.4021 49.0773 52.6519 46.2582 56.9093 49.3151 43.8001 54.3573 49.131 48.1152 51.2619 48.3908 50.4535 48.422 49.362 44.862 49.7496 51.1645 54.2762 54.5048 53.6988 49.2535 48.0409 49.1584 49.5707 48.3602 51.5656 48.1784 50.6315 52.8241 49.253 51.3414 53.6177 45.134 48.646 47.8968 49.5771 53.0303 50.0152 52.9623 46.0545 49.8324 51.979 49.9192 48.4684 47.5135 52.3054 55.356 50.6343 47.2762 51.9388 51.5514 46.8388 48.9669 52.4439 49.2856 44.1795 49.7158 51.0548 48.6366 49.4557 47.4919 50.479 48.1152 49.216 46.7512 48.7509 49.9747 47.1108 50.6847 47.3418 49.7097 49.8067 50.1056 46.575 51.4792 48.5832 54.1556 46.2297 47.5361 48.6493 52.7859 52.8199 48.3763 48.2033 50.7246 49.0623 49.5463 56.2528 50.2267 53.8408 50.7979 47.2927 46.7792 52.1579 47.8352 52.1556 49.9002 50.1679 50.7915 53.9246 46.0159 48.5018 48.1924 49.7203 49.586 49.672 46.1993 50.4677 49.2294 44.7011 46.438 47.357 46.8695 50.87 49.4329 48.7938 49.0596 50.3903 52.9866 49.008 48.6456 50.1769 52.8985 53.823 49.2876 47.8607 44.6545 52.2278 50.5121 51.8646 49.8706
52.6676 46.9434 48.3977 51.7076 51.0676 47.6824 47.2705 49.0682 48.5388 50.8525 47.0463 53.3546 46.8793 50.7906 44.9149 50.5878 48.3907 46.5944 48.141 50.1358 47.1096 47.5996 45.1471 51.235 51.4594 45.6113 46.2277 47.223 48.6316 46.13 46.5148 46.813 50.7656 49.7946 48.0884 47.519 45.5671 47.2874 49.1618 48.6255 49.3188 47.145 46.0396 49.0537 50.9226 45.2052 49.8037 44.633 45.4069 46.6624 50.2553 46.1014 46.5927 49.453 50.7401 44.342 44.2428 48.9563 52.3137 46.7817 50.5125 52.312 46.3534 46.103 47.8117 49.3979 50.7979 49.2017 48.0937 50.081 51.0002 44.9797 53.1163 47.2489 43.9339 56.0727 49.0366 47.2694 49.5438 46.171 49.0404 45.367 47.666 46.656 46.7911 50.2887 51.662 52.4874 52.3322 48.9421 48.1903 49.2118 49.4642 47.96 50.6364 48.3108 50.3508 51.7933 48.2274 50.4179 53.1256 45.4504 51.099 47.2542 49.6648 52.3931 50.062 52.812 42.3372 49.42 48.8849 50.0918 48.5897 48.238 50.6161 51.2979 51.4381 46.7837 49.757 51.8694 46.9589 49.909 50.5253 46.9669 42.1094 48.5381 49.6506 47.8148 48.741 48.9141 48.5761 46.383 49.3386 48.5823 49.4785 52.4254 46.3144 51.56 48.4043 47.3381 49.9838 48.6476 45.8486 51.3719 47.3546 50.8739 46.0058 46.7042 48.7196 50.0801 52.5149 50.1286 48.7548 47.6096 47.1692 51.2137 55.5888 49.0032 52.4922 47.2789 43.9541 45.7259 48.2534 50.1719 50.0019 49.1227 49.1341 48.8133 51.7065 45.1218 46.6654 48.8898 48.1201 49.524 52.0164 45.4366 48.1339 45.1368 46.518 47.7296 47.0857 47.9654 48.4058 48.9346 49.0576 50.1429 48.1734 51.0672 46.5244 46.8903 49.5577 50.157 53.8691 48.7669 45.9811 47.2366 49.0386 50.7568 51.4578 46.1135
57.3783 49.7208 48.4959 50.663 51.3856 50.2601 50.056 50.1818 51.5921 49.7535 51.7814 52.7373 45.2821 51.1043 47.4927 52.3041 49.5528 46.8644 48.6604 51.5505 51.3483 47.958 47.9553 51.7059 53.3308 45.9629 44.7826 51.0617 54.4316 48.2437 49.468 50.9759 52.6515 53.2139 46.4424 48.437 49.1681 47.5518 48.8968 47.6709 50.6722 49.2191 47.6547 50.9787 50.5089 46.5809 52.1905 46.2372 46.4554 49.9564 53.6385 46.3273 50.8216 52.7527 50.8452 47.1229 46.8344 49.886 51.8854 48.4007 51.5538 53.5694 51.7705 48.2924 48.2287 52.0647 52.3547 47.7303 48.4404 51.3 53.5854 45.1007 52.3256 47.782 44.6339 52.2086 50.4151 49.8106 50.841 49.2416 49.4479 48.4391 48.092 45.4171 49.2033 50.7291 52.2873 54.2142 52.4141 48.8858 49.8963 49.9949 51.4905 51.1443 50.653 49.9863 52.3706 48.313 49.1951 51.3144 52.7427 48.1407 51.5811 48.7325 49.9528 53.993 49.8842 52.4084 44.0103 51.0098 52.1474 50.9758 49.7189 51.8316 52.163 53.7941 53.465 47.1662 51.3881 50.5946 49.5291 48.9287 52.7322 50.8192 45.9128 50.3997 51.9433 49.3954 50.1683 52.3742 48.2497 49.9971 50.3556 49.1004 50.4528 51.6314 47.0218 50.444 48.9378 47.7601 48.5027 51.6529 48.6917 50.5987 52.3476 53.5972 50.2715 50.3142 47.7223 50.0988 54.5577 50.244 50.2545 51.7088 49.0454 50.9031 58.4016 51.3386 51.9279 49.6502 48.058 48.8607 50.1691 49.8147 52.6063 51.079 50.5073 52.2023 53.8401 49.1322 48.8142 49.7103 50.6549 50.9355 48.8129 46.5703 49.9638 44.1846 46.331 48.4101 50.293 47.1516 47.3594 50.6063 49.4752 53.84 51.1244 53.8991 50.3132 46.0995 52.7596 52.2048 54.1858 48.4403 45.1423 47.3425 46.898 53.4949 51.3574 49.2195
56.7077 49.4961 50.2644 53.2755 52.6269 51.0751 50.493 48.5324 49.9625 53.1977 50.5668 52.2835 47.0439 54.6064 47.1009 51.0429 48.1148 49.3688 48.3446 52.1662 47.7665 47.7058 45.6747 54.5883 52.7849 46.4476 47.6222 47.2095 52.403 47.8215 49.8128 51.286 53.861 50.7688 49.1152 48.6409 47.3792 48.2492 51.1419 50.081 51.3987 50.3481 50.7173 50.8608 53.5891 44.3029 51.5162 48.103 47.372 50.9919 55.5755 45.812 49.9289 51.6613 53.4558 47.7504 43.8475 52.498 52.9417 46.692 53.3032 51.2542 47.6899 49.3857 50.4933 52.5816 53.2869 49.7102 48.8192 50.8515 52.1662 46.0411 57.6527 48.9568 44.3072 54.8641 49.0313 49.0211 50.6197 50.6195 49.1624 47.7831 51.0389 47.348 48.8819 52.2007 52.0526 54.6837 52.6054 49.8129 47.1512 50.7703 52.7406 48.9112 51.6088 50.3853 52.7393 51.5241 51.0432 51.0831 55.273 46.4733 50.6506 48.054 52.4184 54.5417 52.3041 54.462 46.1472 52.3757 51.0097 51.1422 51.7713 51.6817 50.85 53.2167 52.0594 48.1539 51.9995 52.6457 49.5321 50.2785 53.8485 49.2908 47.3505 48.1591 51.1367 51.6743 51.5712 49.314 50.8872 49.584 49.5089 49.808 50.4741 52.403 47.5194 50.3804 48.8175 48.1158 49.1753 49.3196 48.9936 53.567 49.2193 52.7586 50.5793 47.2275 51.0624 52.1436 54.4849 48.5501 48.5988 47.8032 49.0953 52.3554 60.1182 50.0219 52.0148 48.6142 48.4276 47.6982 49.3833 50.2117 51.092 51.1009 50.265 53.6782 51.1979 47.8729 48.0075 50.0406 51.0452 52.2714 50.2829 47.3553 53.0201 46.4864 47.0854 50.3266 50.0719 49.6879 49.3582 51.6631 50.0127 49.8251 52.1154 53.3909 50.9687 48.4946 50.3694 53.0016 53.7507 49.7693 50.4111 46.1721 50.3178 52.211 50.2393 48.0762
58.2816 47.7726 47.0782 51.4633 52.2263 49.05 48.6462 49.797 51.5504 48.0944 47.1152 53.5882 47.3982 52.254 46.4128 51.4662 47.9771 47.2706 48.9111 51.8567 48.1093 47.6855 48.7435 52.154 51.6687 42.6538 45.7772 48.5901 51.5126 44.793 46.1139 49.5776 54.1648 51.407 44.4511 50.794 49.1802 48.0046 47.6158 50.6766 51.0967 49.4037 47.059 51.4374 51.4423 44.2608 47.9259 47.3533 44.592 47.3831 50.8172 45.5164 48.5143 50.4882 49.734 44.3538 44.4722 47.7692 52.3289 49.0526 50.7474 52.7035 47.7654 46.5219 47.906 51.459 52.9709 50.8018 46.428 48.8181 53.4976 45.0783 53.2428 47.2633 44.0666 52.5219 48.6911 47.2345 50.989 45.2638 50.9777 44.6328 49.1461 45.2079 49.0462 50.1847 51.8188 54.401 52.3276 47.3897 47.0069 51.1874 47.9842 47.6739 49.5322 48.5097 49.6515 48.6016 49.91 49.432 53.0305 46.1786 49.1504 46.1879 47.894 52.5862 49.8412 53.8857 42.0141 46.2962 49.984 48.9756 50.6214 47.3421 50.4571 52.4242 49.3239 48.1423 52.6879 49.2386 48.7761 46.3815 51.5813 49.3358 46.0715 49.6747 50.0062 48.6128 49.8458 50.7494 50.1782 47.9596 49.3422 50.4515 48.8847 50.0675 48.2408 51.4844 48.8062 48.1157 48.6672 49.3211 46.0303 49.4556 48.0161 51.1461 46.7736 45.2989 47.8238 52.0578 52.1128 50.4575 49.8697 49.6317 49.6819 48.7703 55.8211 47.543 52.4699 46.818 45.7705 48.1502 44.9602 47.926 49.9582 48.9565 49.0704 48.4907 51.8319 46.2323 49.5628 49.0984 52.4283 49.5162 49.0118 47.5798 49.7444 43.5026 46.7287 49.1179 46.8482 47.4483 47.9223 48.2914 46.6987 49.6983 49.6048 53.457 47.7802 47.5731 48.112 51.1826 52.5749 49.2579 46.7816 43.9355 48.751 52.2449 49.9564 47.9606
53.0301 44.6122 45.7244 50.2817 48.665 48.5025 47.7645 47.0959 45.3777 48.1953 46.5925 50.4989 45.0678 48.9713 44.4399 49.4576 46.9684 46.4276 46.833 49.1859 47.6891 42.8372 44.9494 52.0107 50.0849 42.2503 46.31 45.5998 52.2551 45.1827 46.6143 46.7668 48.97 47.4802 46.0456 47.9082 46.0091 45.5686 48.1192 49.3715 48.9953 47.0734 46.5372 48.6678 51.8956 42.184 49.6844 45.4839 44.2611 47.4984 52.1997 43.8141 47.0636 48.2934 48.4423 46.509 43.8747 48.4365 50.0489 48.8649 48.3595 51.1792 46.8975 44.8848 48.0366 48.3923 49.3941 48.2067 47.8582 45.7073 50.1719 42.704 52.9563 46.5271 43.4946 53.0061 46.1857 47.6757 49.7225 47.1785 47.9905 45.9736 45.5114 44.6224 47.8278 47.735 49.1174 51.9138 50.7307 47.2193 46.5669 48.6035 47.886 45.8689 47.9214 48.0255 50.8131 47.4695 45.5513 47.4812 52.8967 42.482 46.7004 45.5066 47.6155 52.4102 47.9909 49.6129 41.3207 48.1949 46.5433 48.9866 46.7572 46.0519 46.873 49.9457 48.8164 46.1869 48.2427 48.6903 44.1482 47.229 50.7568 49.8434 44.7882 46.7115 47.4837 48.2923 47.8705 51.3284 48.959 47.2522 45.9156 47.2265 47.5591 49.2545 45.2097 48.9748 46.8892 46.9534 47.7896 48.2386 45.4315 49.6244 47.8118 49.1061 44.5722 45.0264 44.3093 48.7488 48.6802 46.0962 44.6471 45.4986 48.1307 48.7184 52.9123 46.3919 51.8559 47.1168 44.0056 44.4626 44.6259 50.1896 49.1597 47.4809 45.9275 49.6067 48.6088 45.2487 46.8673 48.7064 47.2306 48.3594 47.8902 43.9591 48.5452 43.5385 44.6976 47.5654 47.1432 46.1641 46.073 46.498 46.0648 47.9807 50.9804 51.4272 49.8624 47.3667 45.5921 50.9563 51.003 46.4277 44.6471 45.4671 48.3269 51.0765 47.9683 48.9027
51.6941 45.2291 46.0652 49.9213 49.876 48.5119 47.2954 49.1513 49.5189 48.0273 46.2604 51.1677 47.9606 47.2252 44.4926 50.834 47.2485 45.9897 49.0007 49.3412 47.6224 44.9921 46.7528 49.51 48.5993 43.0451 43.3798 47.3356 47.5053 44.0187 46.0491 48.1966 51.6036 50.2614 45.7984 45.9994 44.6233 44.8081 47.0292 48.0503 51.8014 45.2418 45.8077 52.0175 49.8508 42.9852 46.8585 45.3126 46.6321 47.3996 50.5833 45.5364 46.343 49.7036 50.2838 43.4266 43.1088 45.874 49.2891 48.6057 48.4535 50.4765 49.6906 46.8711 47.5236 48.9164 50.8525 47.9878 45.8921 49.0506 49.5864 42.3827 51.0195 45.3292 42.5875 50.4742 48.0098 47.3799 49.6564 45.8463 50.8332 46.5256 44.5574 43.3768 49.2695 48.9399 50.7067 51.9897 49.453 49.1726 48.3054 45.0603 47.7336 47.5044 47.5128 46.7167 49.3742 47.2675 45.0789 49.3159 49.8179 45.1334 49.4084 44.7467 46.1357 50.9074 46.5134 49.699 42.5427 49.5327 48.6164 49.446 45.9695 49.1226 47.8967 52.0413 48.8788 47.378 49.6093 48.628 46.471 46.6431 51.9368 46.8729 45.1255 48.5356 47.5439 46.9196 46.8267 49.5153 49.0115 45.3603 47.3718 47.7631 48.5302 48.9181 46.7433 51.4819 46.7324 46.02 46.1098 48.0601 45.657 48.5835 47.1293 51.1506 44.9934 47.7904 44.8021 51.6809 51.4891 47.5914 47.9262 49.7246 46.5882 48.2049 54.4346 48.1872 48.4704 47.1016 45.4237 45.5077 48.7931 47.22 48.3977 49.2525 49.6139 49.8583 50.493 45.5532 47.2192 47.7773 48.875 49.5929 47.974 46.1329 49.2895 43.8615 43.2783 45.7449 49.6531 46.8986 46.726 48.3461 48.6496 49.0199 47.6802 51.456 47.2901 45.0321 46.4971 52.7965 50.465 47.4208 46.0013 44.6556 48.5688 49.723 46.2976 46.8882
51.9913 43.8829 45.0857 48.5498 45.4434 42.745 42.9763 45.4311 44.4917 44.1811 44.4156 48.9858 43.0389 45.4091 41.4262 46.8112 46.7381 44.6816 44.6913 47.8716 42.7785 44.1013 42.0801 48.7784 46.588 38.7032 40.7557 44.8964 47.0539 41.6699 42.4837 42.8414 47.1834 47.0854 43.8555 45.079 43.0768 43.872 47.4055 44.4372 46.6781 45.3432 45.0731 48.8593 48.2623 40.1207 42.755 42.7693 41.8457 43.4245 48.5298 42.6041 45.4004 46.298 46.3493 42.8547 40.7526 45.0639 46.3654 43.5752 46.6611 48.8278 40.5225 41.3172 44.6622 47.2422 44.7126 45.9038 43.9771 46.6152 47.688 43.0427 46.904 43.0135 38.3685 48.0397 45.1592 43.0052 47.2741 43.6393 46.377 42.9943 42.313 41.3199 45.2768 46.0747 48.3477 49.7476 47.3202 44.0524 44.6691 46.1939 47.0614 43.5113 44.9313 43.4172 48.3903 46.0369 43.7537 46.1859 49.4377 43.4324 45.1697 42.4775 44.3793 47.6927 44.0613 47.2968 37.7786 45.4519 45.3376 49.0571 45.3244 44.8137 45.8591 48.9786 44.9822 42.8004 47.5021 46.0209 45.0319 45.5514 46.8519 45.1197 42.7842 43.3529 44.7811 43.6037 45.2468 46.0119 44.1345 45.1702 43.3486 47.0463 45.0409 47.385 42.1891 46.7789 42.9006 43.6509 42.5033 45.2543 42.2683 46.3937 43.8733 48.8933 42.8472 41.0996 42.2706 46.9424 46.9939 45.2226 45.9239 43.968 44.2259 47.9697 51.6216 43.1688 47.8186 43.6556 40.421 41.8239 46.0826 45.3704 46.9624 46.7742 44.1196 45.8249 46.8369 44.1236 43.5416 43.93 44.8442 44.7439 45.8603 40.9103 45.622 40.4291 41.0638 45.8231 45.0613 44.3903 43.0234 44.702 45.2141 45.0458 46.3475 48.22 45.0617 41.9148 44.6701 47.7375 47.7904 43.5829 43.5476 40.6176 45.5237 47.0693 45.27 42.1761
58.6681 50.925 49.141 55.493 54.7425 52.8235 50.8374 52.5991 52.3171 53.1337 52.6159 54.6465 47.519 52.5923 48.9074 53.9752 52.1694 50.1402 52.523 53.2101 52.2696 49.553 51.9176 56.8803 54.1794 46.4314 46.6747 50.2724 52.5108 49.4609 48.4834 52.8844 54.5124 51.9893 49.2566 51.2482 49.9545 51.6453 53.9609 48.5761 54.1766 50.6219 51.9112 54.5916 55.1858 47.6198 54.7518 48.9178 47.1078 52.5663 54.4173 50.1339 52.4917 53.9327 55.7276 49.4604 48.5925 52.6479 54.7752 49.8478 54.2635 56.9608 52.9645 49.7959 52.0245 57.3903 52.9806 53.1591 51.0687 54.5251 54.0422 49.2959 56.1676 49.4532 48.2142 58.3893 51.9625 52.3179 54.8365 49.6964 53.6015 49.6587 48.7346 49.0047 54.0029 54.482 55.7059 55.154 55.5691 50.5354 50.37 54.1384 55.1551 50.6576 51.1859 51.7795 54.6875 52.559 50.9848 55.005 56.7478 49.2969 51.4721 49.8331 52.6774 56.9652 50.8054 55.8872 44.7885 55.4807 52.9891 53.36 51.9574 51.595 54.3161 56.3611 54.1966 50.645 53.2246 54.8571 52.7882 51.3814 56.2271 50.9364 44.8804 53.8818 52.536 52.4636 52.4382 53.3001 52.9615 49.4132 52.5634 52.0631 53.5637 55.3242 50.848 52.7346 50.7681 50.6751 51.6372 53.9719 48.5921 52.5334 52.9456 57.0172 50.7934 50.3424 52.0787 52.0301 56.7846 50.2384 51.0428 50.8227 51.8656 54.9915 59.9523 52.6583 54.7018 51.4579 48.4543 49.0656 55.3136 51.0974 52.634 55.5745 51.8039 53.7171 55.7927 49.3472 51.1582 52.1574 51.5257 52.1295 53.6492 47.8971 51.7494 50.0514 49.6334 51.827 53.342 50.7233 50.4381 55.3557 51.5532 53.8418 52.5787 56.9027 53.0942 49.7023 51.5803 54.0972 58.6564 52.1379 49.0871 49.1951 52.1271 57.4354 51.6762 52.0635
57.8591 51.1544 52.6123 55.3153 54.0867 49.9742 50.9501 52.2194 50.4435 53.0409 53.2002 54.9246 48.5205 52.3459 49.2951 53.2997 49.3194 50.4561 50.9226 51.8641 50.3743 50.4339 46.2246 57.5747 52.3107 45.2099 46.9881 50.4996 52.374 50.4508 49.2268 51.779 55.0199 52.6387 48.8945 51.4739 48.6327 49.4609 52.8885 50.8795 51.7958 50.5243 48.7007 53.1611 53.9771 46.649 53.493 48.9756 50.3 47.8061 55.9497 48.3763 52.3343 52.9989 51.9403 48.7781 46.8398 51.8426 52.1013 51.7078 51.3386 53.9539 50.8409 47.4573 53.313 54.624 50.4652 50.2793 51.8569 52.0085 54.0636 48.702 57.427 50.6851 45.1434 55.0646 49.2461 52.0018 54.2321 50.6268 52.2161 50.1478 47.5444 48.5601 50.6379 54.8855 51.6702 57.2787 52.9451 51.1037 49.4453 52.3524 52.019 49.8549 51.3714 50.3554 52.7599 52.8586 51.1665 49.6934 57.3631 46.8422 52.5226 49.564 51.9235 53.7566 50.114 56.4674 47.5889 52.6077 52.1513 55.1251 51.3021 49.4513 50.8903 55.3059 51.3777 49.6995 53.916 52.2643 50.7439 52.6135 53.2834 50.6546 49.5328 48.8328 51.5715 52.5816 52.5821 51.5623 49.7429 51.9782 51.9416 48.9003 50.4777 51.3641 46.6847 52.7197 46.2028 52.434 48.7334 50.0685 50.3543 53.0394 51.0164 55.6251 50.7046 48.5688 49.5197 55.0726 52.8172 50.3124 51.0292 50.2236 48.3738 52.1254 58.9186 50.4005 51.6306 51.5689 47.945 48.5766 51.7978 51.3768 49.7966 51.8207 51.4437 51.1076 53.0585 48.4715 51.8378 48.178 51.43 52.7089 50.7252 48.8316 52.5226 46.7043 49.6331 48.5911 50.6162 50.8624 48.2142 50.6703 49.8607 51.8761 52.3913 53.9597 51.7464 49.0332 52.1171 52.6362 54.4153 52.3948 48.5225 46.1346 50.6563 52.6411 50.987 49.9108
53.1112 46.6935 47.7278 50.2086 51.6696 49.115 47.3137 50.2986 50.2614 48.1275 47.9951 52.4133 47.0395 52.4678 44.204 53.7517 48.6141 46.6799 48.717 49.4261 49.1398 46.868 50.0808 52.16 52.0054 48.0081 43.6713 47.1766 48.9569 48.0179 47.1662 48.4108 50.3455 49.7762 45.7408 49.0824 47.0816 46.5785 46.5631 49.495 50.2989 47.9676 48.724 49.5074 51.0327 43.7561 51.4693 46.7678 44.8551 48.1138 54.4285 45.1471 48.4641 50.2387 50.7687 47.1302 43.8199 47.5138 50.5899 46.3469 47.6365 51.973 48.7815 48.6087 47.0256 50.2555 49.9428 46.5279 46.2397 48.4612 52.2185 43.3855 52.5982 48.5688 43.9354 51.5176 49.3255 47.6379 51.4323 48.0702 47.0653 47.1973 48.2611 45.8006 48.44 50.0773 50.2945 53.5548 52.5182 48.6273 46.013 49.199 49.3405 47.1697 50.5913 48.5929 50.0535 48.9732 47.4645 47.539 52.6344 45.8363 50.2602 47.6366 50.4228 52.0397 48.3075 51.7455 42.0082 50.2421 52.1633 49.7326 49.1211 48.4716 47.7081 51.7497 50.7133 48.1123 50.5438 50.0633 48.6207 46.9146 51.6126 47.8613 45.5845 49.7054 48.0729 48.8379 50.322 50.147 50.3075 48.4361 48.1253 48.5275 48.1102 51.5322 47.4938 50.272 46.7019 46.0919 48.1018 50.9517 46.5643 48.7243 48.5442 54.3082 49.5588 48.1922 46.3914 49.5311 50.1037 46.8098 50.0368 48.7535 49.0375 49.026 56.5259 47.4011 51.2481 47.0932 45.2424 46.5963 49.0204 49.0439 49.7698 51.0407 51.1444 47.1689 51.5303 48.307 47.9079 48.0333 51.2736 51.2638 49.911 45.1649 49.4513 45.8446 44.3593 47.9679 48.7479 47.605 46.4169 48.2072 49.9988 51.8966 50.2455 51.2332 47.5141 46.0801 49.3539 50.993 52.7964 48.0706 46.5792 46.7978 48.0952 52.209 49.1835 48.9594
58.3415 51.8046 51.5086 59.3343 56.2473 54.3192 54.5784 55.4174 56.0524 56.0179 53.6913 60.6896 49.6525 57.3968 51.1117 55.1005 53.4826 52.1364 54.6724 56.9469 52.2402 52.7763 53.1068 58.9346 57.1485 49.2329 50.7204 54.5156 56.598 51.4776 53.2669 54.3239 55.6507 55.5152 50.595 54.3463 50.7656 51.3551 53.743 53.7746 56.0873 54.3718 51.5674 55.0677 59.4233 49.2035 57.8592 51.4513 50.1621 54.7863 57.5857 47.8374 53.8825 57.0677 55.9514 52.861 50.994 52.9261 57.4049 54.3605 55.5377 59.6198 51.7572 50.211 53.2232 55.7903 56.4117 54.108 52.9538 56.0921 55.2036 50.5505 57.2569 53.3449 49.996 58.9899 54.5791 52.523 54.6905 54.0679 54.8238 52.013 53.0684 50.8972 54.5798 55.2401 56.9548 59.6307 56.9036 54.0808 50.7187 54.9836 55.0434 52.9365 54.5288 53.3723 57.1589 54.1561 52.4739 56.3095 59.1561 53.2652 55.2511 52.1307 54.9133 58.3688 52.8786 57.7969 48.1252 54.7659 51.7519 53.969 55.6217 53.8396 54.8992 56.6827 57.5868 51.647 54.9181 54.1344 53.1628 54.7542 58.2898 54.1174 51.1539 54.0704 56.4411 53.6714 55.987 55.6594 54.531 55.0415 54.1535 53.6846 55.3898 55.5822 50.0206 56.5536 54.7649 53.6879 54.7617 54.6856 51.4423 56.1337 54.651 58.8163 53.4994 53.2337 53.5291 58.821 59.3523 52.8252 51.8985 53.7546 53.583 58.1994 61.7848 53.7705 56.7466 53.6114 48.8608 50.1379 54.0359 55.243 54.2117 54.7333 53.1318 53.3068 57.9669 52.1972 54.2096 56.1704 55.5834 54.7065 54.5764 48.1964 53.1978 50.1823 51.1296 53.1009 55.2151 53.6288 52.3358 53.7247 53.2519 57.0474 56.573 59.1592 53.4493 52.1021 53.7891 57.0405 58.23 53.6358 50.6439 52.7835 55.5684 59.1943 55.7686 53.6075
61.065 50.7172 53.4654 57.4996 57.2606 54.7898 54.2508 53.1559 51.18 55.1788 54.7803 58.0097 49.3268 55.5724 51.2204 55.5362 54.0387 51.102 56.1105 56.7742 51.7015 50.351 52.038 56.9427 57.1302 49.5013 49.7248 52.0072 55.4989 50.3642 50.5837 52.3804 57.8499 53.8425 50.6884 54.954 51.6477 50.878 54.6628 52.0147 57.6329 51.9121 51.3369 55.7544 57.3455 46.9952 53.8874 51.0919 51.4108 51.772 58.9052 49.3866 54.9424 53.8774 53.71 51.7601 49.5412 51.896 54.9012 53.0162 55.2987 58.9863 54.1575 50.5291 51.1311 57.9743 55.4673 53.9486 53.307 53.7541 53.8945 51.8675 57.2288 52.4228 47.8398 59.6437 54.2379 51.7135 56.6948 52.3085 53.9495 53.3969 51.5441 50.1083 53.5946 55.4014 56.6253 58.1388 59.746 52.5283 54.977 54.6054 53.7657 52.6453 51.5819 51.5764 55.3278 55.2556 52.4234 54.1207 60.1238 51.1353 54.2364 50.8047 54.7787 56.8769 55.319 55.9967 46.4989 53.5237 53.4783 54.7541 53.0977 52.8102 53.36 58.0904 56.5082 52.7985 57.8828 54.2334 52.0512 54.285 56.6236 52.1393 52.3256 52.3136 54.282 53.4175 54.74 54.0244 54.8301 50.3843 52.5845 53.9609 53.9922 56.7004 51.2058 56.1763 50.1451 52.9771 52.8475 52.6951 50.5418 55.6164 53.7289 56.8021 52.8572 49.7719 51.9177 57.5112 55.9138 53.7009 54.9275 56.7723 53.7119 56.1537 60.3997 53.7305 56.887 53.8159 50.6795 50.1616 53.3819 53.5781 53.8414 55.8328 53.5874 55.6066 56.7156 49.5908 54.1502 52.0279 52.5286 54.8384 53.8512 50.6119 54.7612 46.9539 51.5907 53.2035 54.2922 51.4123 52.9401 54.6967 51.7086 54.2604 56.1155 58.772 50.6033 49.8478 54.9094 58.3879 58.882 53.1315 49.4689 49.7383 53.3347 55.2695 54.4729 53.0458
54.5861 45.2883 48.4405 48.303 48.2711 46.9647 44.3485 47.4198 47.8344 49.5163 47.0863 50.6371 43.4045 50.0539 46.4229 47.9892 45.9917 43.9765 47.7821 48.1292 45.0599 43.9869 45.2566 51.0076 48.2606 42.8087 44.7704 46.6512 48.864 44.8432 46.8186 48.9454 48.0886 49.1696 45.1853 46.5595 44.6874 44.5515 45.5181 46.5425 49.2446 46.4909 46.3809 51.044 47.882 41.5089 47.6736 44.6169 45.7289 47.5462 50.3438 44.708 46.6436 48.5875 51.1384 46.0804 43.7187 48.7368 50.1084 45.6256 47.2114 51.292 46.8339 45.8688 47.6637 48.601 50.5509 45.4291 46.0752 50.4584 47.6059 42.0178 50.3687 46.7177 44.9032 50.7662 46.4478 43.6109 48.501 47.9139 49.0663 43.9653 45.4349 43.9272 47.8754 50.5613 50.8841 52.5294 48.1723 46.904 44.9692 48.0901 49.0225 47.3119 50.3166 49.1023 49.491 48.6339 45.731 45.9432 50.9151 42.7977 48.2469 44.728 48.3675 50.2272 47.0497 52.2746 41.1208 46.8178 46.3699 47.8186 47.1624 46.6456 47.9433 49.4524 49.2207 46.3423 47.7372 48.5621 46.0898 44.965 52.2232 46.6471 44.0443 47.825 46.4804 47.9464 48.8437 49.9741 47.8746 47.8582 46.1706 48.431 47.7519 50.321 44.0268 48.173 46.5593 45.9995 47.1073 47.6604 46.0341 48.5742 45.746 49.2825 47.2361 45.9745 47.1652 48.7643 50.378 44.8722 46.3562 46.3335 45.2587 47.9014 54.1016 46.9834 49.7532 46.7843 42.1393 43.5451 47.9432 48.7318 48.9599 48.4533 49.0226 48.0343 47.7429 46.4617 46.264 48.1792 49.5886 48.0734 47.7512 41.778 47.6895 41.3112 43.769 45.8163 47.4916 46.5809 45.4635 47.4373 47.7814 49.2438 48.7422 52.1415 46.2796 44.7451 45.6532 51.7332 51.0341 47.0538 45.2358 42.9537 47.9764 51.132 47.1223 44.3708
52.6145 47.0094 46.3392 49.9822 50.7075 46.0446 46.7724 46.326 48.4814 49.3687 47.7692 49.8457 45.2345 46.7839 45.0366 47.6366 47.9699 46.7026 46.603 47.6009 45.2221 46.3761 44.5922 52.4674 49.0246 40.8468 44.2591 46.8407 48.5118 43.3913 45.0073 47.1992 47.794 48.4752 43.593 45.3286 45.3976 45.8337 44.3987 45.723 51.0423 43.7554 47.4171 50.2507 50.0702 42.3529 47.8318 45.9122 43.8399 46.9222 50.1935 42.0873 48.4108 47.6577 48.0072 45.0468 44.624 47.5304 49.9814 47.1491 49.995 52.5886 49.8423 43.2578 47.7749 49.2237 49.2972 45.8233 46.8109 49.777 48.2564 43.0704 50.8292 47.1354 43.9763 53.0605 46.4997 47.7012 49.8951 46.502 49.756 47.4977 46.3401 44.3863 48.1949 47.5027 49.1742 51.0726 51.3581 44.1099 46.8039 48.9091 48.6264 48.9458 47.0285 45.519 51.105 46.3713 45.2994 49.1219 50.9669 44.0346 48.2499 44.5645 46.8757 50.9046 45.3253 48.9441 40.3761 47.1775 47.7062 48.7769 46.2697 48.7035 47.693 49.5367 48.9936 45.0796 48.5368 46.9958 48.9544 47.2892 49.4643 49.0345 44.7061 47.4643 49.261 46.5361 47.2468 47.6173 47.9393 46.1624 46.1889 47.4308 46.5795 50.6851 46.5528 49.6537 45.497 48.6089 47.3993 47.4004 44.9661 46.4282 46.8199 50.717 45.9893 44.6631 44.7993 49.019 50.894 47.7172 46.8489 45.7902 45.2306 50.1991 53.7523 46.1911 48.4672 46.9069 42.4899 41.0377 47.8406 46.7652 50.3501 48.322 47.3481 47.3231 48.1589 46.6383 45.927 46.4648 45.8477 49.1682 47.1333 41.5653 49.1514 43.2917 42.5068 46.4059 49.1357 46.8385 47.9326 46.9424 46.5083 48.297 47.9851 49.5524 48.6666 44.8417 46.4709 50.0617 52.3238 45.5586 44.8339 43.6186 47.5089 50.4373 47.772 45.8495
54.7589 46.2178 47.313 50.2127 50.4484 46.4828 45.7189 47.9399 48.3555 48.5632 47.6504 53.1263 44.3659 49.6518 47.2305 50.0878 46.2732 46.3255 48.0043 51.4066 46.3672 45.6089 45.7196 51.1708 51.1747 40.1981 45.4474 47.0447 49.3391 45.9862 46.8124 46.8116 50.1817 47.2501 46.3818 48.1883 45.2401 44.9192 49.3206 48.1832 51.7163 46.6539 47.5003 49.0609 51.5029 44.6418 49.8308 44.1385 43.6681 46.5924 50.6518 44.0764 47.1909 50.2517 48.5924 44.9864 45.9237 49.027 49.0256 44.6235 50.389 52.4219 47.5911 47.5677 48.0017 50.4226 50.7312 49.0971 47.6699 48.7136 46.6899 44.5331 53.1086 46.9136 43.8435 50.9571 45.6084 45.8785 48.6349 48.1706 49.3302 47.0032 45.9462 41.8313 48.4437 49.1025 51.7398 53.1829 48.8085 46.869 47.9302 48.9521 49.4374 48.6349 44.9751 46.1372 49.4902 49.3132 46.2783 49.6562 51.7286 45.3823 48.0759 46.4497 47.1291 51.5534 49.0487 48.849 43.3928 48.2221 47.9474 49.7961 47.9392 47.2635 47.9078 51.0864 49.6186 46.8398 49.677 48.2326 46.6383 47.1281 51.1974 49.4257 47.4729 47.0094 48.3307 48.2809 48.148 49.399 48.9997 46.1993 47.9191 48.1923 49.8049 50.1774 44.1936 49.3736 43.745 46.4764 46.3519 48.3997 44.8984 49.9158 47.9605 49.9057 48.0879 46.0509 48.8962 50.5157 50.6592 48.0358 47.6289 50.63 46.7489 49.5285 53.8051 46.6455 50.6766 48.5907 44.4426 43.7548 49.139 49.1344 49.3416 49.8189 48.0008 48.9687 50.3335 46.6541 47.3926 46.7048 48.6013 48.4035 47.6021 44.7203 48.2921 44.2214 44.9637 47.5478 47.0912 48.2722 45.1228 49.0434 46.2103 48.8861 49.9519 48.2181 46.984 45.7785 50.5943 52.4664 51.1286 45.5019 44.0881 45.7569 46.6623 49.5553 46.7821 46.6508
52.9122 44.4319 44.4255 49.3679 49.1639 46.7268 46.4122 46.3188 46.6493 49.1674 45.4025 51.8601 44.1128 49.6187 47.2348 48.8658 46.6703 47.131 49.0926 49.2914 45.9848 46.134 46.2608 51.9952 52.3108 42.362 45.5952 47.2211 48.3491 45.1886 44.9182 45.2452 50.3889 46.744 44.5675 46.0643 45.6936 44.7941 45.0496 46.6306 49.0308 45.9153 44.0364 49.6053 49.4489 41.4725 47.5927 45.3017 44.2863 46.666 50.7014 41.6579 46.8213 48.9642 47.9878 41.6879 44.1535 48.1338 49.265 45.2731 49.3197 50.6365 45.4319 44.6941 45.6412 50.3136 49.5882 46.4407 45.3523 49.4856 51.2395 41.4539 51.6679 46.3757 42.5655 52.6483 47.6364 43.2393 45.9058 45.5335 47.9268 44.1415 46.1649 43.5622 45.6074 45.8911 49.2642 50.4869 51.0154 45.479 46.3234 45.4086 48.0123 48.0424 47.8956 45.5666 49.3969 46.8151 47.2781 50.9215 51.3567 41.6077 46.6804 43.6352 47.2877 49.9798 47.7541 49.6166 39.0849 47.458 48.1484 48.6596 47.6672 45.5516 45.441 50.6423 49.1135 43.8968 49.6104 50.2121 46.749 45.4027 51.0349 47.3596 42.2571 47.1635 48.3405 46.3384 46.7615 44.5185 46.381 44.7007 44.6164 46.623 46.0584 48.3688 46.2699 48.772 45.7219 45.1891 48.2757 50.5131 44.2077 47.6595 46.416 49.4662 47.9099 45.2668 45.2345 49.1619 49.2728 45.7919 46.2464 48.4749 45.7519 49.4506 53.2518 47.8467 50.2601 45.3727 43.7032 46.1661 46.3964 46.3295 48.3687 48.6299 48.6271 49.1425 48.1237 46.3947 45.4856 43.9683 47.7839 46.3981 47.1338 44.3639 45.8669 42.2981 43.0293 46.7739 46.257 45.0299 47.365 50.2073 48.1734 47.4338 48.9212 49.4566 45.5314 46.5468 48.492 50.9045 51.6246 46.8439 44.7034 46.7651 45.2686 48.5336 47.6078 47.0213
57.2457 47.5542 48.2044 52.1044 52.0124 48.6373 49.321 51.8815 51.8246 49.1514 48.5178 50.5413 46.8757 49.8473 44.4931 52.6034 48.7964 48.2367 47.5669 52.0706 50.263 47.0557 46.2725 52.0069 52.372 42.3275 42.9177 47.7238 52.4676 49.21 46.8602 48.721 49.9672 51.666 45.8544 48.4121 48.2483 44.5903 50.1556 49.2945 50.1592 49.261 48.3931 50.0771 51.1521 44.9658 49.4108 46.8162 47.4405 45.6764 52.6793 46.1445 49.2953 52.6706 48.6893 46.6953 43.69 49.5479 52.6572 48.2902 49.5796 54.3632 50.2023 46.9983 47.6468 50.6653 52.6598 47.8909 47.9594 49.269 51.7417 44.996 54.3666 47.7194 44.161 51.2975 47.4398 51.0646 54.0755 49.0607 49.2058 47.1755 46.1187 46.2606 49.6239 49.8174 51.223 53.2622 52.8737 50.2996 48.5754 48.6446 50.7979 47.98 48.2878 47.6133 49.9342 49.4751 48.4121 50.8992 53.4629 46.6888 50.2564 48.6546 48.6799 49.356 48.6543 50.949 41.5179 50.9731 50.7524 50.283 49.9492 48.1275 51.0048 52.3977 50.8416 46.5408 50.7649 45.3441 47.4964 50.2743 50.7137 49.3393 47.0488 48.1164 50.4772 48.2182 50.2854 50.681 51.2288 48.2259 50.6498 48.9887 49.6076 51.3906 46.0436 49.5987 47.7132 50.1015 48.6092 47.2651 48.1725 52.2014 49.2609 54.0438 50.3447 47.2828 48.8176 50.7284 50.6289 49.4425 49.3862 52.3328 48.7417 49.888 55.2938 49.4132 50.5443 48.1416 46.0782 46.6229 48.7953 50.2721 49.9408 51.4016 49.9901 49.611 52.733 46.1896 46.559 44.7328 51.2795 48.8628 48.448 45.9553 51.6922 43.9144 46.56 47.3336 48.8438 46.1762 47.1373 45.8893 47.761 49.4443 50.3841 53.8709 48.9487 45.9066 48.0941 51.4025 52.0027 48.0446 47.3663 45.0189 48.5176 50.9146 48.3519 48.6052
56.3805 48.306 49.8081 52.7308 53.3212 49.2546 50.8484 52.2853 51.9881 52.3118 48.8415 53.4438 48.5477 51.3183 50.2771 51.5452 50.2467 49.8603 51.9427 52.193 49.7263 49.6576 49.594 54.7625 54.0769 47.9955 48.8021 50.2484 50.8505 48.5152 51.5904 50.4791 54.8097 54.1754 47.7599 50.9767 46.824 46.9527 48.7573 49.3362 54.2088 49.6505 51.2382 52.2014 55.1765 45.1714 50.0624 48.7353 48.3001 52.6962 55.5213 47.6866 47.8453 50.8242 53.9552 45.1225 44.5702 50.7927 51.6165 50.894 52.8085 53.1452 51.0324 48.8032 51.377 50.8272 52.3361 49.7593 49.902 52.7163 52.8226 46.9662 54.5628 51.0373 43.406 55.1082 48.6456 49.3737 52.271 49.8022 50.4631 49.1666 49.0564 47.6924 50.8496 52.6669 53.221 52.692 54.8301 50.5839 48.2957 50.8468 51.5327 49.8644 50.7668 49.2512 52.5078 51.076 51.3117 52.3286 56.4185 46.273 54.092 49.3002 51.0144 54.1619 51.4847 54.0196 46.955 51.9872 50.2394 50.6045 51.161 49.0037 51.7784 55.6323 50.7831 48.382 51.5194 49.4304 49.1734 50.7344 52.8092 48.4277 47.0588 51.1665 51.5225 53.0736 52.6793 52.6356 51.4555 50.8094 48.6682 49.6145 50.8186 52.4914 49.2844 53.0193 47.2895 52.236 50.9087 50.8197 48.0243 52.8522 48.4555 53.1567 52.0573 48.9646 48.1871 53.2139 54.171 48.8706 52.3584 50.0207 49.0983 52.2096 58.6543 51.0423 55.0473 49.5597 47.1651 49.0415 51.0867 50.8263 51.4127 52.0706 51.3585 52.5775 52.5275 49.4066 48.3218 51.5571 51.8401 50.7378 51.2344 48.1304 50.4961 46.6165 47.5704 49.1845 52.0336 48.4433 50.0232 50.3381 52.3819 53.7605 52.0805 55.393 49.4448 47.0224 51.0343 52.1585 52.6356 49.5223 47.5846 47.3153 50.2317 51.9484 53.7176 50.1059
56.4983 49.5409 49.0528 53.8241 51.2191 48.7274 51.2896 50.7358 52.5442 51.3435 49.5707 50.9773 47.9481 49.7477 51.3954 50.7415 52.1582 49.7879 49.4987 52.5719 49.19 46.1284 49.763 54.759 52.044 46.3976 48.3715 48.9766 51.4868 47.7134 46.5266 49.4002 53.305 52.5965 48.0011 49.5272 48.0689 46.3493 49.1296 49.3418 52.7578 48.4769 50.101 52.9655 54.538 46.3996 50.2084 47.2849 47.6078 50.2547 54.3733 48.1151 50.2671 50.323 51.3158 45.3755 47.962 50.2543 52.2695 49.6983 51.5635 54.6837 49.9322 51.5363 49.0978 52.0489 52.8903 48.8131 48.0991 50.7079 53.763 47.2716 53.2697 47.417 46.5304 55.1594 49.4928 51.628 51.7157 49.0753 50.372 47.5133 47.2827 48.4925 51.7809 49.8323 52.0845 53.2766 53.5889 48.4751 50.7546 52.45 51.2323 49.6327 49.5296 49.5506 51.3423 51.2105 51.815 51.4639 56.4517 46.7243 49.9595 47.7607 50.6625 52.1729 51.4772 53.8467 44.06 51.2557 49.3803 53.2009 50.8531 51.9996 51.1369 55.3432 50.5058 48.7097 50.408 47.749 49.4162 49.0225 51.6479 50.2405 47.1786 49.549 51.6529 51.2854 50.3629 53.8411 50.6145 50.6159 52.215 49.6318 50.6538 52.9129 47.9996 51.9818 48.4648 48.3488 49.8211 50.1599 47.2008 50.9681 50.8579 53.9057 50.9112 47.4145 49.4586 54.0271 53.8244 51.724 51.0537 51.9309 51.6024 51.6659 56.5384 49.551 53.6331 49.3655 46.0659 47.1583 51.2066 49.3327 51.3603 53.8867 50.6292 50.3287 52.2699 47.9677 46.2791 49.2146 49.7958 50.4488 52.2107 47.117 52.0593 45.0665 48.6211 50.1874 48.727 50.2964 47.167 50.9669 50.7775 50.8671 52.4422 52.7243 48.8402 47.7292 49.3822 52.0516 52.3429 48.4746 47.0366 46.2549 49.6135 52.5132 52.2941 49.0729
51.8568 44.6519 44.4066 48.3517 45.3992 45.5478 45.4833 44.7051 43.7527 46.0094 46.1783 49.3342 40.6553 47.7814 42.0039 48.2485 46.3735 44.5149 44.5496 46.6837 43.4676 42.0556 42.1226 48.6896 47.6133 40.9376 42.6856 45.1457 47.3902 44.5022 43.0772 45.0224 48.1186 48.474 41.6029 43.4351 42.7933 41.4957 45.3916 44.712 46.9793 44.2217 43.3365 47.8895 45.1769 40.462 46.0012 41.372 42.8101 45.1821 47.9363 41.3993 46.4274 46.8516 45.1453 43.7875 42.3994 45.521 48.3394 44.814 48.7218 49.4765 44.3543 42.6877 45.191 47.1322 45.9216 46.9542 45.4806 45.7549 46.5706 42.3708 45.9228 45.4445 42.1643 47.6061 46.2317 44.9171 46.8428 44.8167 44.5818 43.0182 43.9823 43.8826 45.2497 45.0802 46.791 50.4218 47.8522 44.878 45.4923 45.0576 45.7819 45.5725 45.9475 46.1155 44.9602 45.6318 46.8353 45.4696 49.1606 42.864 47.9268 44.2005 47.9848 47.1249 46.085 47.973 39.9111 45.4455 45.4667 46.1921 46.4954 45.5897 46.9165 48.459 45.7853 44.4665 45.1809 46.0976 45.1653 44.9285 47.7503 43.9925 43.0539 46.634 46.8243 45.7392 44.5269 45.8649 46.6669 46.0978 46.8633 43.3474 42.3939 47.7833 44.1073 47.2714 42.266 44.8626 45.9459 46.229 43.2065 44.7582 45.5426 49.6972 44.944 43.9224 45.7177 47.7045 47.8309 45.2471 45.2203 47.1211 43.6361 46.0139 49.7667 45.7617 47.2302 45.5447 42.193 42.696 45.5368 45.2628 47.8471 45.6341 45.2108 46.7153 47.3322 42.9438 45.8128 43.309 46.56 47.6041 48.1753 42.792 47.0352 39.9975 42.6316 44.0446 45.0122 44.2305 42.972 44.4655 45.7102 47.3979 45.9049 47.7211 44.3701 41.5512 45.0004 49.1211 50.9265 47.9949 43.2341 42.5259 44.3587 47.9556 47.1463 43.7308
55.5309 49.7505 48.5232 51.9844 52.9837 51.0129 49.4405 49.9092 50.2009 49.571 49.1643 52.832 47.5868 53.6599 46.3501 54.1859 49.134 47.8543 50.6703 51.6658 49.7714 47.5377 48.942 54.9364 51.523 46.1579 45.8829 47.8678 51.6113 47.4491 48.7987 49.5324 52.8494 51.342 49.7378 49.1397 47.7499 49.3708 51.5605 48.9204 53.2991 48.517 48.3064 51.693 53.8171 42.9514 51.581 44.15 47.3256 50.6302 54.6936 46.3423 51.5113 49.7311 50.3946 45.1955 45.7191 49.2563 52.1537 49.4854 51.5097 53.3787 52.5444 48.5911 49.7409 53.0551 52.0868 50.8206 48.594 50.6086 51.9141 47.552 52.7544 49.0012 44.9619 54.5101 48.9393 49.1213 50.6891 46.4345 51.3468 48.3189 46.5463 47.5368 50.7638 51.8793 52.4875 56.4095 54.0499 50.3361 50.9793 51.2315 51.0579 49.1121 49.593 48.9975 52.1362 50.9816 49.1461 49.61 54.8552 47.4264 50.2855 48.1903 51.4901 55.9314 50.9568 55.0637 45.9629 51.9145 51.1098 50.8807 49.6635 51.8694 51.7769 53.1124 51.638 48.4402 51.6963 52.2678 48.6936 50.0961 53.6381 48.414 46.806 49.0557 52.1208 51.332 52.1519 51.1541 49.9746 47.1779 50.3803 49.7386 49.4383 52.358 49.206 52.5545 50.1936 49.0795 48.8922 49.3762 47.8356 51.0657 49.5112 52.6522 47.0958 47.116 48.6807 53.077 54.1734 51.0243 49.7082 48.0025 51.8554 50.668 57.8941 49.7408 51.4453 48.8691 47.8055 47.3975 53.7485 51.8077 50.9731 52.2119 50.1492 50.9322 53.3771 45.4808 48.5403 50.244 50.8384 51.1313 49.3734 46.0786 50.4629 45.6447 46.4178 50.1344 51.1374 50.4255 49.9162 52.375 47.9676 51.5571 50.8391 55.0329 48.5408 50.7636 51.0774 54.1385 54.261 49.0792 46.1614 47.9338 50.5507 54.0154 52.0982 48.1577
52.8981 47.7192 47.126 51.5254 51.8236 49.4125 49.7447 50.1746 49.6678 51.968 48.2751 52.6546 47.1542 50.5259 48.7458 47.9743 48.4426 46.3136 49.4411 48.8976 47.5933 45.1309 47.6175 53.4066 50.3987 43.9154 47.4224 47.1065 50.0419 47.4446 49.5439 51.0513 52.2543 50.5679 46.043 50.1785 47.5825 44.3083 48.2171 50.6069 51.2107 46.4534 45.7707 52.7738 51.5914 43.9918 51.6394 47.0593 45.8271 48.4716 52.7291 44.1586 47.5863 50.061 50.1496 45.2213 45.3547 47.6329 50.2829 49.0204 49.3572 51.1913 47.2364 48.7094 48.5747 51.134 49.9278 49.0893 47.0638 48.3661 48.6995 46.8481 50.0482 46.5595 45.3939 52.2023 46.7089 49.0531 52.7259 49.0706 51.1604 46.0273 49.7059 44.1542 49.445 49.6717 52.4785 53.5298 51.5612 47.7239 49.5425 48.0348 49.2789 48.1104 49.182 49.9645 50.7179 48.8175 49.0027 52.2348 52.7934 45.0954 49.5528 46.145 47.2829 53.571 47.8486 52.351 45.6908 50.0313 48.8812 51.7406 48.714 48.6236 50.2858 52.7035 50.2343 46.6466 52.9513 51.9911 48.7532 49.7678 52.3138 49.0598 46.8596 47.6789 48.1292 49.5429 49.5259 50.29 48.3111 48.8741 47.9028 46.1141 49.9128 48.2753 45.8807 49.8502 48.2309 46.8762 48.6693 50.1803 47.5465 51.8846 50.0065 51.3818 49.0372 48.6453 49.2659 51.901 53.2717 50.6127 48.1126 51.1411 46.3662 51.8766 56.6275 49.1781 49.8471 49.5993 47.1031 46.8973 49.0753 48.9961 50.7795 51.1047 47.4232 51.0991 51.6486 48.0104 48.8484 47.0317 48.3757 49.4613 46.4042 47.066 49.3719 47.0861 46.2614 48.6359 50.2884 48.1269 47.3405 50.1189 47.7284 50.5463 49.8153 54.3928 49.4379 44.8824 51.3852 51.4641 52.5417 50.7622 47.3076 44.8341 48.2651 53.7676 50.9106 46.142
56.1934 49.8429 48.356 52.2341 52.2714 49.2581 48.0527 49.3991 47.4032 49.9429 48.34 51.2205 44.1447 51.0018 45.8244 50.8838 49.1162 48.0321 49.0597 49.8581 48.8946 44.859 47.6072 53.5899 52.538 46.2309 46.5986 47.7955 49.1073 46.8235 46.0846 48.6147 53.871 49.7712 48.1155 48.4051 45.1568 48.0987 48.9846 49.0361 53.8631 50.3228 49.3805 51.8586 51.8917 43.1295 50.5399 45.8484 47.4126 48.9777 53.9763 45.2562 49.5584 52.2045 49.8793 48.1204 45.366 49.2862 50.4158 49.3389 52.0748 52.9394 49.6639 48.3753 50.1862 52.0691 53.2746 47.4753 47.5579 50.3922 53.2782 44.8935 51.6609 47.8735 46.3046 53.8026 47.3499 45.954 51.4337 50.5217 49.7064 47.9918 48.521 46.4164 49.3598 52.3615 51.7787 55.7403 53.2498 48.5139 48.1658 48.439 50.6704 49.3718 50.3679 49.7525 52.373 50.3982 48.3872 50.165 55.3767 46.4263 50.2746 47.028 50.9764 52.0184 50.8198 52.5188 45.1087 49.9348 48.8167 51.0378 50.0339 49.0114 49.949 52.274 50.8038 46.1401 49.2034 51.124 50.363 50.3233 50.8517 47.8042 44.6221 48.6691 50.8155 49.0166 50.4534 48.7557 48.3381 48.3658 46.8457 47.9339 50.3019 50.2765 47.0995 49.9048 49.1121 48.5193 47.6985 47.3415 48.8807 52.2694 49.6845 53.69 48.4883 48.1233 48.391 50.974 50.6594 47.2329 50.1211 48.4546 47.7395 49.0093 56.3078 48.7395 49.9669 48.7459 45.2862 45.5968 49.4418 49.2008 48.9999 49.2255 50.0997 48.4557 52.8775 47.5857 48.9615 48.4167 52.4559 48.4298 48.5497 46.4175 48.881 44.6335 45.0401 49.4919 49.5474 47.2271 48.1761 49.0234 48.6271 49.1263 54.1732 53.3166 48.2153 48.8694 49.3122 53.1895 52.8895 47.9705 46.6645 46.1755 49.2352 48.8195 48.4726 49.3533
50.2208 43.9065 44.7618 47.7578 47.3728 46.0366 45.1901 45.1271 45.236 45.7977 43.2558 46.436 39.8143 46.6014 42.0255 44.065 43.9517 43.7863 44.8339 46.8417 44.3669 41.5438 42.1563 49.5591 45.9181 39.6373 43.2582 44.2944 45.2665 42.3293 42.514 43.7047 45.7779 45.6706 44.9731 44.8334 41.5982 44.2724 44.2194 43.976 47.2261 43.0815 45.2527 45.0049 48.8934 38.18 46.1637 42.7557 41.728 43.4153 48.1096 39.8451 44.0632 45.4705 46.9122 43.1818 41.2909 45.1659 46.8565 43.6543 46.2681 48.0007 43.0687 43.7323 44.0885 47.6786 47.3781 44.9773 42.946 45.2013 46.9341 42.6547 47.4339 45.6124 40.1453 49.8368 44.4453 41.5695 44.67 44.083 44.8974 42.993 43.4951 40.2628 44.0969 45.8624 46.2355 49.351 48.5136 45.1228 42.9111 44.2763 43.4048 44.2838 43.211 46.2501 48.0926 45.211 43.4604 43.023 47.8552 41.3348 44.7022 42.7181 47.6516 48.188 45.6165 49.481 38.953 48.6122 44.8201 46.9594 46.5507 46.0897 45.8589 46.3418 43.8317 41.5221 46.999 46.5687 45.6914 43.5107 45.6761 42.6033 42.8076 42.1135 45.4116 45.8326 44.8112 44.7979 45.1448 44.0312 43.2809 42.5074 46.8801 48.5835 43.3635 45.3891 42.6555 42.9501 44.6098 44.1329 43.5919 46.6603 45.6319 47.5075 44.8096 43.1088 42.0273 45.9115 44.3417 42.8312 44.5683 44.9581 42.2143 46.7438 52.6105 42.4283 45.7514 43.8187 42.2701 40.6748 44.1014 44.9532 47.089 47.8084 45.5475 44.8721 47.0311 42.0874 43.4241 42.125 45.9641 47.0517 44.024 41.995 45.2314 40.0986 41.4507 43.6941 45.0983 42.3765 43.0121 44.0225 44.8299 47.573 45.1684 48.6001 44.6168 41.3336 45.8284 49.2526 48.7274 44.2371 43.3951 39.2359 45.4721 47.0919 45.1558 43.0632
57.8494 50.7984 48.4021 52.9833 52.0385 50.8678 51.1135 50.9136 50.7371 52.887 51.3334 53.0845 48.8348 51.4307 47.6723 54.5155 50.1118 47.9594 50.3642 51.758 49.9863 47.9335 48.9752 53.6044 52.3141 45.2637 45.5958 49.4822 52.2965 47.7449 47.1432 49.8099 53.4223 52.6935 45.9293 49.7782 48.7471 47.5345 49.2607 50.2531 50.7689 51.1138 52.262 51.9369 53.8612 44.9312 51.6705 50.15 48.4169 50.4901 52.8587 45.9504 51.1163 52.9803 50.8467 47.361 44.0894 49.1046 51.1358 48.4849 48.6772 55.573 50.078 47.9694 49.5905 53.2062 50.6507 49.3702 49.5762 48.5401 53.6182 47.2878 55.885 51.314 45.1495 52.8203 50.532 51.2086 53.0666 50.3805 50.8447 48.3385 48.0651 46.4998 50.0179 52.7231 54.0893 54.0942 53.8103 48.68 48.9627 50.7172 50.2457 50.4448 50.0514 50.5179 52.9325 47.9677 49.0951 51.4763 54.8022 45.8389 51.1464 47.0136 50.7714 52.7455 50.6992 53.7593 44.9973 50.3896 50.0047 50.5574 51.6633 51.2391 49.3821 54.4923 51.2792 48.2947 52.1878 50.7847 48.7981 47.0946 53.3334 50.4373 48.0947 49.6672 50.2206 51.1964 50.3811 51.06 50.1765 47.5256 50.5691 49.514 52.3627 52.5351 48.1366 51.9339 48.7215 48.4424 49.1072 52.7773 48.9284 52.7118 49.9616 53.7805 50.0274 47.1888 50.8402 52.7073 54.0742 49.2387 50.7021 52.9701 48.8307 49.8702 56.6689 49.8164 55.269 50.2683 46.9078 46.8652 50.9602 51.4883 50.2672 53.1657 49.8106 48.6694 51.3514 48.3711 50.0073 48.0467 51.2835 51.1538 49.0439 48.149 51.9665 44.9808 46.4559 50.1016 48.9776 50.4131 47.811 51.2047 47.0495 52.9598 52.2047 53.9104 48.9666 47.6344 48.9675 51.9682 52.5001 50.2092 47.7358 45.4205 50.8718 50.0879 48.0809 48.4473
59.0377 49.429 53.7975 56.6913 54.886 52.5955 50.1961 54.3959 52.2305 50.879 52.5899 56.8701 47.9542 54.3161 49.7783 53.5439 51.663 49.9682 52.5245 54.8185 51.3597 49.6496 48.081 58.1562 56.1026 48.0287 48.0482 53.1696 54.3308 48.4038 49.2272 49.8599 56.1421 52.6495 47.3844 54.3278 50.7642 48.863 51.5139 51.6278 55.9225 51.3457 51.5369 55.3918 55.5414 46.734 52.6668 50.1379 49.1503 51.1165 57.3774 47.0538 50.9546 53.909 56.464 48.9442 47.3037 52.0542 53.6696 53.2262 52.5669 56.4174 52.1932 51.0517 52.9384 55.2445 53.6289 53.7161 52.7634 52.2304 53.3063 50.4359 58.1797 50.6409 48.693 55.9322 54.3098 51.3975 56.1903 51.9003 54.0156 52.3513 53.231 47.7583 54.2973 53.7736 56.455 58.18 56.3729 52.4766 53.1107 53.2146 54.5541 50.9049 52.1014 53.556 54.5552 51.9611 50.4562 52.9852 55.245 46.8471 53.8907 50.7962 55.4505 56.7429 52.6856 57.2799 46.7406 53.3681 54.4117 56.038 52.1328 50.8048 52.8851 55.9188 54.4389 52.4766 55.2778 53.3183 53.1966 53.3492 55.256 51.6756 47.7778 53.9354 53.5989 53.2887 54.9342 52.5479 54.6806 52.6308 51.62 51.6255 54.4693 55.2462 48.704 53.3959 49.0727 52.2928 52.1962 52.6224 50.3308 55.0391 50.7525 57.6275 52.2144 51.5141 52.3294 54.7837 55.9852 53.9195 52.8915 52.1397 51.1863 53.7556 59.6372 49.6925 56.0798 51.6872 50.742 50.1041 52.3324 54.0121 54.0103 52.8107 53.9359 51.0568 55.2024 52.098 51.2984 50.2288 52.6324 53.0184 53.4148 50.126 54.3505 49.2492 48.6782 49.554 53.6218 53.0182 51.0471 52.3269 53.5805 54.3484 53.2592 55.7408 51.5385 50.6119 53.2913 56.7458 57.2758 52.7271 51.2612 48.2186 51.3839 57.1003 55.3669 52.08
57.5336 49.4414 53.9289 54.4085 56.7708 50.6527 50.1183 52.3607 52.4031 52.3028 52.4112 56.1457 48.3302 53.0526 50.6672 54.2238 51.2746 47.9111 52.5644 54.1877 50.2284 51.0298 49.0137 55.2046 53.521 47.2518 44.7431 51.8484 55.4914 48.9089 50.388 52.6472 55.4433 53.4714 49.8472 51.0574 49.8796 49.1857 52.9814 50.5613 54.2988 50.5998 50.5161 53.7136 55.0401 47.0382 52.1949 50.5187 50.4186 49.3241 55.832 48.153 52.0759 52.6611 55.116 48.5248 46.1967 53.5231 54.4344 51.3523 52.3956 55.6035 51.9388 51.0732 52.2609 51.8315 52.9556 51.4248 53.1173 53.5413 53.9321 51.4285 58.0431 50.2292 45.6099 57.0771 51.1792 51.6746 54.8076 55.567 53.1892 52.332 49.6095 47.7894 52.3391 53.1187 56.3522 54.7723 52.2684 48.7268 52.561 50.6312 54.7312 50.4984 50.0229 54.4839 52.4692 50.4309 48.2584 52.8123 56.1851 48.0963 52.6023 51.2539 54.261 55.3371 53.1222 55.3773 47.1571 52.4374 52.6808 54.1763 51.4737 51.9715 54.4179 54.737 54.7382 51.0221 55.5236 53.3581 48.7445 52.4351 53.146 53.3151 48.9634 49.6515 53.7452 51.6668 52.2184 54.7899 54.6441 48.8513 49.8578 52.3731 51.9547 53.9371 48.1916 54.2731 49.6157 49.4629 51.4432 52.4301 49.815 54.066 52.6914 56.4142 51.4365 48.5843 50.1746 56.745 56.6717 50.9488 51.6093 52.8707 50.4309 55.7046 60.7314 51.1538 55.2661 52.8132 47.8947 50.4958 53.6864 53.9375 51.9815 56.7329 52.9857 55.0061 56.0532 49.143 53.0845 52.9089 54.4839 54.1874 51.8066 48.8585 52.6167 45.5606 48.0807 53.1151 50.594 50.0552 52.2186 53.7396 50.7587 54.0926 52.505 56.8003 52.3735 49.3093 52.6782 54.1856 55.1338 50.4882 49.3848 49.6686 52.6226 53.8716 53.5817 50.4813
53.6571 50.6328 49.4535 50.6087 48.6325 48.9621 48.6905 49.2345 48.9315 48.9801 50.7141 50.927 42.2837 48.5379 44.9244 49.0054 48.1624 46.5885 46.8447 51.5561 46.2813 44.8784 47.1336 54.1489 49.4579 46.1866 46.0831 47.0199 46.0891 44.6006 46.9896 45.3223 52.3609 49.3856 45.0266 47.9032 44.9772 44.5637 48.9588 45.4528 50.9137 46.6142 45.6207 51.8356 49.8827 43.0993 47.904 44.749 43.7829 46.4776 52.4719 45.6483 49.2368 50.0092 48.7233 43.7764 45.1685 47.126 50.707 48.4006 49.6535 51.8137 45.7844 44.438 47.817 48.2368 48.7601 50.8604 48.4274 46.5226 49.852 46.1688 51.5625 46.8859 42.9366 51.8263 46.3245 48.6384 48.0733 48.5454 49.6082 47.0766 46.1482 45.6513 49.2574 49.9901 50.7319 50.9247 51.4423 46.9392 47.8108 48.3962 47.8162 45.6449 49.0857 46.1145 51.9639 49.2496 47.2421 48.0908 53.3112 44.6793 47.2848 45.5189 48.3084 50.5678 49.244 52.6958 44.4687 50.4329 48.2941 49.7443 45.1647 47.18 49.2654 51.6509 49.3841 46.3147 50.8453 48.5676 46.0627 49.6756 51.6837 49.1315 44.8546 48.9946 48.6944 49.2849 50.0103 48.6782 48.8188 48.3309 46.2169 45.1924 49.6377 49.6865 46.0024 50.2695 46.3574 47.514 47.0217 47.9318 47.4053 49.1134 46.5532 51.6684 45.531 46.4392 49.4246 49.8566 49.8508 46.9515 50.9843 48.9169 49.4063 49.5632 55.1114 48.1049 48.7211 45.9673 44.4948 45.1896 48.1244 49.5493 48.6059 45.4864 45.7567 47.4824 48.8264 45.3871 47.719 48.2916 47.4251 49.8403 49.8011 43.9194 49.8489 44.1312 46.5426 46.6224 46.944 48.896 48.7529 48.3782 48.3572 46.9614 50.7655 51.8029 47.3015 47.3842 47.222 49.5828 53.6797 48.7202 47.1189 45.8181 48.8542 48.9673 49.6327 46.8863
54.8944 48.6365 49.7957 51.1373 51.2686 49.0344 48.3023 52.0019 49.4358 51.1001 49.9101 53.4103 47.643 52.6847 47.6979 50.3738 49.5994 47.0684 49.2791 50.3786 50.8657 48.8212 49.5395 53.6745 53.0654 45.2107 48.1493 49.0684 50.3346 49.085 50.2234 46.9807 53.3506 48.6998 45.8681 49.3672 47.9217 46.6031 48.3797 47.7806 52.1403 50.5553 49.2892 50.8014 53.187 45.0493 50.1712 46.7069 45.0011 49.4529 53.4027 47.0934 49.5114 53.2467 51.5967 46.357 44.2871 48.9104 51.7968 50.2156 51.4182 53.8863 49.894 48.1718 49.2419 52.4114 52.3167 49.2916 47.7181 48.6191 53.8756 44.7001 52.8503 48.7049 46.2419 53.0619 49.5656 47.0629 50.1958 47.541 50.3285 47.3304 46.3501 46.6619 49.9249 49.7292 51.1628 52.309 52.2766 48.3968 48.736 49.9291 50.195 49.751 49.9107 49.5285 51.6779 49.0191 49.5663 49.8321 53.3488 48.7633 50.4584 48.1653 50.8739 55.3591 49.5505 52.3941 46.8365 53.3014 51.9451 50.2134 48.5474 49.7542 49.9548 51.7127 50.786 48.2068 50.0385 50.9963 49.9804 49.0458 51.8634 48.5985 48.5187 50.7496 50.7397 50.142 49.7104 52.0533 51.1472 48.6056 48.4424 47.2527 50.0414 52.9404 47.0222 53.2622 48.1991 51.6646 49.358 48.8801 49.014 53.3439 50.6227 50.9018 49.2035 47.9358 49.6032 52.4996 51.772 50.1033 51.9987 49.6261 49.6269 51.4835 59.149 48.5826 50.0788 49.1471 45.4828 47.3949 50.3489 50.4046 50.4861 51.6108 50.6021 49.1884 52.186 50.374 50.2945 48.7942 47.9929 49.7189 50.1952 48.1436 50.403 45.3817 45.484 48.9102 51.5403 48.5999 46.7922 50.9117 48.7828 52.4188 52.8262 52.8866 47.4603 47.4968 49.7483 53.5229 54.562 49.338 46.7358 47.2759 50.4977 50.3692 50.0266 49.8605
54.1706 50.3153 47.8554 54.8099 53.4214 50.6803 48.711 50.7641 51.9304 51.2822 50.6514 54.8512 47.0335 52.0704 47.347 53.2715 50.5674 49.2933 49.7215 53.8152 49.3408 48.1387 48.9633 54.4369 50.5384 43.6105 45.9065 50.5434 51.6661 48.2953 49.32 51.4636 51.4748 51.4761 47.6941 51.481 46.908 48.9573 47.9873 49.2834 52.4945 49.2115 48.1236 51.7919 52.9354 44.3779 50.0087 48.5142 48.1155 49.8318 53.2632 47.3981 51.8692 51.4513 52.5764 46.2604 46.1352 50.965 51.9369 50.4738 51.0266 54.7551 50.4199 46.6733 50.5572 52.161 52.597 50.2527 50.4755 51.72 52.6751 47.623 53.5373 49.3952 46.0317 54.0058 50.3017 48.6709 52.1744 48.6903 52.3499 47.5648 49.5669 45.7841 49.8532 50.7466 52.5529 55.2431 53.308 49.0861 49.0813 50.4762 50.5367 51.0456 50.5047 49.561 53.2804 51.9699 49.3314 51.2353 53.3847 46.9696 52.6641 48.937 49.5434 55.8947 49.3762 55.3859 45.1755 50.6167 50.236 51.6375 51.2883 51.3567 50.8739 52.6911 54.5576 47.0126 51.9683 50.8134 49.2821 49.7509 54.2123 48.9433 46.2937 49.2526 49.9876 48.5658 51.7349 51.8395 50.0859 49.972 48.8778 50.0494 50.2899 50.8257 47.9401 53.8426 50.6547 48.1286 52.2931 53.2182 49.0722 52.287 50.5168 54.4109 47.8656 51.2516 48.7554 52.4953 53.1077 50.6053 50.8367 51.3064 48.2763 52.2915 57.4698 48.3216 51.8119 51.1444 46.237 45.9688 50.4273 50.6779 52.4201 51.6655 50.9268 49.9555 53.4229 47.2809 50.0784 50.2105 52.7085 50.7517 48.4568 46.8101 50.5758 45.547 47.1905 48.845 51.2097 47.0176 47.9171 48.876 50.238 50.9133 50.7788 55.7857 49.0436 46.7618 49.769 53.9721 54.2856 50.9633 46.1143 47.2024 51.8474 53.2796 50.7882 50.7146
59.1644 51.4332 53.3037 56.6168 55.3813 54.164 50.2429 51.6268 54.5367 54.2918 50.8824 57.0632 50.7801 54.677 51.6123 52.9472 53.2575 53.1059 52.1099 56.5506 49.7134 49.9993 51.212 58.2437 56.1936 49.1446 50.1108 50.9675 53.3984 50.5653 50.4766 53.9257 56.3188 54.0964 52.105 53.097 48.6197 49.6634 54.4527 51.2086 55.2781 51.1299 53.0805 55.2084 56.7506 46.8361 52.8676 50.8345 50.2641 51.0899 55.8985 48.0956 53.6581 54.775 54.6565 48.9036 49.772 52.907 53.4896 51.8456 56.2109 58.0426 51.1757 50.5604 52.4608 54.3857 52.7254 53.2102 51.8834 55.904 52.5662 49.7008 56.6939 53.8831 45.7976 57.467 53.6638 50.6835 52.572 53.3162 54.4211 52.9434 49.7266 48.3638 51.6373 55.552 55.6204 57.2431 56.8065 51.5582 51.6168 54.1115 53.6725 53.3354 51.7682 53.2925 57.1902 51.918 51.7017 53.305 55.692 50.5613 53.1473 49.8262 53.3781 56.6225 52.9696 55.779 46.95 53.7436 51.369 53.3428 53.374 52.0554 53.1831 56.2329 53.0457 49.2233 52.8577 52.3546 54.6097 52.637 56.8912 53.9357 48.5958 51.907 53.462 52.8932 54.0699 52.6535 51.2164 53.6758 52.0075 52.2384 53.949 55.1239 51.1379 54.8862 50.8495 52.9737 49.7404 52.5772 50.5382 53.2872 52.4049 54.9756 52.2619 51.2608 49.5757 55.3627 56.4709 50.823 53.9624 52.1484 53.0487 55.5216 61.4766 51.4548 56.4945 51.159 48.195 49.7422 51.6651 52.9121 54.6484 54.719 53.4165 52.7339 56.1739 51.9277 51.9666 51.929 53.7296 53.9513 53.7144 46.6608 53.2553 47.9211 47.2008 51.4367 53.4701 50.0457 51.216 53.4188 51.5867 54.7637 54.9819 55.8782 53.6224 49.735 52.8468 56.5126 54.6306 50.9259 46.6135 46.6144 53.825 57.845 52.8149 53.2476
55.9611 47.5284 49.4564 51.3822 50.4097 47.6724 45.8104 46.6558 49.1831 50.1413 48.3232 51.8302 44.6483 49.5797 47.4983 48.4896 48.5441 46.5489 47.1033 48.1553 46.7994 45.3675 44.0843 53.315 49.0992 40.9443 44.9165 45.1778 50.6078 44.7662 45.1523 46.6467 50.5703 47.6612 44.8784 48.2471 45.897 46.5406 48.2906 45.0633 50.6151 47.4103 46.7324 49.1144 50.7137 42.4797 47.8218 45.4769 45.5016 46.6786 50.9733 44.562 47.3639 48.8703 48.2821 44.04 45.5887 46.8469 48.9341 44.9488 50.0655 52.9994 44.5358 45.3858 47.2379 49.7393 50.0736 49.1725 48.9848 48.7806 48.4775 46.8198 52.0576 45.5515 44.6282 51.6298 46.9747 45.8572 49.0643 46.7812 49.4552 43.9262 44.8365 45.0172 47.0649 50.1076 49.1559 53.562 48.747 46.3386 46.1407 50.3824 47.659 46.9604 47.075 47.3499 49.5389 47.827 47.7697 47.1814 51.9118 43.5167 49.2434 46.7414 47.3428 52.2135 48.464 53.8458 40.1904 48.5281 47.7667 48.3881 46.7633 46.7085 49.0788 49.2398 47.4069 45.2142 50.0639 47.0417 49.2845 48.4656 51.2518 49.318 44.862 46.0509 47.1922 48.4149 48.4207 46.786 48.0007 47.6534 48.9504 46.7453 47.2498 52.2149 45.5561 50.279 47.1744 46.909 49.0162 47.2886 44.3996 49.2667 45.8793 52.0077 47.4062 43.6664 46.5099 49.2754 49.8466 48.5349 47.0759 49.6711 48.8084 50.5637 56.2307 46.0251 48.4152 46.1678 45.1336 44.277 48.1958 48.8769 50.3298 48.8931 47.7071 49.9313 48.377 42.4818 48.209 46.0492 48.3241 47.9286 46.4164 45.2918 48.1919 41.9628 43.5206 45.3597 45.6887 46.4229 46.0784 47.769 46.0105 47.1247 45.7225 50.0602 45.4853 44.0729 48.3939 51.7271 50.8115 45.5224 43.2299 42.819 48.7035 52.0836 48.2867 45.2101
58.4621 55.2617 55.3756 56.1141 56.7072 54.7246 53.4366 55.0726 53.5079 53.8043 54.1064 58.4009 50.1574 55.0537 52.4494 54.3294 53.1819 52.8131 53.0358 54.0253 54.6053 51.9454 52.6031 59.1348 54.159 51.0408 51.0799 52.4722 53.992 50.7921 51.0409 52.5437 57.9363 52.6664 51.8621 54.4792 50.3888 52.4137 55.1272 51.4278 56.2782 53.6907 51.5656 55.8252 57.7389 46.7959 55.7917 49.6846 48.7931 53.1411 58.4742 51.0519 54.1552 56.2776 53.8003 49.9025 49.9113 52.1576 55.0391 52.3734 56.018 58.6498 52.2207 52.2324 52.3104 56.5982 55.3149 53.9599 52.7914 53.514 55.7277 50.5555 57.4666 51.5232 50.6397 58.2485 51.8557 51.7833 55.8208 54.0114 53.8 50.3117 51.9135 50.7869 54.3369 55.7015 57.8328 61.7269 57.2228 51.3717 53.5647 55.8608 55.0919 51.4406 53.1181 52.6609 55.4045 54.4649 53.4945 54.3527 60.6419 50.4987 52.7894 51.3882 57.2583 60.6026 55.7842 57.7103 49.5323 58.0281 52.7058 54.2141 51.6504 53.3716 54.9418 56.6676 55.2143 52.2446 56.8237 54.9021 51.9012 55.4204 55.2065 54.3316 53.0089 55.8751 55.2365 53.3248 54.1727 54.47 53.7285 51.7786 53.953 53.2336 54.6235 57.8666 50.6883 57.4308 50.4575 51.66 52.378 53.494 53.5715 55.7059 56.1189 59.2869 52.9973 50.1119 53.9796 57.1347 56.1374 52.8002 54.8923 53.9568 51.5761 55.6955 62.2219 51.7597 55.4738 50.9603 49.8339 51.2365 54.5923 53.9745 55.7872 55.8554 54.5601 56.3904 56.809 51.2249 53.1106 53.18 54.0424 54.1971 55.7132 49.5071 53.5781 49.0013 50.3926 54.1868 53.6434 54.3735 52.9947 56.1729 52.0889 55.5029 54.4812 58.7932 52.8832 50.4275 56.4846 59.538 58.43 54.3939 51.3674 51.865 56.8012 55.5726 55.0741 52.8346
61.7986 51.3039 53.4579 56.3393 55.4029 52.2303 54.2928 52.9522 52.0429 52.4487 53.4215 57.7994 50.114 55.7104 49.6762 55.6148 52.8096 51.8706 54.3001 55.6564 53.1396 50.0688 51.0718 55.4379 56.7566 48.163 50.4426 53.8767 55.2063 49.3049 52.182 55.1558 58.0153 55.9444 49.4367 53.4726 51.7983 51.4325 53.3135 53.385 55.1793 55.1125 49.4767 57.7066 54.7407 49.7525 51.84 51.0496 49.7711 49.8379 58.0685 50.091 54.7369 54.4116 55.7077 49.27 50.8469 52.3013 56.4059 51.8117 57.1121 56.4599 53.4789 49.0021 53.8648 56.204 55.4471 53.953 50.8881 54.445 56.4718 50.1559 56.9508 51.6681 47.9927 57.3471 53.1634 51.9343 53.6666 50.5581 53.0704 50.0464 49.3826 48.0279 53.2579 55.0442 56.3003 57.6608 56.4285 52.4116 53.1534 54.1751 55.1755 51.2885 54.8796 53.3131 53.2299 55.7423 54.3873 52.1903 58.9329 49.3428 53.7101 51.5294 54.0656 56.833 53.2295 57.173 49.2617 54.2777 53.3738 54.3464 54.814 52.5675 54.2475 58.3396 56.2074 53.3005 57.3208 53.3596 51.0242 52.9287 55.389 52.9506 51.0672 52.3632 55.7729 54.919 53.3704 55.0707 54.573 50.9805 52.7471 52.9855 54.6219 55.8788 49.5899 54.6577 50.5039 51.5704 51.0997 53.2121 52.3781 54.9649 53.6834 57.2264 52.081 48.2087 53.5433 56.8136 56.8841 54.9359 52.9124 56.7069 50.2497 54.2042 61.0143 53.6911 55.4693 53.6817 49.7217 52.1188 53.0921 52.7745 53.179 55.9737 55.471 56.0995 56.6402 49.337 53.9123 52.8023 54.7642 56.2693 53.7618 52.1804 53.9167 48.9196 51.8742 53.0109 52.3003 50.912 52.8672 55.2965 51.7133 56.0087 57.2 58.5785 52.5743 51.6025 55.2917 56.9477 57.3598 52.7799 52.09 49.1113 53.1857 53.7728 54.7265 52.0245
56.1982 48.6842 48.7617 51.7378 50.7056 47.0435 47.7584 49.1866 48.8855 52.2378 46.9939 54.7745 46.9399 50.3235 47.6653 50.7875 49.1671 47.0665 50.1389 52.341 48.9754 47.7705 45.7533 54.2422 52.8821 45.4679 46.5322 48.027 50.2793 49.524 46.3247 49.4497 52.3074 50.2273 47.8876 48.6662 48.3854 46.963 50.1611 49.4111 51.2669 48.1215 47.9425 53.298 53.833 44.2069 51.0044 45.1757 45.0622 47.8138 53.5396 44.6526 49.6166 50.0817 49.8682 47.4218 44.8767 47.8057 50.7235 48.2704 51.0451 53.4151 49.4159 48.6384 45.5961 51.4369 50.5943 49.1019 48.7809 51.0887 51.7467 46.9566 54.7009 47.1826 44.7125 53.5964 47.815 47.0378 50.5181 49.749 48.9804 48.3341 47.7832 45.8776 50.7363 50.6511 52.5018 54.3116 53.9255 47.3943 49.067 51.3147 49.3612 49.2263 50.5477 49.0814 51.1388 49.9782 47.3042 50.7492 55.1415 45.0038 50.8278 46.1414 50.0871 53.1917 48.2957 50.9726 44.5989 50.3044 49.8422 52.3742 49.3092 51.1436 50.5214 51.8954 49.0602 48.9138 49.6528 52.6249 49.62 48.2064 52.1032 47.8193 46.9575 48.4693 52.0127 49.0024 51.1062 52.157 50.3351 46.3917 49.3098 48.8166 48.399 50.8534 47.1418 50.6561 46.8738 49.0119 48.2852 47.9551 47.73 51.2652 50.1181 52.6821 47.6178 44.7732 47.2773 52.8483 54.4157 49.9564 49.9403 49.6263 50.0527 53.0716 57.1004 49.4168 51.6039 48.0515 44.2394 44.4734 47.8432 50.5161 50.027 53.5582 48.9827 50.6281 52.1563 48.6252 47.0865 49.1173 50.0938 50.6315 50.1736 45.5385 48.4793 44.1227 48.1159 49.0534 48.3707 50.7636 49.2541 49.5088 46.9853 50.9405 51.3851 51.2896 50.9101 48.4957 51.3464 52.5718 53.2332 48.9175 48.0892 46.5424 48.6894 52.7752 52.0985 45.6009
59.6055 51.7947 53.624 55.0004 53.4239 50.6429 53.1975 53.2371 54.2052 55.1305 52.7762 55.4066 47.2815 52.3675 53.0848 55.827 53.8578 50.8674 53.5806 55.9615 51.0363 50.8619 51.2003 59.5204 55.3574 47.4927 48.4729 52.3082 52.6664 49.7522 50.1105 51.1199 56.4866 54.5599 49.745 51.5234 50.9861 50.4011 52.8254 53.119 55.9005 50.7791 53.017 54.6708 56.8231 48.8734 52.1982 48.7839 50.1766 53.3052 54.7816 48.1026 52.6442 53.3576 54.7821 50.1354 46.6604 52.4554 53.1564 53.7883 53.8415 56.5289 52.3053 50.9902 51.7491 52.6084 52.9594 52.8015 55.363 53.1606 52.6121 48.6487 57.1198 51.7846 48.1219 56.664 52.3138 51.3984 54.5286 52.2135 54.1288 51.346 51.6729 49.231 52.1762 54.2766 55.423 57.1419 56.2902 52.2501 53.7466 53.2173 53.6756 53.5577 53.1235 50.9385 54.0263 53.1647 51.0575 52.3785 57.3812 50.6592 52.7817 52.8566 54.5884 53.9746 54.4047 56.4191 46.1612 52.6156 54.1495 55.7361 52.2154 53.3292 54.0683 56.4485 53.686 48.9499 53.9924 53.0744 51.0591 52.6166 55.5052 53.3023 51.8359 52.7929 53.0202 52.183 54.7154 53.6665 54.8725 53.9482 51.7191 51.1739 52.3768 53.0373 51.6115 54.051 50.7707 51.9712 51.4476 52.7916 48.2677 54.4403 51.5965 56.4612 51.3732 49.7345 53.2537 56.8172 56.3718 52.3946 54.6951 56.0093 53.5219 56.3949 60.6929 53.1816 53.4321 51.3046 48.0501 50.0196 52.8887 54.0943 53.6439 53.7594 51.7084 52.5617 58.5338 50.1755 51.5005 51.737 53.4237 55.6857 53.8151 47.2278 54.846 46.2469 49.2437 51.2548 52.8222 53.6403 52.5131 53.0857 52.8462 55.0677 55.2655 57.5961 50.4066 48.5443 53.376 57.0584 57.9088 51.9271 50.9845 50.0828 53.0333 53.6597 53.655 49.9906
56.2985 49.3772 48.0531 52.0437 50.5087 51.6855 49.0589 47.7611 49.305 49.8861 49.043 54.1796 44.9752 51.5646 46.6787 50.0302 48.0225 46.4089 47.979 52.4077 48.9321 47.3228 47.6617 52.336 53.1123 44.5858 47.1252 48.8352 52.1013 46.693 48.9257 47.596 51.9608 53.4278 46.4443 50.2017 48.1253 47.4503 49.3714 47.4341 53.4347 48.4416 48.6893 51.3994 52.6184 44.1203 49.5123 48.2165 44.0945 51.0022 54.7437 46.5626 48.5907 51.2857 49.438 47.3959 45.6899 48.6562 52.3023 46.6597 51.6464 53.7665 50.3203 48.6909 47.4629 53.0237 51.9759 50.5127 48.8999 47.5722 52.9605 45.614 52.4658 48.8778 44.3996 55.177 47.257 48.1505 50.2141 48.8589 51.5276 47.9226 48.9647 44.9346 49.9539 50.9256 53.07 54.0555 53.0082 47.8382 49.4969 51.7443 49.8818 49.543 46.6664 51.1648 52.4666 48.8508 48.0441 50.752 54.4367 46.4834 47.9813 47.0662 50.8257 55.7888 50.3937 52.3324 44.9409 47.7712 49.8914 49.9882 49.0032 49.8757 51.2667 52.606 50.733 48.6926 51.2675 50.6554 48.4366 47.3789 52.6109 49.5838 48.6279 49.0167 49.6839 48.9449 50.5161 50.6762 48.0483 47.3531 49.8107 48.4149 51.285 50.8644 46.7452 50.1746 46.6707 48.8801 51.3117 51.5388 47.3101 50.2034 50.4874 52.0191 48.2041 46.8264 47.4666 50.6689 53.1216 48.9674 49.2079 48.6533 48.6001 50.1351 55.4425 49.7813 51.3831 49.1696 46.8448 45.652 50.1598 51.0018 52.2672 51.3965 47.9704 50.6146 51.4997 46.9338 47.8322 49.5107 49.8713 50.569 48.9267 44.5367 51.0819 43.5792 49.8646 47.2302 51.6757 48.3796 47.4454 50.4533 49.018 50.0954 51.1695 55.5438 50.2974 47.5708 51.2691 51.7469 56.4289 48.9899 46.8319 47.2298 49.0321 52.3915 49.3525 49.8084
56.0939 48.7418 46.8895 53.3524 52.4815 48.4993 49.5138 48.5963 48.184 50.2557 48.9964 53.0171 47.327 50.426 46.0339 53.1239 50.9406 48.3502 49.7848 52.0107 50.0068 46.9839 48.0742 53.3049 51.519 45.8016 48.2719 45.9912 49.6103 46.3281 47.3397 49.5865 55.3194 50.9059 47.8333 51.2187 45.6897 47.7393 48.5798 49.4219 51.8766 47.3125 48.6708 50.0002 52.4829 45.0043 49.2329 48.3842 46.1049 47.8901 52.0135 46.4846 50.8773 51.5831 52.3803 45.7292 43.9877 50.169 51.6302 50.5932 52.4352 51.7219 49.2744 45.7829 49.6773 49.7642 49.6003 49.4884 46.2481 48.749 52.8357 46.0124 52.9102 47.1917 45.5936 52.4304 50.1089 47.398 50.8124 49.4988 49.5113 46.3842 46.739 45.2664 49.6137 50.5279 53.211 53.7063 52.9676 48.2303 49.6977 50.7436 50.7094 48.1236 48.9443 49.3447 51.8608 50.8388 50.4517 50.9513 54.3161 46.7574 49.9586 49.6947 49.6515 53.4031 50.2032 50.63 45.7104 50.3173 50.3629 53.046 49.481 49.3521 50.4562 54.094 48.2541 47.6088 50.4619 50.5097 50.5723 50.6292 51.4373 49.2887 45.3592 51.1978 49.8199 49.6398 49.65 51.571 49.8668 47.4917 49.5721 47.3445 51.3553 51.4491 47.4234 50.4924 45.1211 51.8111 50.6015 51.5095 47.1821 51.3496 49.3269 53.4239 47.9552 46.8389 47.1435 50.3036 50.1094 49.2865 49.0259 49.7015 48.5383 51.1283 54.6439 49.4195 50.7264 49.9133 47.1454 48.2451 49.9613 48.8545 50.673 49.6786 49.3439 48.533 54.2955 47.2729 49.0513 47.7812 48.3305 49.3589 48.7274 44.9581 51.8268 45.6179 46.3768 48.5886 48.5531 49.6414 49.1767 49.3555 49.8768 50.7685 51.4508 53.9869 49.0973 47.4424 49.2273 53.2519 54.5181 49.776 47.6744 45.6821 48.7758 49.0073 53.0734 49.4579
61.0429 50.9526 52.5053 55.2252 53.7589 53.4955 53.4952 52.9882 51.7431 52.9254 53.1894 55.402 47.7395 57.7679 48.5372 54.9307 51.6103 51.8972 51.5776 53.9593 52.1615 47.872 51.3129 57.7826 58.4668 45.6825 50.4427 52.0448 54.5234 51.1745 51.6609 52.829 55.9807 55.4285 49.0071 53.7013 51.2474 49.2034 52.8907 53.7632 54.8761 54.1829 52.6189 54.2843 57.7723 47.6002 54.3214 49.1451 47.2453 51.0786 56.4205 48.8801 54.9401 53.7079 56.2149 48.391 49.8534 52.8526 56.5127 52.7508 53.1066 57.0712 51.5198 51.1023 52.7796 55.3223 55.7446 52.17 51.333 51.7126 55.8723 48.4103 59.8355 52.4063 46.071 58.6234 51.8917 50.2578 54.873 52.1736 53.5783 51.511 48.8055 49.3568 51.4982 52.8801 56.2149 56.5869 57.8217 51.9584 52.6705 51.3856 53.7538 53.3462 53.5941 54.1525 54.5745 52.2959 51.3123 53.0234 56.7014 48.7742 52.3999 53.1969 55.6263 58.0996 53.6629 56.0793 46.2258 54.0904 55.141 54.2862 53.3713 51.7688 55.605 54.1197 54.1698 50.6083 52.98 55.5136 53.1888 53.3858 54.6591 52.3306 48.8009 51.0452 52.3495 53.1932 55.1026 53.6625 53.0856 51.2933 52.0327 50.8151 53.5919 54.6082 49.2542 52.4034 53.1117 51.8957 51.9 52.8642 49.671 55.6211 52.5009 56.0134 53.5576 49.147 51.6157 52.4203 52.7347 51.7149 53.037 51.8484 50.8765 52.4123 60.2362 51.5649 55.3642 52.0396 48.8217 50.9053 52.9965 53.3933 55.1219 53.7992 55.0411 52.6739 55.857 49.5129 52.7737 50.6204 52.6198 52.9066 51.9792 51.7683 54.4659 47.439 48.7632 51.015 51.2585 52.971 50.8851 55.2636 55.3009 55.6263 53.0253 56.4639 52.565 51.9819 52.3922 52.9856 59.4527 52.9493 50.8594 48.1688 51.3426 55.3392 53.2016 52.8168
57.3523 49.5014 49.3018 50.1071 52.1962 49.4404 50.1522 49.9342 50.7113 50.2852 48.6471 54.294 48.2624 52.306 48.315 53.0923 48.3079 49.6126 51.3638 51.8872 51.1321 46.764 48.3241 56.1058 53.4094 43.5511 46.707 49.39 53.8604 48.7621 47.2875 50.5909 53.7398 52.6142 45.6959 48.3626 49.1148 46.9874 48.7246 49.1561 52.6534 51.0998 47.8102 52.6419 52.3077 44.8026 50.3966 46.2575 46.5623 50.1384 53.5919 48.2964 49.8628 51.6314 52.4275 46.4762 44.2646 48.7459 53.851 48.7232 51.6188 54.6299 50.9355 47.823 49.2235 54.8329 52.4884 49.3523 50.1146 52.938 52.9666 46.5088 54.1126 49.2548 44.9724 54.9333 49.0216 46.0525 54.9302 50.1665 49.715 47.8619 48.1229 46.8746 51.7957 51.1283 50.9029 57.0256 51.61 50.6682 49.0461 51.4965 51.4568 49.817 50.2266 50.2401 50.4152 49.5666 48.3041 51.5979 53.6846 46.6788 51.9701 50.7775 52.1982 54.3125 50.375 53.6971 43.9967 51.8638 50.8718 53.0962 50.4747 49.1949 51.8433 54.3503 53.349 46.5976 52.2004 52.2939 49.307 47.8905 52.6642 49.9061 46.9465 48.6544 50.4721 52.4396 51.9613 51.2114 51.307 50.4198 48.0076 49.4395 50.1159 52.2696 46.6781 52.3465 48.7979 49.0406 49.3359 50.5062 48.425 51.4083 49.8267 53.6548 50.9285 48.5484 48.9739 51.94 51.4259 50.5132 50.7786 49.9765 48.7631 50.0062 58.0937 49.2448 53.2454 49.1069 48.5931 47.1701 50.8267 52.026 52.2434 51.7237 51.7219 51.5105 52.7195 47.5132 49.9313 49.1108 51.9945 50.0336 49.2706 47.4122 51.1194 44.7422 48.2928 49.1791 51.7904 46.9259 48.7099 51.8004 49.0857 53.7944 52.2343 53.6856 48.8799 47.4583 50.097 53.9046 55.5446 52.1432 48.3666 47.9787 47.2616 52.8125 49.9869 48.9982
52.9537 47.0251 46.237 51.1955 49.9509 46.9938 47.6969 47.139 46.2905 48.2054 47.0443 48.7446 44.266 47.6786 45.3928 48.856 45.7775 44.7278 47.6753 49.2037 47.9276 44.9353 47.3442 52.9522 47.6677 44.1239 42.123 47.1555 47.3667 45.7596 46.7605 47.9773 50.2345 48.2112 43.3239 47.6185 45.283 46.76 46.0568 46.356 50.8054 45.7152 46.1498 48.9403 49.7533 41.7257 47.495 44.4376 44.7022 46.4519 49.6644 43.7028 47.201 46.7306 48.0751 43.7963 45.1153 46.6635 49.7099 45.33 48.9661 52.2846 47.2427 44.3319 45.6549 48.8038 46.8109 46.4575 44.8249 48.0417 49.335 45.8414 52.0326 46.8063 43.2906 51.2062 45.6883 47.0482 50.0371 46.3211 47.3625 46.6888 46.2335 43.2679 46.8543 48.5987 49.3256 49.1742 53.4465 45.5782 47.1905 49.4207 47.1341 46.2831 45.8565 46.5425 49.0883 43.8809 46.6769 47.2442 51.7439 42.2995 47.5782 45.4465 47.5266 49.5458 47.896 47.9856 43.104 48.6498 47.9261 46.7377 48.2089 47.7155 47.9526 50.0626 49.9152 46.98 50.4109 49.4531 45.6781 48.2374 49.8547 47.4469 45.6747 48.2004 47.5639 49.1856 50.2283 47.3437 47.5205 45.736 46.9076 44.8855 48.7806 48.0236 47.5842 48.1187 47.6128 46.0676 45.5593 48.3529 45.4297 48.2421 47.306 49.2799 45.5595 42.463 46.4149 50.6663 51.0787 47.1113 48.6549 48.7458 47.6228 47.2728 54.7438 45.8319 48.984 46.4269 43.4179 45.3588 47.4883 47.5693 48.4518 49.0221 46.8695 47.485 50.0653 45.9206 45.4791 47.256 48.7415 47.7373 47.7128 44.7989 51.2332 41.5446 41.4624 46.011 48.133 45.7949 47.3117 45.7606 48.7518 48.5301 48.944 50.2552 49.2739 45.6141 47.9506 49.4295 50.9066 47.4302 43.7662 43.8078 47.0929 49.3603 47.9586 46.4639
56.707 48.212 48.519 53.1572 51.3257 49.8805 50.4294 51.0101 50.1133 49.7648 48.7516 52.5807 46.3855 49.5954 47.2483 48.886 49.5093 47.6157 49.8478 52.8246 49.131 45.3706 48.9617 54.6251 51.0852 46.3707 47.4655 50.2264 50.3789 46.3381 48.026 48.684 53.8561 50.5376 47.2406 49.9141 46.6088 46.8712 50.061 48.7605 52.9937 49.5637 49.0164 50.7563 53.4175 44.5152 50.5679 45.8077 45.6489 49.7921 51.2519 46.3014 49.261 51.5732 50.8918 48.2244 43.9483 50.3963 51.4002 49.4469 52.3598 51.1471 47.9346 47.2137 48.2023 51.8201 51.2933 50.7516 47.6597 48.7135 50.7328 46.6242 53.6651 46.5926 44.843 55.5606 47.5629 49.4932 51.7497 49.7985 51.386 44.8527 47.4513 45.8398 52.069 49.8516 53.4514 52.8865 51.0394 50.0216 48.2955 51.9115 51.6554 49.7048 48.9634 50.8898 52.0889 50.5381 48.2338 49.717 55.434 45.8283 50.3777 48.1199 49.1185 52.8891 52.2408 52.511 44.5984 50.6222 49.331 53.2204 48.9349 51.4813 50.6925 53.9255 51.0969 48.1099 49.9937 48.7818 48.9495 49.1107 52.8155 48.2669 46.2584 49.0303 48.9754 48.3569 49.9259 53.3282 53.3676 48.3426 49.5643 49.2967 50.732 52.4847 47.6385 53.7544 46.9812 51.2794 49.6389 49.8136 47.7179 48.2161 49.6508 52.9148 46.3944 46.1071 46.6959 50.9343 54.443 48.7746 50.6335 48.6702 48.4777 51.6855 56.9615 47.0302 51.6839 49.1378 45.3567 48.3258 47.8115 50.6138 51.8135 49.2874 50.6155 50.8799 52.1408 46.0832 48.4114 48.6898 51.1783 50.7215 50.1507 46.5509 49.5633 46.6208 45.2711 47.01 48.6143 48.9616 48.3766 49.5082 47.0452 53.5111 52.0871 51.3874 49.7295 49.4839 46.66 53.4543 55.4593 47.8686 47.6029 46.0798 50.4623 51.928 50.6719 49.7257
55.8755 51.058 51.9707 54.3925 52.4742 49.329 52.5097 51.8798 53.0599 53.6012 51.2807 56.3472 47.1333 51.4858 49.8611 53.1141 50.8917 47.8947 51.7601 54.8769 51.5282 49.4276 49.3784 54.9838 53.8745 46.9748 48.8059 48.5038 52.1672 50.2708 49.8899 50.3251 57.8444 51.5064 49.6681 49.577 47.5379 48.2635 53.4563 50.7216 54.5961 48.868 47.6744 54.1509 53.5701 43.8138 51.1941 49.4146 48.7722 51.1134 56.6749 46.9195 53.5268 53.1811 54.083 50.2124 47.3799 52.4582 54.9033 50.924 55.9479 56.5002 51.7628 48.9019 51.2797 55.1858 50.5111 51.7842 51.0429 52.987 51.8509 45.9512 53.3872 50.3259 46.229 55.6033 50.485 51.0001 52.4445 53.1819 53.4766 47.6877 49.6466 48.5888 51.2241 52.6317 54.6562 55.5852 56.4503 49.4408 51.4486 53.3546 51.335 50.7818 48.7277 51.461 55.0185 50.2723 51.0161 51.5737 56.7191 50.5003 52.1968 50.5749 52.0772 56.0017 51.9951 53.6494 46.063 52.3183 51.9885 54.5816 51.5996 52.9286 51.4633 55.1661 52.2879 48.7903 53.5116 51.1104 51.9191 52.6204 53.03 52.7654 50.1361 52.447 51.9945 49.8322 53.1508 49.9133 51.515 49.3907 51.2349 50.9337 50.7501 52.0715 49.8075 52.2727 49.3774 50.5248 51.1118 53.6302 50.1597 51.4371 52.2394 54.9884 50.2668 48.8458 50.2649 54.8091 54.5209 51.2858 51.836 51.35 49.3123 51.6759 58.227 49.805 53.0745 49.1806 48.4116 49.5765 51.2186 51.7984 52.1637 53.1863 50.6065 50.4272 55.9984 50.947 52.1325 50.9926 53.5261 52.8282 51.1539 44.2201 52.7011 47.7259 49.1987 51.0809 52.0778 51.9383 50.6114 53.0078 52.4668 50.3797 55.4985 54.9756 52.3393 48.8473 52.6721 56.6512 58.3707 50.8429 48.5648 50.1146 50.9309 54.8187 52.3348 51.0897
55.9213 48.7052 49.9777 51.2561 47.4312 49.4003 48.7378 50.5149 48.2975 49.1663 48.8551 52.8724 46.9353 50.0704 46.0869 50.6502 49.329 47.5965 47.7556 49.4037 48.0345 46.2804 45.9139 50.978 50.9901 44.8604 45.4192 48.2331 51.3426 46.7315 44.2911 45.791 50.0128 51.0006 45.2741 47.875 47.4025 45.621 48.9812 47.2935 48.6597 47.5627 48.0698 51.2099 51.8536 43.6764 47.9326 44.4347 46.1436 50.3349 51.9296 44.7319 49.0473 51.4301 49.831 47.3776 44.4335 46.1821 51.6893 48.7858 51.7495 52.4894 49.7656 46.6694 48.9179 51.5101 49.9829 47.5603 47.874 47.7338 51.2991 45.6624 50.4098 47.5215 43.7474 52.471 48.3917 47.8674 53.2521 48.124 49.2375 44.8414 44.8648 47.2331 51.5815 50.1233 53.0485 53.029 52.549 48.9767 46.2136 50.8608 53.4954 47.5778 48.8473 46.7164 51.131 48.4595 47.2156 49.5783 53.3752 46.0946 45.7525 45.7288 51.3286 50.8364 48.2055 51.6842 43.5877 49.796 48.8398 50.682 48.6654 49.2791 51.0487 51.1478 49.6525 44.5623 48.3907 49.3679 49.9334 47.6344 51.633 48.8344 47.7765 49.8349 51.7578 47.8338 50.211 52.3322 50.3069 48.3028 49.394 48.9833 48.6696 51.6154 46.5583 52.1009 47.0689 49.7524 46.9662 48.6438 48.4666 49.3639 49.8893 52.6149 47.9812 47.0452 47.2154 50.7084 50.5057 49.0566 51.2263 48.3514 49.2647 49.4846 58.1904 49.0881 51.4301 47.0664 44.7205 45.1066 48.8495 49.0429 52.7163 52.5335 48.3315 48.0686 50.9043 47.8293 44.1356 49.1796 48.8088 51.2121 49.131 45.8859 48.3969 45.0109 47.5647 48.2138 49.0082 48.2648 46.1007 47.1779 49.4105 51.616 51.0253 53.0945 48.1472 48.0123 47.7119 53.1727 52.0982 49.0619 46.2057 45.5198 48.3797 53.3207 48.9306 48.4248
54.8738 48.11 50.4448 51.0559 53.7114 48.7247 51.1264 50.3013 48.9575 51.8775 47.9751 53.675 47.5637 48.5447 46.9094 49.6546 49.8979 48.1464 48.7661 50.9459 47.8982 48.5541 47.4813 54.7778 52.9173 45.6594 45.3822 49.2296 52.786 45.1811 49.04 51.9672 53.9598 51.8162 46.4836 45.5786 45.3028 46.1458 47.822 49.2492 53.2275 48.462 49.2925 53.2957 51.9621 44.2875 49.0853 45.4965 45.9435 48.052 51.6841 45.7987 51.159 50.9088 51.753 46.5927 45.7594 49.8288 53.2282 51.6002 52.7133 52.4334 51.0536 48.2189 50.8969 51.8842 50.3072 49.31 47.4824 47.8712 50.9692 45.9946 53.0014 48.2831 44.2302 53.043 50.0867 49.4127 51.5509 48.0027 50.1759 47.4684 47.3951 46.342 51.5197 50.7514 51.8134 54.5263 52.9376 47.6465 49.4053 48.8983 49.9828 46.6988 49.4618 50.9646 52.6866 50.2747 48.2598 51.2957 53.8009 45.9409 51.9798 49.8882 51.285 51.7916 51.2618 54.2462 46.0122 50.3065 47.6524 51.3218 49.4628 50.7017 49.9336 56.1365 50.4461 47.6604 50.4069 49.9122 48.073 48.5021 49.6965 51.1925 43.8016 50.3094 50.0973 49.0169 49.147 49.7489 50.1597 48.5334 47.8291 49.8422 49.7434 50.6085 47.4207 50.9555 50.9223 48.3434 48.4631 49.4253 48.1186 49.4079 50.789 53.3086 48.898 46.4791 48.5545 52.113 53.273 47.5759 48.1055 49.1224 48.7849 49.3271 56.121 48.0979 50.4306 48.1746 47.1019 46.6604 48.8287 49.972 50.9738 51.631 50.1748 48.6929 53.5554 45.6507 51.7082 48.9999 50.6731 51.0711 51.4611 47.2855 52.4878 44.7563 46.3877 51.7433 49.6462 47.6419 48.6229 52.2808 47.3436 52.8647 52.2661 54.6792 50.0326 45.8995 49.0302 52.5631 54.6942 47.512 49.2039 45.6445 50.2889 52.154 51.9286 49.198
59.0866 52.3424 52.3164 56.9334 53.7923 53.7871 53.8942 51.8586 54.2564 55.696 52.1024 55.3681 49.509 54.5227 47.8436 55.881 52.9606 51.6824 51.7422 54.7993 53.6255 51.9651 49.9044 57.4751 56.94 48.5648 49.3478 52.05 52.9543 49.997 52.1099 52.4274 56.0413 53.1249 51.261 49.9079 50.4214 51.1404 52.5727 51.7164 55.9458 51.0743 51.3409 52.8612 56.5854 47.747 55.1044 48.7012 49.5592 51.2173 55.7737 47.9185 52.0624 56.2186 54.6416 49.729 48.8863 54.0336 56.6803 51.8786 53.1489 56.9906 52.2629 51.2877 53.8223 56.4224 54.7903 51.9151 49.954 53.6961 56.9206 47.6271 59.1379 51.6518 48.3033 57.1703 51.9441 49.9046 54.2194 50.0798 54.4232 49.6791 49.6339 48.1704 52.265 53.3091 55.5407 56.3571 56.9168 52.0178 50.7005 53.4295 55.0129 52.6842 54.8639 51.7102 57.3693 53.967 52.3293 54.5237 58.0894 49.7081 52.7064 49.2758 53.698 57.1238 54.2109 55.8578 46.49 53.75 55.3 54.1539 55.0139 54.172 55.01 56.6001 51.4694 48.9815 55.0562 53.266 51.2166 52.3149 55.9269 51.5185 50.5984 52.1583 54.21 50.247 55.1011 53.5859 54.3844 49.8545 53.7902 53.0386 52.2182 54.3731 50.9155 52.5655 51.8242 53.4268 53.8484 51.0878 52.2079 53.9894 53.5669 55.4735 49.886 51.4005 50.3678 55.6049 55.0945 54.4387 51.3697 52.9238 48.6386 54.4451 61.0888 51.9145 54.9761 51.9412 50.6905 49.8959 52.8808 54.5417 53.45 56.3318 54.6256 53.5955 55.5882 48.6082 51.6184 52.2569 52.4477 54.6505 52.589 48.7931 52.8668 47.9624 50.7524 51.5674 53.5977 51.8974 51.5108 52.5365 53.0237 54.3975 54.8161 56.1285 52.7534 49.9655 53.4567 55.9987 57.9963 53.7729 48.8987 47.7024 51.433 56.6403 52.7678 50.5839
56.6236 49.4598 49.0255 52.7975 50.5926 48.9968 51.7456 51.2556 50.3654 49.7616 50.1237 55.206 47.159 52.4976 45.7742 50.6862 49.7552 48.7686 50.8911 50.559 50.1351 47.6593 48.9048 53.2758 51.2055 44.0252 47.7272 49.2068 49.0668 47.3222 50.1327 49.7743 54.3348 52.06 46.9716 51.1649 48.5349 49.1789 51.7758 48.3711 52.3952 49.8096 47.3092 51.5572 55.9379 44.5552 51.1553 46.6196 46.0502 48.3615 52.8762 45.2198 52.3995 52.0211 49.7641 48.4732 45.1743 48.9556 52.0271 49.7237 53.0092 54.9507 50.4117 48.685 48.8987 53.4322 51.3241 51.1074 49.579 51.0312 52.6727 46.0626 53.3042 49.0586 45.6876 54.9137 49.353 49.5408 51.4616 49.138 50.3001 47.7474 48.3923 45.3571 49.9645 53.7011 53.1869 54.9932 52.2945 47.5417 47.8575 49.9454 52.2877 49.1982 48.9373 49.0286 51.731 50.2232 48.2685 51.0741 55.1246 45.905 49.8353 46.911 50.4564 54.4417 48.9598 53.5786 44.5364 52.236 50.0158 51.3609 49.4929 50.2591 49.0186 52.9678 51.2731 48.7075 54.6049 49.764 48.393 50.2398 52.616 49.2796 47.1826 48.3661 50.4095 49.0692 50.9629 50.7159 52.349 48.2662 51.9455 47.8271 51.8263 52.9494 48.2697 51.1644 48.5787 52.335 51.6862 49.8596 48.2425 51.9496 51.2816 52.3675 49.6757 46.8399 48.8726 52.5214 52.2315 49.0287 49.4925 50.9027 50.3003 50.3919 56.3815 50.2611 53.0699 49.9044 45.2642 46.8763 52.5331 51.9166 49.7492 50.9909 49.79 51.2086 51.4961 46.4448 49.9824 50.758 49.6172 51.4891 48.8911 46.921 51.8662 46.0322 47.5233 50.5133 50.178 48.3122 51.6648 51.0467 49.4269 51.6882 52.818 54.3243 50.1131 48.0324 50.5182 52.4732 55.8453 48.453 47.0952 49.4089 52.635 54.0772 50.0279 49.148
54.7219 49.2444 48.8458 51.6818 51.3169 48.2461 47.9888 50.0054 50.8667 52.5849 48.8816 53.2671 47.5016 51.2431 46.5922 52.0738 48.1718 49.1401 52.2284 51.2573 50.3704 47.5384 47.084 54.4374 50.8955 45.6088 46.7638 48.6226 51.5437 46.9999 46.1344 49.7093 52.7614 50.8882 45.4676 47.8252 46.8649 46.1611 48.7826 48.8916 52.8105 49.1953 47.2083 52.0887 52.809 46.066 51.0763 45.1415 48.0949 47.6805 52.2228 44.9767 49.7492 51.6759 50.3343 45.8215 43.9294 49.5915 52.3391 48.9816 47.9221 52.1151 50.7608 47.4181 48.4861 51.7795 51.6713 48.3858 48.8723 52.5222 51.0526 45.7977 52.6465 51.0355 46.2373 52.4601 47.7852 47.7159 51.5436 48.3108 51.7548 47.8641 48.0414 45.8109 50.811 49.2431 52.7855 56.3251 51.3785 50.0133 48.3555 49.1769 49.6347 48.777 51.7738 48.6984 53.0069 50.0414 49.6873 50.8635 53.2808 44.8436 51.9232 47.3923 48.8803 52.4011 50.0257 52.603 44.63 49.547 50.815 49.9276 51.5992 52.8108 50.7336 53.7491 51.6481 49.055 49.3775 50.3825 49.1619 49.7106 51.6344 48.6404 44.5251 50.3058 50.2826 50.6607 49.7516 48.8897 50.3712 47.0536 49.0075 48.2009 48.7501 49.5719 49.9364 50.2971 49.8062 45.6777 48.8898 49.8547 46.8967 50.9472 48.2476 52.5241 48.8763 48.0814 47.8057 52.6982 53.8083 49.8504 50.0573 50.494 47.9427 52.6963 56.3864 47.6825 50.5498 47.9798 48.1274 46.7115 50.5133 47.9981 51.241 50.3953 50.9402 50.2261 53.4626 47.9484 47.6554 49.8519 53.0183 50.8617 49.4831 44.7901 50.4407 46.5806 45.9394 48.7271 49.4557 48.1581 46.7449 50.5836 49.727 52.1409 49.3658 52.8406 47.8631 47.1831 48.599 53.1813 53.9525 50.4466 47.5768 46.3856 47.2695 51.2974 51.1668 48.3293
57.6233 51.0849 48.5984 52.5241 54.2197 49.8396 50.7017 50.1919 52.2377 51.4198 49.9988 57.9263 47.5846 53.7989 48.1597 52.0738 50.666 50.9598 53.4471 54.4586 49.9073 49.6285 49.3463 55.1371 55.5728 45.0762 49.2567 50.2039 50.9033 48.5389 51.0093 50.8533 55.7605 50.7654 49.2965 49.1276 49.5527 47.0389 50.2456 49.2485 51.8846 49.8248 49.9953 54.9334 53.8768 47.2053 51.7804 46.2176 48.4349 51.2161 54.8026 45.1023 52.9787 52.937 52.9994 48.9673 46.0007 48.9294 53.1325 50.0325 53.6993 53.2917 50.8049 46.5977 50.7756 54.2068 50.763 53.7965 50.5138 50.1379 54.8323 47.7214 55.0105 47.0381 45.063 55.3066 49.2318 48.0715 53.7432 50.9816 49.4928 49.4021 51.4371 46.184 51.4064 52.9723 54.1045 56.4884 53.6042 48.7714 50.4457 51.0607 53.3148 51.8295 50.2678 50.1623 54.0637 50.8196 49.5289 53.6133 54.2384 50.3122 52.3952 49.4471 51.3546 55.2179 52.5498 53.3126 45.0073 52.645 52.5573 54.1978 50.3444 52.1051 49.367 53.9029 52.3113 48.6941 51.9917 53.1041 50.052 51.3285 53.8513 51.2307 49.7841 50.7327 52.4928 49.9232 50.0889 50.7722 51.947 50.8366 50.59 51.8731 51.7745 52.8964 49.0296 53.4766 46.6354 51.7091 49.9394 51.4946 51.7084 53.4772 49.7448 54.8357 51.6419 48.8316 50.0305 54.3493 53.2281 51.0559 53.0226 51.2859 50.1304 53.401 57.3622 49.1562 53.0276 51.081 44.7868 48.013 51.3821 50.0505 49.984 53.8656 50.8947 50.561 55.0327 48.7701 52.7072 51.3284 51.8215 51.0187 51.024 47.5227 50.1209 45.0382 48.7226 49.989 52.936 49.879 50.9698 52.7016 48.9827 52.6047 52.9612 54.1983 50.8054 48.482 52.2233 54.499 55.9418 49.6537 46.3943 47.5828 50.7679 53.9048 52.3364 50.3156
56.9045 48.108 49.9073 53.3145 50.8428 49.2955 49.7509 48.9902 49.1868 49.2272 49.5577 52.3956 48.2968 53.0327 45.5128 53.7562 49.4421 45.1261 50.9615 52.3139 50.9375 46.3451 47.2172 56.6754 53.0901 46.481 46.8836 51.2798 52.0139 47.6632 46.2074 50.2562 55.034 50.708 46.3653 50.2731 47.0997 48.9018 49.8527 47.9047 50.9571 49.1925 50.1461 51.2805 51.937 45.7328 49.2135 48.6104 46.5533 48.9774 52.5534 45.8167 49.8676 49.1946 53.4746 46.1249 45.2833 49.716 50.472 51.3106 49.8426 53.8992 49.39 45.4606 47.7664 51.2829 51.2462 49.6005 50.2572 49.6859 52.7928 46.6877 55.3727 48.5706 44.2043 53.7113 50.081 48.9757 52.0419 49.7832 50.1369 47.1279 47.3992 46.625 49.5275 50.897 51.1923 53.0596 53.2675 46.4381 48.9804 49.2211 49.5625 47.5316 50.0428 50.8673 50.6454 48.8823 49.0667 49.669 53.4356 44.7406 51.7457 48.1074 52.1178 53.0425 48.5722 52.2161 45.4914 51.5348 50.6984 51.9944 50.3962 50.4587 51.2854 52.3714 50.1736 48.696 53.0677 50.476 49.0215 48.4681 52.9957 49.6256 47.1483 50.2054 50.0242 51.9817 50.3797 52.2655 50.3728 48.8704 48.875 47.3588 48.9407 52.2685 48.2663 50.9796 48.9828 48.0095 49.9406 50.3424 47.1146 51.6437 51.2221 52.4639 48.8467 45.5848 49.5971 51.1562 52.2434 46.6311 50.1511 50.94 48.7061 51.6294 56.7953 49.063 52.5007 46.2975 46.5672 47.6775 50.8238 50.7595 50.8397 51.6215 49.6357 51.5476 48.547 45.3125 49.3499 47.6578 49.4246 52.5448 51.5305 47.1642 52.82 43.4312 45.2785 48.7448 51.6591 49.1762 50.9906 51.6558 48.5947 50.1827 51.0654 53.0813 51.529 47.4026 49.7198 53.3708 55.3933 50.2804 47.893 47.1109 48.344 54.3994 50.1967 48.6137
59.3685 48.9752 48.6367 53.3644 52.962 51.2598 50.0824 47.7863 51.2358 50.9829 49.9937 54.1839 46.6123 51.5728 46.7155 51.3008 49.0397 48.408 51.5411 53.0403 51.2124 48.0462 46.4563 54.1631 51.7804 44.9731 49.547 48.0194 53.1835 46.6879 48.8771 49.6665 53.7525 52.2239 46.9528 49.2591 48.4003 49.5288 48.6837 49.7217 51.6714 51.2336 48.721 52.6059 51.5961 48.9821 50.5093 49.5038 48.1768 50.6486 54.3459 45.3519 51.2434 53.8481 50.6336 49.0007 46.0835 50.1998 55.268 50.1944 53.1905 53.9192 50.4077 46.7695 49.1283 54.5272 51.8123 50.9766 48.2995 50.9955 53.0336 47.9532 52.5944 48.9294 45.361 55.5065 50.1729 50.1688 51.0691 49.7451 52.7313 47.814 48.9585 47.7195 52.5654 50.8832 52.9436 54.0951 51.5736 49.9017 51.373 54.4807 53.799 50.723 49.5077 53.0977 52.7212 50.7983 52.6903 51.0917 55.0915 48.0673 50.0528 47.6055 49.8962 54.1763 51.2671 52.9856 43.7912 48.8042 49.7409 52.0353 51.3601 50.8454 51.1422 52.5008 54.7164 48.2365 53.9679 51.0057 49.4461 49.6383 55.637 50.193 45.7578 48.8613 51.1731 53.7456 50.4202 51.7981 52.0022 50.7307 50.0705 48.0418 49.8419 52.1718 49.4113 52.6013 49.214 51.0529 50.0066 50.5072 49.3988 50.3721 49.8412 55.2374 50.6753 47.8013 50.7827 52.3771 53.9861 50.8008 50.2887 49.549 49.5126 52.2663 57.303 50.974 53.6426 51.0514 48.6996 48.9747 51.0268 50.8289 49.2304 51.8424 49.6187 51.6831 53.4009 50.0007 51.5282 51.6265 50.7542 51.2531 50.1892 45.1548 52.7438 44.6091 49.9641 48.7633 51.8392 49.5371 47.8916 50.7666 49.8603 53.3326 52.4775 53.6435 51.0325 46.5205 49.4777 53.1174 54.8584 49.154 48.0255 46.851 49.8242 53.5561 52.1971 49.2171
52.4958 45.8832 45.4865 48.3784 49.2167 46.3847 47.7936 45.9274 48.2449 46.798 47.8499 48.2737 43.2889 50.6371 46.4457 49.8205 44.6358 46.4081 46.0296 49.6648 46.7077 44.9397 44.6403 51.2106 48.2604 42.9625 43.1943 45.2258 49.1778 42.9091 47.0931 47.5395 51.1476 47.2473 44.3931 45.2546 44.4636 45.4602 46.3267 46.8596 49.7719 46.7885 44.7695 49.1076 50.5752 39.9919 46.0554 46.1622 43.5666 45.7598 52.4446 42.6053 46.0615 47.6702 49.038 41.5628 43.2985 46.9577 48.2401 45.2737 48.4819 49.0846 46.7752 44.6848 46.2675 47.7391 50.7121 48.5199 49.0643 46.8845 49.6318 44.9083 50.475 45.8761 41.0454 51.8085 46.3315 45.4208 49.0061 44.6991 45.7161 47.9592 45.4279 45.4647 47.1501 46.1868 47.8929 52.6665 49.9558 46.3885 47.4454 45.0233 48.3585 46.9216 49.7315 47.3421 48.9223 46.3299 45.0271 46.0212 48.706 41.7987 46.8826 45.6325 49.1194 52.0886 46.8971 51.2888 42.8186 49.1115 48.4734 48.4189 45.9718 48.1456 48.6117 49.8592 48.6978 43.5294 48.0353 49.1917 46.3497 46.4203 49.6007 48.2084 44.376 46.8626 48.5475 47.0926 49.8525 48.4967 47.1112 49.1383 46.2441 47.7751 46.6453 51.791 43.6089 49.4515 46.5307 43.7136 46.776 47.1917 45.0043 49.4643 46.5535 48.9077 45.6007 45.0983 45.3593 48.2952 49.898 45.3688 47.4691 47.3049 45.3477 48.5799 56.2429 45.619 49.771 46.5375 44.5941 44.595 46.4593 47.555 46.7769 48.444 47.4822 47.9949 48.3127 46.0206 45.3952 47.4626 46.8856 46.9978 46.9717 43.1551 48.9097 44.6062 44.3361 45.4953 47.4855 42.3271 45.1039 48.2074 46.8645 49.887 48.4451 49.6061 46.9786 44.7781 49.856 52.12 49.5426 46.2429 43.9189 43.7995 47.223 49.0776 47.4161 47.0442
55.7255 48.9848 48.8754 53.6627 52.1612 51.3733 48.7159 51.0232 51.819 50.0514 49.1532 56.3648 47.6657 52.054 47.289 52.3157 48.8075 47.809 50.2863 52.9237 50.5174 45.5742 47.2189 51.7681 54.0209 46.5869 47.0375 48.5781 51.1858 47.8465 47.1317 50.5763 53.2148 52.4669 45.882 49.3408 48.6869 48.0706 50.1237 48.1234 51.1211 49.3838 46.9156 52.5576 54.034 43.752 51.1622 47.4805 43.7712 47.524 52.8977 45.7437 50.2505 50.9311 51.8089 45.5428 45.7072 48.3607 51.0955 46.7583 49.1509 54.4595 49.9005 46.4676 49.8076 52.3253 50.7036 50.4157 48.7422 51.3471 51.3072 47.0071 54.4725 46.8973 45.3235 55.1082 49.1626 50.5198 51.7933 49.4641 51.0485 47.0295 48.6583 47.4416 50.0952 52.291 52.8259 53.8548 52.5596 49.8559 48.8528 49.8151 49.1202 49.93 50.069 51.504 52.8806 49.3677 47.7389 49.8774 52.6459 47.3418 50.6783 46.8426 49.7756 56.4052 49.7912 51.3531 44.8569 52.2212 49.9929 50.2571 51.1657 49.9708 51.216 50.4354 50.3315 49.024 52.5272 51.2916 47.8628 48.0162 51.9043 50.0633 47.2387 51.0137 52.437 53.7658 51.6105 51.3871 50.3674 50.1438 49.4309 48.7592 51.9161 51.8458 47.6106 50.5185 49.0474 48.123 49.7321 49.4839 46.957 50.6611 49.1251 52.6479 48.329 47.1802 50.1873 52.7771 52.9623 50.8 49.177 52.0016 47.0059 52.9049 55.874 51.3589 53.1416 49.342 46.8624 47.2434 51.0606 50.0437 50.4036 52.425 49.6744 49.7369 51.8298 47.0964 49.1627 48.2834 52.0519 51.2759 50.2123 45.5785 49.1129 46.2587 47.8745 49.2506 49.2904 49.3852 47.6007 49.8394 48.3337 52.0645 50.398 53.348 50.287 47.6529 50.5429 52.1504 53.8811 50.3609 46.5254 44.6307 50.3695 53.8327 50.9919 48.3869
56.0144 48.8198 49.257 53.2902 54.1493 51.7857 50.6726 51.9153 49.9049 49.8066 51.28 54.591 47.8174 50.145 47.2232 51.9069 50.0955 48.4644 51.33 51.1513 51.7648 47.8345 50.7795 55.4505 51.6383 47.7448 47.4948 47.8961 51.2546 50.9338 49.4491 51.1429 53.2571 52.2982 49.0928 49.4144 48.3945 50.1705 49.8296 50.6059 54.4447 47.991 51.0487 53.1712 57.2377 44.652 53.8173 48.4922 48.2015 49.6472 56.241 47.8327 50.744 52.5482 54.586 47.9988 47.491 50.9115 53.1782 51.0046 51.1104 55.2826 50.1767 48.8823 50.3991 52.6852 52.0652 49.6537 49.2353 49.4449 51.3826 46.9124 56.6356 49.1219 45.56 56.9345 50.8769 49.311 55.1755 50.831 52.6899 51.5354 48.0186 47.5987 50.4278 50.4194 54.1219 55.0984 53.1982 50.7248 51.3288 49.8737 52.8704 50.5949 50.0646 50.3886 52.9143 50.5364 50.0643 51.1062 53.0773 46.5644 53.2865 48.4828 51.4358 56.984 50.8295 54.1014 47.1973 53.0579 51.14 53.3277 48.3349 52.121 53.1342 54.7266 52.4317 48.4975 50.6852 52.2478 49.2576 50.2095 53.23 51.0537 45.7862 52.7345 49.9953 52.1787 53.499 51.6535 50.3861 48.2024 52.3846 49.171 51.4745 52.2837 51.0112 51.8075 49.2473 50.4948 51.9277 50.9441 48.7833 54.3537 51.6585 55.1044 50.239 48.8903 49.4579 53.5559 53.3318 50.53 49.4473 49.4787 48.7976 51.3383 57.1626 48.3775 54.1757 49.8716 47.3186 48.8871 53.3475 47.3537 52.0529 51.6064 50.4452 51.9172 54.7096 48.9536 51.5945 50.7365 49.6071 53.9071 50.327 46.6873 53.33 46.3758 47.7967 51.5694 49.9315 50.2791 48.6318 52.4959 50.6351 53.4863 51.9328 54.5801 50.6844 49.9915 50.2523 54.4594 55.5489 52.4518 47.6383 46.7499 50.655 54.8095 52.6044 52.4673
57.6491 50.2044 50.1764 52.9412 52.7977 49.6585 49.8049 51.2561 48.3893 52.2058 47.8727 53.4871 47.2895 50.1177 48.2537 52.636 49.7194 47.8242 51.5186 52.5721 49.3848 50.0204 48.8798 54.3689 51.9446 43.4173 47.7151 50.3133 52.19 47.2129 47.0544 48.4639 53.0785 51.8566 47.6218 50.2699 47.7576 46.123 48.9516 49.8607 54.0643 50.389 50.2437 51.1714 51.4965 45.2926 51.4392 45.8489 49.0979 49.3275 51.9637 47.3374 49.8247 53.168 51.83 46.1085 45.5101 50.9012 51.174 49.5279 54.4522 55.4883 50.243 49.3817 50.6348 55.3115 50.7581 50.2138 49.9748 49.7693 52.7194 46.7512 55.9417 47.5125 46.6928 54.4581 49.2065 48.4689 53.466 50.3131 50.5975 47.964 47.5914 47.2741 51.2199 54.5905 51.5181 54.1451 55.5707 47.958 49.1308 50.6155 53.8921 47.6058 48.5815 49.1428 51.4062 50.4068 49.5078 51.3434 56.5734 45.7552 50.6514 49.8231 49.4788 53.1157 51.4525 53.752 43.358 48.8537 49.3801 52.674 48.9698 48.5902 50.6267 55.8737 50.0872 48.5556 52.2751 51.1043 50.7149 50.9256 53.5144 49.4276 47.3202 50.762 50.0154 49.7033 50.3456 51.24 48.8866 48.385 50.6195 51.1685 51.866 52.9145 46.4248 55.6265 45.7717 50.4826 50.6943 52.0975 47.7094 52.2901 49.7132 54.2157 50.1588 48.4525 48.2495 53.9303 52.3348 48.5886 49.7541 52.8695 49.5918 50.483 58.547 49.6318 51.2876 49.4734 48.7985 48.9486 51.9539 48.4073 52.0943 52.8674 50.0627 49.4508 53.5058 46.0031 51.4235 48.876 50.3911 50.3254 49.5796 47.3957 51.912 45.3957 47.6974 50.147 51.8493 50.9304 48.2231 49.7981 49.0608 51.33 50.7531 54.0573 48.6704 46.5171 50.4871 53.6751 54.1086 51.1038 47.4304 46.9936 51.4663 52.1136 50.5419 49.4425
55.9325 47.4708 50.1285 54.7007 53.1897 51.3234 49.8656 50.7918 50.8921 53.273 49.6327 54.8467 47.2297 52.8185 47.1992 53.0364 51.3076 50.2745 50.529 54.3997 49.5348 47.9955 48.9756 55.0212 53.6012 44.3727 47.197 52.7191 51.9115 47.5692 48.5197 49.295 55.4368 51.7078 45.774 50.9849 47.439 47.5175 48.7437 49.8398 53.7286 50.086 49.2212 54.103 52.8074 45.9683 50.5234 49.1874 49.3722 52.3705 53.994 46.4126 49.7823 51.9422 52.8872 47.8207 45.0727 51.2541 53.8797 48.9546 52.0674 57.7226 50.974 49.1996 52.9889 54.2554 52.3644 52.3703 48.5993 50.8577 55.2339 47.2991 53.5115 49.9947 46.4751 54.5881 50.2672 49.7064 53.3538 50.1797 51.6053 48.525 47.2048 46.3818 50.911 53.8296 55.8409 55.0026 53.6789 48.1202 48.2153 48.9279 49.8282 49.1891 49.4027 49.5047 55.4873 50.2722 50.6056 54.0512 56.0789 45.1612 51.7536 48.0002 51.8198 54.8901 50.8795 54.771 42.2916 52.8947 51.6463 51.2883 51.9754 50.7577 50.7921 54.0621 53.527 50.1801 54.0036 51.2644 50.6705 50.1809 54.6735 50.5206 46.0885 51.7033 49.981 52.5632 50.215 49.9196 52.9486 50.0444 49.8281 51.8777 53.1875 55.2307 49.1052 51.7532 50.6688 51.6872 53.2435 51.6827 48.241 52.7617 50.4203 54.8194 51.1315 49.2112 50.5697 52.8715 53.288 49.9615 51.1222 52.0286 48.7709 52.2588 58.7125 47.887 54.0898 51.8474 47.3791 47.8929 52.8224 52.1574 52.4978 52.6636 52.0568 52.0819 51.7252 47.9219 53.261 49.0761 52.272 51.0347 49.4249 48.5668 51.2482 45.5374 47.826 51.8713 52.4094 50.7506 50.7511 51.3598 49.0182 53.2 51.9073 57.4829 48.2036 46.7741 51.3809 53.2357 56.4481 50.6637 48.2904 47.4805 53.6867 53.7131 52.5216 48.2539
57.1637 50.7829 50.0153 55.417 54.1479 52.3614 51.5345 52.0489 54.5485 52.0594 50.0312 57.1038 49.1989 54.3708 49.703 52.7005 51.445 51.2272 52.8131 56.067 49.3897 48.804 49.8884 56.4258 53.5632 48.108 48.62 50.1701 53.9508 50.4224 50.0761 52.7028 56.6667 52.3034 50.4113 51.612 49.5192 49.1156 51.8499 50.9961 54.0116 51.24 51.2785 53.8042 54.5579 46.9253 51.4384 51.3323 49.7023 51.5641 56.7216 49.5115 51.3475 53.6982 52.6059 51.3548 47.7777 50.7765 54.846 50.7844 54.9607 57.9376 50.3727 51.0087 52.9505 54.4923 55.7576 52.872 50.6922 54.17 55.9674 48.6074 54.1366 50.968 47.8315 56.5696 51.893 48.6025 54.4559 48.8242 53.6114 48.0588 48.4679 49.3733 52.7379 52.7669 54.7942 57.1482 54.7204 52.1308 50.5144 55.4231 52.4084 50.8715 51.9395 50.5766 52.9107 52.3205 52.499 53.0285 58.1266 50.4161 52.2745 48.6718 52.9094 58.2565 51.4512 55.4342 46.1683 54.5295 53.5449 52.9782 51.7379 52.7221 52.8411 55.0676 55.2066 49.748 53.4793 50.2566 53.2584 50.3699 55.4994 52.5328 48.5554 50.1034 52.4171 53.9696 53.6911 55.2253 51.3014 48.4868 50.4314 50.2773 52.189 53.954 47.9349 53.8068 52.3801 51.4444 53.1409 51.4652 49.8547 54.368 52.2816 55.1595 53.0354 49.0267 49.5373 54.2137 56.4573 52.3719 55.594 51.8008 51.2193 54.9824 60.9401 51.2408 54.6999 50.7833 48.3791 48.2106 49.1847 51.9042 53.2858 53.6187 52.6461 52.8489 55.7122 49.5454 53.2873 53.4315 55.5835 52.7977 51.7829 49.1989 53.9043 45.9726 48.9918 54.0945 50.9843 46.3052 51.1165 52.3659 52.5961 53.9305 53.2756 55.4448 49.6684 50.0319 50.1792 54.4911 55.6756 54.0113 48.3357 49.2564 54.4157 56.9376 52.6528 50.2746
54.2184 45.6289 45.8585 50.2785 49.8692 47.8584 49.2527 50.6987 49.5483 48.0911 47.3246 49.1451 44.4503 50.6772 45.4191 49.5155 48.681 46.2564 46.933 48.6408 46.8014 44.1684 47.034 51.5083 48.0702 43.2561 43.3927 46.0021 48.9479 46.9924 45.0262 47.806 52.3362 49.9917 44.5627 48.1743 47.6943 43.7166 46.6045 45.6618 51.5327 47.263 49.7745 49.4483 51.8092 41.6105 48.6789 46.0913 45.9205 46.3231 54.6004 44.1768 48.4263 50.6014 48.086 43.4306 45.5571 47.8823 48.849 48.323 47.2187 52.5898 47.2212 47.6165 47.4395 50.3609 49.0689 47.4733 47.6029 48.2071 49.256 44.1965 53.0612 48.5882 41.9464 50.2523 46.9921 48.3368 52.2943 48.7949 49.5159 45.7763 47.6777 43.6723 49.0794 49.0095 50.9256 51.695 50.8839 49.4716 46.5434 48.0453 48.0891 46.8196 46.5239 45.1903 47.2566 47.8107 47.6835 47.9908 52.2164 43.5449 48.4419 45.804 49.6134 50.546 48.7059 52.3131 41.6558 49.1447 48.2424 46.9376 48.8088 45.5645 47.3228 52.3063 49.4359 45.6926 47.8203 49.2718 49.78 49.0004 52.0116 47.5103 43.4196 47.694 48.3207 47.8052 47.6439 48.3265 48.2865 47.5132 49.8905 45.8559 49.2285 49.2292 46.2169 46.7227 44.4587 48.376 46.6954 47.5548 46.1901 50.3091 48.9101 52.5125 46.0865 46.939 49.694 51.1834 51.7471 47.0054 48.5847 47.5588 47.6726 47.0059 55.1665 45.9251 51.1416 48.8157 43.8728 43.9526 50.8145 46.071 46.1351 50.0506 49.7132 48.5193 50.9448 44.8138 48.4667 46.4671 49.5819 48.364 47.5024 44.9569 49.2229 45.4458 46.3712 46.7544 48.5197 44.4534 46.6189 48.6445 47.6891 51.1677 48.2253 51.6213 48.5677 44.5956 49.5528 51.8941 51.6147 46.5366 45.9502 42.9005 49.4465 51.5712 46.8552 48.5027
58.0572 53.9061 50.4512 55.11 52.0457 52.1659 53.0684 53.6412 50.616 55.5585 52.1646 56.8563 49.4847 52.3388 48.3194 53.3099 51.2784 49.0293 48.5199 53.1621 50.5206 49.1994 48.9446 55.8082 54.7255 48.3418 47.0736 50.4403 54.9122 51.9045 50.7181 52.8395 56.4392 55.2792 49.8761 50.2483 49.8103 48.0399 51.0887 50.4657 54.4919 49.9167 50.6741 55.8313 52.8025 48.1604 51.9559 47.5847 48.1488 51.9151 56.4403 49.6863 52.6126 54.9156 52.387 51.0554 49.6851 52.4908 55.3995 51.8617 52.3307 53.2357 51.0292 49.8706 51.8944 52.6456 52.7758 51.0596 52.4124 49.6981 55.2141 46.9544 57.0105 50.5165 45.1554 55.7093 49.8064 50.6133 54.6131 51.9349 52.1729 48.2115 48.6368 49.3055 53.8385 51.1143 53.5523 56.9945 54.3976 53.3173 50.9233 51.781 51.3996 50.2582 50.4629 53.06 53.6486 54.547 50.8364 51.8105 57.9187 46.164 52.3064 48.9421 52.0081 54.8996 52.9876 53.7986 46.9185 53.356 54.204 53.4134 49.6191 53.4023 53.123 57.2778 50.9463 49.7545 49.3415 52.8379 49.1367 50.3875 54.9702 52.8437 49.3808 53.3298 54.1332 50.5883 53.1504 53.0732 54.4391 50.3118 51.9936 50.02 51.2253 52.4365 50.4309 52.2491 48.99 52.8432 50.1565 54.0467 50.9931 51.2448 53.5516 55.8974 49.7501 48.904 51.2158 54.6659 56.0827 49.1415 50.4791 53.3171 51.0803 52.7256 58.57 51.4533 53.8648 50.7196 50.0367 51.0171 52.4986 52.6849 54.2033 54.8401 51.5066 54.2845 55.8658 48.8916 51.8046 52.08 53.7455 54.1576 53.596 48.6006 53.0764 47.4652 48.7121 50.453 51.7645 51.0436 49.895 52.7018 51.2576 54.4109 53.5121 57.1715 51.5321 47.7149 50.5361 56.0061 59.5246 50.9109 50.8111 46.9312 51.7076 54.3622 52.0234 52.6056
58.311 50.6416 51.3317 51.7735 51.9492 51.1516 48.3558 50.6729 49.9803 54.5949 49.4181 54.8857 47.4098 51.0246 47.9512 51.7703 51.3952 46.9526 47.7953 53.6763 48.2116 47.0905 48.0179 56.2298 53.1123 47.4772 46.7288 50.7349 53.0292 46.6925 50.3085 51.043 53.874 51.7783 49.6698 48.9959 48.3228 48.158 50.0024 50.7236 52.0382 46.8623 51.3006 53.3315 53.9321 46.1143 52.3853 46.6154 48.0396 49.5835 54.0847 47.8451 49.078 53.217 52.8069 47.6579 46.5159 50.1361 53.5068 49.8452 51.391 53.5634 48.8348 49.1803 51.3889 51.5953 54.4004 50.8567 48.1544 51.8897 51.3885 46.201 55.4383 50.1618 47.4682 54.5348 50.6487 48.8478 52.5519 50.7023 51.5181 48.768 51.5329 46.5392 50.6199 52.7495 54.4984 54.9464 51.4113 51.6103 48.4957 51.7137 52.6666 49.9862 50.5862 48.2581 53.4357 50.0751 50.5306 50.6967 54.8595 48.2537 52.7543 48.3906 49.9998 53.1031 51.8382 53.1418 44.8059 52.097 51.756 50.6022 50.8518 52.7821 51.8239 55.1507 50.9196 48.9218 51.8035 51.884 51.5083 50.0427 54.3263 51.531 47.6226 51.176 50.3041 51.9134 50.6301 50.5912 51.1627 50.0014 51.6796 51.8625 51.8864 51.8972 49.4267 53.1893 47.1239 53.5624 50.3047 50.6402 48.9941 51.148 50.1617 53.9704 49.3056 49.6744 47.8981 54.4115 55.8921 50.033 48.0543 51.308 48.2451 53.3565 58.0008 50.4127 51.2543 49.7038 46.771 47.2429 50.9589 51.5313 52.7695 52.748 50.8022 52.845 52.7827 49.1871 51.9214 48.9403 51.0191 50.9907 50.8553 46.7279 52.0222 44.303 46.997 49.229 50.6674 48.9973 49.1333 50.3824 51.6254 51.4354 48.6428 54.9812 51.5488 45.8969 50.9189 54.1093 52.5975 50.6771 47.9723 45.2062 50.1853 54.8985 53.1217 47.2664
55.9652 46.4251 49.2675 51.9309 50.3013 47.0405 46.0071 49.2889 49.0401 50.1804 47.3357 51.5463 45.8644 49.4611 44.72 50.1582 48.3658 45.1911 47.467 50.6653 47.4498 44.592 44.7759 51.7019 49.712 43.801 45.755 46.4507 52.0374 47.2438 46.5024 49.2518 49.7841 46.1774 45.5885 46.7713 47.2951 45.8303 46.5414 49.7668 48.1979 47.3135 47.3106 51.5309 52.0141 43.1278 48.9132 46.914 45.8789 45.6856 50.8947 43.0114 47.7328 49.9793 48.9331 45.5431 44.0386 48.1976 49.9411 47.7284 49.8075 50.7222 48.8496 45.9964 48.2108 47.9948 49.3617 46.1781 47.5438 48.982 48.7126 44.0748 53.7523 44.5606 43.7312 53.3192 49.1399 48.1817 51.8556 47.8096 47.4023 46.0934 46.7387 45.4275 47.1035 50.6459 50.7216 54.5135 49.1391 48.1555 48.7798 48.243 49.5946 46.4504 48.353 48.7853 50.2214 47.1052 47.1937 47.2079 50.8023 44.2532 50.755 47.0096 49.5093 49.8187 48.3769 51.1159 43.0256 46.8309 46.1432 50.3663 46.748 49.0658 47.8639 50.6686 49.5757 46.4463 49.1441 48.1125 44.9525 48.2562 50.2795 47.4504 44.6982 47.9975 48.9455 50.1494 47.6179 50.3388 50.4422 47.7418 47.9387 47.2794 47.6303 51.2843 45.6344 51.2971 45.7617 49.0748 48.5609 47.2534 45.9967 49.495 49.2357 52.8337 46.5002 45.3034 49.6825 52.1102 50.1994 49.5668 47.9151 48.444 47.7097 48.4519 54.1698 44.974 49.5598 45.0927 44.8525 45.1427 46.5984 47.91 48.4019 48.0197 51.8057 48.2239 51.4499 45.6443 50.6918 48.5723 48.23 49.4302 50.3309 45.3147 51.9354 42.2374 45.249 47.866 46.1631 46.8994 46.5717 46.0287 47.9753 48.9094 49.8695 48.5297 48.916 43.637 48.4265 51.4064 52.3462 48.3474 46.1441 43.5142 48.8823 51.9061 49.2168 47.8684
53.4846 46.9271 47.4873 48.8946 49.1074 46.5689 45.2361 47.3443 48.1131 47.8208 46.893 49.8832 43.3729 48.118 44.492 48.476 46.025 44.2025 46.6415 47.9478 47.2834 44.481 45.59 48.9577 48.2939 45.6505 45.0068 45.7261 48.044 46.4018 46.8613 47.848 50.6337 49.3164 46.0991 46.4372 46.6917 43.6857 47.0814 45.4929 48.705 45.9919 45.632 52.4769 49.1127 40.7198 46.6756 44.7908 44.5245 47.1176 52.1917 42.1856 48.7692 46.6983 46.5971 43.3823 44.1182 46.8442 48.8988 45.2631 48.3055 50.2692 47.0013 46.5316 45.4984 50.3113 48.0981 47.4303 46.578 45.6917 48.8817 42.7866 50.739 46.0377 39.066 52.1886 46.5981 44.3503 46.0596 47.009 47.6643 43.3405 45.1265 45.506 47.6629 48.7741 51.3499 52.4359 51.0423 45.6357 48.1287 46.5599 48.3724 46.0844 47.541 47.3346 48.147 46.8118 46.8148 45.5221 50.1628 43.8706 49.4965 44.6272 47.7669 49.4913 46.0505 49.9921 42.2569 46.1427 45.0098 48.9296 46.5408 48.8248 49.1699 51.1935 46.0994 45.6216 47.7319 48.5629 46.2439 47.6352 47.3576 45.3169 45.7257 48.4698 48.5311 46.7614 47.7985 49.1093 47.5669 43.7195 47.6736 46.5202 45.3198 47.4903 45.2385 47.2493 45.3754 46.3255 43.3025 46.8542 44.6745 49.1571 48.2784 50.4062 45.6307 43.572 47.8538 50.2444 51.0686 48.4683 45.9641 46.3315 44.0277 47.8841 53.1254 47.4289 48.8843 42.9801 43.5407 42.9358 46.5148 47.6145 46.667 48.3131 48.3226 47.9016 49.1334 44.6316 44.3015 47.5963 47.1302 51.1627 48.3045 44.1208 48.997 42.3162 44.0644 45.8612 47.3111 48.6102 46.4941 49.4228 46.7327 47.3958 50.3502 49.3025 46.9289 44.1677 48.3406 49.984 50.7244 47.1526 44.1976 42.9176 46.8987 48.2206 46.185 46.0101
50.7012 45.0954 47.1622 50.8423 47.3246 46.2881 47.6119 47.4877 46.6041 47.7349 46.5236 48.5369 42.9651 48.5781 45.6825 48.9123 45.9201 44.2541 46.8365 47.646 44.6178 43.8629 45.9498 51.1577 48.291 45.0741 42.7913 44.5984 47.9807 43.519 45.3828 45.8534 51.3951 45.8265 45.2617 44.6881 44.6849 49.3922 47.1232 45.7311 49.7099 44.5763 46.5765 48.7003 50.4857 41.2083 48.0006 46.0072 42.724 47.4969 49.8655 44.3859 45.8845 45.6607 47.784 45.297 45.6177 46.068 49.4588 44.2551 50.863 50.4556 45.9449 46.3028 47.0267 48.1522 47.8187 45.4503 46.7235 46.2669 47.3828 42.5806 49.2788 46.9697 43.2654 52.6409 47.2409 45.6242 47.7465 47.3997 50.1553 44.9625 44.1776 43.3785 45.6467 48.5211 49.2258 51.4671 50.8669 47.2065 47.0872 47.8049 46.1356 45.9674 46.3996 47.1798 49.0845 46.2953 47.3078 45.9212 49.3306 44.36 47.1327 45.0885 48.9279 49.3758 48.828 49.8027 42.2624 49.643 47.1583 48.8964 46.9266 46.9005 48.3162 48.4013 47.7444 44.6686 49.1224 49.6516 46.1516 45.4061 48.5457 45.9952 44.6112 47.3551 48.5862 47.9211 48.4821 45.0867 44.8557 45.9799 47.0969 45.2092 47.7065 48.7846 46.5353 47.515 45.3402 45.022 45.9984 44.2279 43.028 47.5308 47.8525 49.1052 44.8979 42.2561 44.4246 50.7949 51.4762 47.1825 46.937 45.5951 47.0349 47.8618 54.5774 45.2324 49.6519 43.433 43.4125 45.4303 46.819 45.5085 47.637 49.3421 47.6994 47.6601 49.6343 44.4692 45.0403 47.8024 47.4766 48.5298 46.9844 44.5304 48.6162 40.9624 43.359 46.234 45.2608 47.0891 46.1551 50.1699 47.0673 47.4826 47.7614 51.0056 47.4483 45.8338 47.7476 50.195 50.9367 47.9214 44.6943 42.8973 46.6805 51.9283 49.4138 45.778
57.1784 49.0155 49.7556 52.4105 51.3804 49.6714 50.1191 47.9145 51.0738 50.2975 48.2515 50.9847 46.1657 51.0525 47.2344 52.3244 48.2585 48.062 50.9757 53.586 50.721 46.2066 48.2632 54.2545 51.1435 43.4355 46.6137 51.4572 50.4073 47.1873 48.0965 46.8717 52.6592 51.1472 48.5804 48.7995 47.1348 44.5861 48.1284 48.7279 54.5253 48.1724 48.5741 51.0952 52.3172 42.9691 51.856 47.0711 47.7913 50.3414 53.3912 44.7028 50.6714 52.0331 50.4903 45.8749 46.5909 48.1382 52.0175 51.1913 49.9747 53.8581 52.365 48.3552 50.2311 52.5104 52.0019 50.0936 48.2809 49.4219 51.568 45.1016 53.0955 50.4875 46.432 54.4656 47.294 48.8383 53.3475 51.0451 53.8487 47.8514 48.5768 46.371 49.8147 51.5453 51.7804 54.4997 51.7777 50.1195 50.3418 49.2969 49.7206 50.8011 47.7714 50.8094 50.8656 49.3588 49.0802 52.2219 54.9874 46.091 50.7796 49.1956 51.3698 53.0988 50.7374 52.2325 45.5094 50.7418 49.7151 51.0067 49.0326 50.745 51.1653 51.6233 52.1886 47.6161 51.0688 48.4188 48.041 50.7628 54.191 48.8504 48.2507 50.8174 48.8213 50.392 51.2612 50.4689 50.421 48.7855 49.8535 48.1512 50.0267 49.4814 49.499 51.6121 47.2758 49.758 50.7438 51.7721 47.7233 49.3146 50.1493 54.2189 48.4143 47.7878 49.8854 52.0405 53.9673 50.0188 51.2126 51.4649 47.6369 52.3454 56.6815 48.0679 51.4933 49.7711 45.4722 49.2072 53.3695 51.2107 52.2489 53.5063 51.4322 50.527 52.3568 48.7298 49.7965 49.0541 52.4994 51.9811 51.2284 45.9446 49.4607 46.4897 47.2752 49.3882 52.9464 49.1734 45.9795 51.2844 50.1837 51.3992 51.8686 53.9655 49.1256 45.8228 50.9168 52.9511 53.7749 49.8389 46.3508 45.6341 49.7546 53.755 51.0259 48.2085
56.48 47.1373 48.0262 51.6629 49.9397 49.5192 49.5014 51.3904 49.736 50.297 51.5009 53.5484 46.13 51.4389 47.4121 52.2385 48.8504 45.9612 51.329 50.7679 48.4977 45.6391 48.7083 54.0024 49.5931 46.1777 44.723 49.8672 52.9378 49.0502 48.6539 48.6141 53.8147 51.3595 45.4624 48.6539 48.742 46.6157 49.3834 47.4745 52.042 48.8338 48.808 51.7909 50.7671 45.2176 51.5726 46.9053 47.8987 49.1792 53.3296 46.644 50.4088 51.82 49.9969 45.6185 43.9234 48.2329 52.5028 48.7909 50.8642 54.1399 48.8691 47.8707 50.9266 52.9888 49.9163 49.0141 48.5205 51.3997 52.3294 45.4987 51.8535 49.4138 46.0881 53.5665 48.4719 50.7684 49.7121 50.0887 49.8357 47.0699 47.5343 46.5781 51.255 51.3317 52.328 53.483 50.9239 49.0915 48.3534 48.7101 50.1147 47.5888 49.5239 49.5321 50.1711 50.074 50.151 49.6133 52.5024 45.818 53.3083 49.6385 49.3858 50.5876 50.025 51.856 44.057 51.5606 49.6256 49.0114 49.3497 50.9864 50.6493 53.207 51.5355 49.8564 49.6694 50.8193 49.2962 50.937 53.1071 48.2138 45.814 48.4209 50.1353 49.9178 51.0214 49.8774 51.4861 47.2445 51.4218 47.1682 50.3378 50.5371 47.0563 50.757 49.9574 48.8763 48.5423 48.6465 44.8366 50.5879 51.4853 53.8757 47.9166 48.2398 49.8465 52.0737 54.957 49.0796 49.8461 51.2431 48.5551 49.2515 57.3567 49.3286 52.1455 47.6225 46.2402 47.6966 51.9427 49.5742 50.0357 49.9637 49.6111 48.8928 52.4341 46.896 50.1559 50.2479 49.7939 51.5345 51.1218 46.5654 52.0329 44.3427 45.3695 48.6231 47.9405 48.9853 47.7322 50.3834 50.9626 51.207 50.1752 52.4836 50.0237 47.1725 48.8437 53.0435 54.4017 50.5615 45.5038 47.4223 50.2173 53.7211 50.6695 48.8991
56.1467 48.9418 51.0652 53.2571 52.9068 49.6206 48.7286 51.5978 51.0689 51.8909 47.4213 54.7732 48.7683 52.2777 47.7604 53.0532 48.9069 48.8645 51.208 53.8788 49.8025 47.0777 49.594 56.0684 53.1507 43.813 45.8053 52.0906 53.272 47.756 49.515 50.4379 53.8728 52.3361 47.6691 49.4406 46.5745 46.8213 51.6282 49.9775 54.6843 50.7829 49.5037 52.1047 52.5709 45.4898 52.0113 48.6961 48.0793 49.2149 53.2556 45.8037 48.6701 50.925 50.4117 45.9909 44.6914 47.8401 53.1879 50.3376 50.2898 55.3656 51.1258 48.4198 49.6983 53.9734 51.6921 50.3202 47.7182 50.7137 52.5367 47.2307 54.4545 50.2322 45.996 54.9912 49.3663 47.8256 52.1494 47.6757 54.0252 47.3263 49.4462 46.6941 51.4817 53.378 52.5685 56.7687 54.3802 47.9698 48.9568 51.1211 50.796 48.5632 49.1691 47.5381 50.8638 49.1001 50.2017 51.5657 54.8996 47.0239 51.4904 48.0022 51.4476 52.6451 53.1583 54.6503 43.7826 50.3894 48.86 52.5973 52.4769 50.2266 51.0648 53.4506 51.0543 49.2328 51.5783 49.2918 47.2175 49.5666 52.6626 48.4674 47.8071 50.4282 49.7849 51.8379 49.5582 52.504 52.1948 50.5583 49.6177 50.4972 50.0388 51.1513 48.1497 53.3471 48.8834 49.5087 48.8595 50.9567 47.4786 50.3757 50.126 52.6001 49.892 48.6972 48.0974 55.3692 53.1258 50.8916 48.5315 51.6761 47.9644 50.0864 56.2845 48.8386 53.6733 48.0422 47.229 47.7726 49.7062 52.1197 50.2447 54.5025 51.4382 48.9049 51.6157 46.2316 49.5364 47.8184 50.2184 48.9326 51.0016 46.2441 52.3948 44.7663 49.4808 48.5158 52.5529 49.8161 47.6191 49.1327 50.8104 52.8423 51.7832 54.7996 50.2637 46.3834 50.6515 52.5965 52.4812 50.2598 46.2874 46.2865 50.5355 53.4402 50.3804 50.2413
56.0232 49.2715 48.9094 51.4899 52.0727 53.8631 48.5512 49.8886 49.857 50.3906 48.5816 50.8042 45.2693 51.675 47.0803 53.676 49.197 45.6235 50.0394 50.6929 48.3453 46.9484 48.8603 54.4679 52.9394 45.2985 45.8641 51.7545 51.0001 46.6915 49.4605 49.5265 53.8468 52.6391 46.7987 48.3825 48.9756 46.676 48.4795 47.6506 52.7454 47.7818 45.3426 50.8397 51.7073 43.9652 50.9395 48.3447 47.5084 48.9111 52.3582 45.6842 50.6691 53.0473 50.9332 44.2093 44.9447 51.2259 55.1561 48.6462 50.8829 52.5538 49.4903 46.3652 49.7105 52.5956 50.6578 51.4933 49.1147 50.2226 51.9883 42.9401 52.7627 47.6154 45.6132 52.0154 48.4609 47.4328 51.5838 47.4382 50.0399 44.5229 47.811 45.6534 49.2695 50.1908 52.7908 54.7111 53.4522 49.1094 49.5691 49.6676 52.5532 46.1407 48.8189 47.4931 51.9446 50.6797 50.5624 52.8876 54.1097 46.4448 48.9253 49.2338 50.6419 51.0612 51.2791 52.0618 45.7234 48.9888 51.5029 52.8325 49.1532 48.6923 51.0544 52.7015 51.767 46.9372 51.1477 48.18 47.4229 50.6931 53.023 49.4557 44.9788 50.2723 50.4137 51.7171 51.2482 50.8137 47.3123 48.9735 49.8648 49.1587 49.062 51.9915 48.0263 51.8497 49.0401 49.619 50.7911 50.7368 46.3234 50.321 48.8002 52.3457 51.1799 49.7149 46.8197 52.7158 54.5181 48.3447 47.64 49.0541 47.3334 50.1398 55.3404 50.0842 50.8695 47.8985 48.4585 49.2197 52.0288 49.9005 50.0239 49.8489 50.8373 49.7179 52.481 45.9889 49.4465 48.4865 51.9921 50.5755 48.7944 46.1562 51.8008 44.5934 46.0381 47.662 49.7955 49.3936 47.9095 49.1516 50.75 51.5307 48.3466 53.3308 49.4182 46.4778 50.8237 51.925 53.6102 50.898 46.4241 47.2832 48.8487 53.1982 50.5423 48.9663
58.0833 51.2004 52.7299 53.4082 52.4215 49.8113 49.0681 51.3686 49.7853 49.5656 52.6138 54.9069 48.0785 53.5003 50.1452 54.3561 48.8755 49.6419 51.6998 53.8712 49.3934 48.3167 47.9327 56.0809 52.2493 45.3069 48.3408 49.989 51.995 49.5882 49.0114 49.3176 54.1585 51.7227 47.4442 50.9318 47.3077 48.1189 51.0793 49.9492 54.5648 49.8195 49.3849 52.9777 52.6192 44.0521 53.9196 46.0633 49.0329 50.9599 55.4226 49.1976 52.5556 52.1381 52.1506 48.341 45.7148 51.1625 54.2161 50.8177 51.5302 54.6671 50.2575 49.0652 51.3436 52.819 51.686 51.2579 49.1042 51.4751 54.323 47.3942 55.6728 49.4415 48.3147 55.1272 49.0346 49.8136 52.0481 51.164 51.1365 48.9711 48.2998 47.1704 52.1344 52.3827 52.9884 55.9922 53.3731 49.3698 50.6397 51.2534 51.1318 51.2152 51.4616 51.8874 53.5319 50.2995 50.3466 52.0908 57.0014 46.7889 52.5549 49.1505 49.0378 53.8442 51.5505 53.9078 45.7828 54.2538 51.9716 53.1705 51.8383 50.0336 49.9755 54.1295 52.2973 52.224 52.4195 51.4139 48.8393 52.8258 54.3308 48.9041 48.1236 52.0855 51.1131 50.8746 50.7227 52.6877 53.2875 50.1582 50.3086 48.3322 51.4049 54.1167 47.4423 52.4708 48.5321 50.0721 50.6071 50.6751 49.1711 51.7424 52.0811 56.1633 48.88 49.4251 51.4269 54.091 52.1926 51.0823 50.8451 49.8159 48.385 52.9065 58.8791 50.8294 53.2509 50.1532 49.7481 47.8568 52.015 50.7737 50.8579 51.9055 51.3787 52.2928 54.7851 49.8649 51.5371 50.5124 52.746 51.1096 51.424 48.0955 51.1819 46.9435 48.2095 49.9401 50.4723 49.4045 48.3346 51.0712 52.1241 53.2432 51.8402 54.3705 49.3602 48.319 51.3933 55.7441 53.9057 49.9209 47.6513 47.7245 49.8935 54.2092 50.0922 48.6309
58.5898 45.663 48.0909 51.5257 50.421 48.9544 47.5244 46.6916 47.5527 50.1669 48.8228 51.5937 46.9435 50.3409 48.6666 49.7622 49.1649 46.6141 48.6002 51.7486 45.6432 46.964 45.6028 53.4245 51.2139 41.7126 43.8211 48.4 53.5721 47.7043 47.9595 48.2987 49.8631 50.7349 43.8989 46.6106 47.7303 44.8929 50.3368 48.6999 50.5497 47.5547 48.0351 52.9714 52.0631 44.4107 48.9393 46.42 45.8056 48.5299 51.5344 46.7544 47.6342 51.0257 50.4044 45.9368 44.5148 49.012 52.8438 46.4287 51.5463 52.1859 46.9926 46.0315 47.7924 53.4989 50.5821 50.5513 46.4375 50.1504 48.7104 47.8113 52.0223 47.7502 44.5427 51.7802 47.327 46.7866 52.0324 48.808 48.8146 46.9232 49.2632 46.2196 51.5791 51.8198 53.7717 53.8991 48.9551 47.6686 46.9755 46.8292 50.952 47.572 48.4412 48.1379 52.1466 48.6263 48.313 50.682 53.7953 45.3598 49.4907 46.6425 52.4843 53.4404 49.8016 50.5819 43.0596 48.6784 47.876 51.8327 48.0314 47.2575 52.4281 53.4329 50.4554 48.5562 50.2242 48.3617 46.6357 49.296 50.6081 47.0433 44.2305 48.4546 49.1506 51.6208 52.3923 48.6458 48.1654 51.1107 46.9601 48.7183 50.0277 49.9498 43.5537 50.9713 44.8708 48.2686 49.521 48.496 47.7135 50.7344 49.771 51.4491 46.3938 48.261 48.0068 51.0679 52.3973 47.9308 46.0859 48.5019 47.4497 50.273 55.8314 46.6605 51.251 49.7878 49.5894 47.8816 49.8634 47.785 49.9057 49.906 47.6794 49.8925 50.0024 45.8281 48.7196 48.0405 50.2443 50.4317 50.8568 46.5452 48.3495 43.6706 49.0268 47.6652 49.7785 46.7476 47.126 48.7605 47.2112 48.6582 50.2065 53.2362 50.1456 47.4412 50.1014 50.2469 53.5381 51.4669 44.1299 43.1582 47.8938 51.399 50.9145 48.081
57.436 49.7202 51.5831 54.3426 52.5723 51.3486 50.2896 53.5296 53.0334 50.7111 48.9326 51.9167 47.943 52.3604 48.4764 52.4376 50.2019 47.1066 49.4597 53.2631 51.0454 47.081 48.241 54.9906 52.0802 47.1805 46.9857 49.5952 52.129 49.3768 48.9755 51.0703 55.0049 52.0183 48.6143 51.1879 48.2102 47.6707 51.202 50.2802 55.0737 50.9605 49.7573 52.609 54.4513 44.4351 54.9369 47.4737 47.2953 52.0782 54.7444 48.6845 51.2047 53.7606 51.1914 47.3041 46.5713 52.0213 53.3453 50.4033 52.6438 54.1377 50.7362 51.7152 50.0917 53.1145 53.4165 50.2884 49.8537 51.1221 51.3191 45.2183 54.6339 48.3457 45.7352 54.631 50.943 49.2151 51.8081 51.188 51.0014 51.3506 49.3337 47.9203 51.2309 52.7427 52.2171 55.1941 53.5727 49.7178 48.1171 50.6166 50.6646 47.9833 51.9211 49.0383 51.8846 50.7967 49.3149 49.6444 55.8858 47.5059 53.886 50.4278 54.2264 53.9924 53.7806 54.8791 44.5875 52.1559 50.4385 50.6349 49.607 48.5944 51.5095 55.4682 53.6291 48.4829 51.7846 48.7119 48.9574 51.1452 52.2913 48.3451 47.2699 49.172 51.826 53.4053 53.3515 53.6958 51.616 50.3413 51.9308 51.5082 51.9127 53.145 47.6767 53.4496 48.8291 51.1432 52.0378 49.2956 48.5411 52.4983 52.6923 54.9854 50.8677 46.7252 49.8994 54.1402 55.1025 50.1412 49.2103 51.5507 49.7758 50.1412 56.9451 51.4437 51.7263 48.7189 48.7536 46.7498 49.2519 52.0242 52.7085 49.8981 52.4087 51.3656 53.2518 47.8206 49.3908 49.6642 52.6616 49.6765 50.0444 47.7625 51.4811 47.5112 48.5973 48.2552 48.7395 49.544 49.0793 49.4662 48.8798 53.7566 52.4597 53.3966 49.5881 48.974 51.4451 54.9961 52.674 49.458 48.2397 46.3067 48.7274 54.3275 52.1869 51.1522
61.6873 53.3253 53.2586 56.9527 58.5404 53.8842 54.4783 54.2005 54.0801 54.5746 53.6789 57.3963 50.8504 57.5187 49.0955 57.0571 53.5674 51.6551 53.6526 56.4405 53.4162 52.0519 55.0458 58.2978 57.731 48.0423 49.1571 54.4831 56.7453 51.5866 51.6493 54.1166 57.9285 55.9238 51.3347 55.6849 52.975 52.2487 53.3692 54.0439 56.2954 56.2963 53.1742 54.8236 58.4774 49.2739 56.7749 51.1668 49.7122 54.8198 57.9248 49.1243 55.3782 54.7087 54.6143 47.8114 46.8926 53.9669 57.3542 54.3012 54.22 58.7894 54.0117 52.3762 53.8307 58.6432 54.5435 55.0933 52.6504 55.1444 56.8691 51.1223 58.9564 51.5179 48.9251 58.4192 53.43 51.4578 57.412 52.9465 54.2348 52.2197 53.1645 50.9774 54.0798 56.0731 58.1506 58.5333 58.2908 52.7263 52.08 56.6105 57.5962 52.5859 54.1823 51.7717 54.7234 53.0259 53.4883 54.2446 62.1387 50.0991 56.2636 53.9433 55.9201 59.93 56.8538 57.4886 49.6488 56.5537 55.5725 56.597 54.467 54.2135 56.2297 58.0173 55.7855 53.8372 55.8584 56.49 53.1162 55.0321 59.3311 53.2843 52.3543 53.7941 53.9998 56.8206 56.3861 55.1118 54.1408 54.6997 54.1528 53.4606 54.5401 57.5421 50.4564 57.0811 50.6698 52.4327 54.6125 54.8667 52.0563 56.5364 55.2657 58.2436 52.0724 51.71 52.7159 57.4262 58.889 52.4933 53.0198 54.6391 52.4039 56.0163 62.4164 52.4128 57.9212 55.2864 50.3248 51.1209 57.5663 54.3077 53.6506 58.3433 53.6192 53.534 56.7439 52.1784 54.9841 53.8142 54.8931 55.6868 54.251 53.151 54.5809 49.7962 50.2896 52.7503 56.1881 53.5139 52.3045 54.2963 54.2994 56.753 56.1497 57.1523 53.6492 52.5676 53.2261 56.266 58.7897 55.1621 49.1438 48.3206 55.7524 57.6651 54.89 52.4067
53.3023 46.7019 45.8619 50.086 50.2618 45.6507 47.0895 46.7314 49.0288 48.1125 46.2875 51.1946 43.3905 47.0305 44.8234 49.1803 47.9989 44.8485 48.72 49.0705 48.4215 45.4855 47.1721 50.3283 47.8719 43.1328 42.8953 45.6863 48.08 44.9652 46.0288 45.7323 50.7418 51.0606 45.5128 47.2029 44.8957 42.4409 47.2313 45.5578 49.9671 46.8362 48.8815 50.2548 51.8536 42.8791 48.3011 43.7045 44.3797 47.7369 48.3813 45.9084 47.4039 50.1228 47.177 43.7619 42.1965 47.9157 48.9137 48.6867 49.0934 51.2606 47.9257 47.5508 46.8117 50.2224 47.8695 49.0463 45.8741 50.0966 48.7923 44.0067 50.5368 46.943 41.7094 53.3589 46.5994 45.4089 49.2721 46.2621 47.6658 44.9604 47.1117 44.1364 47.8184 51.8887 49.2152 49.0085 51.6885 46.8759 47.7522 50.6369 47.0114 46.149 47.007 45.8066 47.9343 46.0795 47.7176 47.6074 53.1665 45.1918 47.2773 45.9062 47.4724 52.3474 47.4002 49.741 42.0969 49.5309 46.1567 49.7953 46.7688 46.9492 51.2203 50.7352 47.4628 46.0819 48.8359 47.8858 48.2963 49.7727 49.2275 46.2856 46.7111 47.7937 49.7116 47.9428 48.2106 49.9278 49.9612 46.8638 45.4722 45.2359 48.776 48.0821 45.9715 50.6557 44.204 46.536 45.1662 48.3279 44.9565 49.8042 47.6333 48.2385 45.6837 45.0607 47.5629 48.3174 50.217 46.7977 47.3651 48.2544 46.3449 47.6406 54.7503 46.8827 51.3547 46.2105 42.6599 45.4243 47.9912 48.2806 46.2452 49.2328 45.8285 46.5591 49.5569 44.0437 47.6189 49.103 46.9795 47.2616 50.4191 43.3651 45.7036 42.8261 46.8514 46.8145 49.1269 47.116 45.867 48.6281 44.9449 49.785 47.4619 53.2119 47.6661 43.7527 47.5313 49.4327 52.7974 47.937 45.1983 46.0279 48.5494 49.0537 48.6801 46.2108
53.6111 47.5124 47.3771 51.396 49.7698 49.2655 46.7056 51.1826 49.892 47.971 49.8504 52.0262 45.9408 49.2968 43.9044 49.4857 47.6843 47.9892 47.7914 49.4373 49.2352 48.7008 45.6303 51.1578 52.5814 43.7513 46.3498 47.7162 51.6257 47.7029 47.5415 47.3977 52.2865 51.8869 43.8287 46.855 48.921 45.3599 49.015 46.6189 50.4673 47.4854 45.8962 52.0941 52.4623 43.2738 48.1118 45.3206 46.1317 46.8166 53.5481 46.6119 48.2144 51.4036 49.3238 44.5017 42.9098 47.9118 51.6311 49.4259 48.0488 51.8512 48.1422 46.9061 47.3281 52.9008 51.2936 49.3087 47.9356 48.9994 52.2704 44.5468 49.8444 46.0715 42.2753 51.5148 47.7455 46.3994 50.4493 45.2481 47.9214 45.6147 47.4593 46.332 50.1811 48.9997 49.8314 53.532 50.5307 49.1517 47.5046 47.1035 48.511 45.1958 49.3899 48.6284 51.2511 49.6424 46.1701 48.8561 52.4005 45.123 49.0943 45.3397 48.9237 52.9792 48.183 52.7048 43.8962 50.0365 48.2921 48.3815 49.4126 48.9164 49.9831 52.7123 49.5129 45.9085 49.5006 49.0361 47.4019 48.2709 50.7816 48.1879 43.9776 47.7698 50.3756 47.2073 49.7401 49.7052 48.3607 47.5612 50.1349 48.7046 48.5694 50.4345 46.4038 50.6206 47.264 47.9725 47.0908 46.7107 48.1537 49.9135 48.8209 51.9401 47.6149 46.8595 46.1842 51.724 51.2935 49.332 47.9727 48.5015 47.5245 50.2508 54.3493 46.6722 50.7728 48.3721 45.4761 44.8907 48.3172 45.297 48.1873 50.1692 49.5696 47.6418 52.0972 45.0144 48.2291 49.7192 47.2191 48.1214 49.926 43.6477 49.0793 45.0099 47.9329 46.2579 48.3955 45.1708 46.9631 48.9784 47.0057 49.3046 49.7459 51.8034 47.4557 44.2867 47.8116 52.3236 55.2761 48.5578 44.7667 43.258 49.5323 50.5477 47.8159 49.7594
56.0121 49.75 50.4721 54.785 54.033 50.1188 50.7732 51.5524 52.2915 51.9776 51.6916 55.7499 48.7834 53.0992 49.71 51.6851 50.8659 48.4538 50.4747 53.7108 50.0111 50.8392 49.3358 57.0479 53.9034 47.4894 49.0964 49.1127 52.1972 47.9257 50.6618 52.6788 53.7101 51.7797 48.5476 51.9151 48.4336 48.3946 52.4169 50.1705 51.8365 48.4354 50.3696 53.3724 52.1131 46.3098 52.0272 48.2159 48.0801 49.794 56.291 49.6969 49.3283 51.2025 53.3815 46.9799 48.936 51.9489 52.5048 48.8128 53.2927 55.7068 50.2068 50.1883 51.4202 54.2399 52.5632 49.0391 49.0902 53.8905 55.1729 46.7674 55.5456 49.641 46.477 56.9977 50.4807 49.0961 51.6479 50.9775 52.1556 49.0267 46.4742 48.4357 51.9309 52.627 54.0099 55.5471 54.6444 50.3746 50.1853 51.4604 53.6067 50.6197 51.1957 51.9742 51.9975 52.173 50.7363 53.7626 55.5276 48.6459 50.8573 49.0299 52.851 57.6831 50.9158 54.5451 46.7089 49.7213 49.8451 51.3938 51.4552 50.8394 52.1319 55.3822 51.4627 48.9387 54.6663 52.5719 51.0181 48.9699 54.8703 51.4149 48.5509 51.9892 51.9094 50.6613 51.4737 52.7382 52.8192 49.6399 51.1206 51.8349 52.4112 53.1888 48.8196 53.1312 49.9091 52.5758 49.9435 51.4259 49.0305 51.3865 50.8925 55.8512 49.8908 50.8164 51.2179 55.477 54.1089 52.7998 50.718 49.0569 49.5979 53.6471 60.4013 49.8342 54.2224 51.1617 47.9134 48.5979 54.7659 53.3577 54.0208 53.9446 53.4283 54.3418 54.7509 49.9924 51.7272 49.9828 50.7777 52.2475 49.2911 46.8536 51.4549 46.0931 48.407 50.4915 52.9039 49.6788 48.9935 49.7772 49.2557 52.6573 52.6188 55.141 50.9555 48.2477 55.1253 53.1237 53.2894 51.683 48.7936 48.2775 51.0478 54.6374 52.865 50.4619
52.421 47.8292 47.1095 51.2592 49.4443 48.2915 48.8325 50.3531 50.1859 49.6825 46.954 52.6128 46.0016 48.2451 46.6909 48.4073 49.0355 46.3658 49.1028 51.9299 46.6366 44.9838 47.0239 52.104 50.3582 47.1009 46.9468 48.1098 49.364 46.0833 48.4377 48.8435 52.5495 50.1143 45.5217 49.9337 46.4139 46.7996 47.193 45.4574 49.8743 47.1975 46.8823 51.4281 51.5027 41.6141 49.319 46.1261 44.4871 48.6376 54.4279 44.5921 50.7809 47.6473 50.6947 45.2736 44.9369 47.1674 51.8245 47.3933 51.1484 51.3453 47.5588 47.6216 48.819 51.1915 48.4691 49.7857 47.5768 48.4194 50.1467 45.2855 51.0964 48.0626 42.7759 54.4937 48.1368 46.3902 50.4914 47.7053 49.0191 47.1165 46.9564 45.5442 49.3391 49.686 50.9448 51.4608 51.8969 47.9414 47.0874 49.5396 48.27 46.8034 47.6979 47.9051 51.4403 48.6915 48.5355 47.4848 52.7236 46.5417 48.9209 44.7372 49.3689 53.2976 49.1356 52.9492 43.9752 48.6139 48.4364 50.5142 48.5326 49.2151 49.9473 52.7733 48.3184 47.1026 47.7608 50.5452 47.904 47.6484 53.0737 47.1833 44.7119 50.5293 48.8317 50.8496 49.5536 49.6406 46.0896 48.4618 47.9356 47.6692 49.3441 51.8628 47.8055 50.8443 47.536 48.5072 49.3554 48.4425 47.6979 50.1031 49.8101 50.295 49.0172 46.7733 48.1758 51.3719 54.2767 49.4108 50.2644 48.9909 46.7466 51.2072 55.5348 46.6725 50.2443 45.4135 45.6124 45.0565 49.9473 49.0092 50.054 50.9247 49.234 48.4523 50.1539 46.9 48.1041 47.1052 48.8131 48.9492 51.0967 44.2265 47.7872 44.1945 44.7172 45.7911 48.4132 48.2404 47.284 49.017 48.6847 49.4977 50.102 52.1297 48.4934 44.2076 48.0308 52.076 52.2439 49.0112 48.1919 45.2772 47.1366 53.6994 50.1029 47.1958
53.9982 48.3067 47.7939 51.5987 50.8329 48.2637 47.4634 49.08 48.9752 50.1496 47.7751 51.3991 44.6948 50.2999 44.1098 46.7298 47.0127 45.1732 48.1285 49.7562 47.0198 44.9446 45.9583 51.8756 48.8565 43.3899 45.6453 46.6842 49.1252 46.3028 46.3476 48.3459 50.5647 47.7639 46.5099 47.8009 45.4757 46.5982 47.1051 47.0394 50.1446 48.2331 45.899 48.6612 52.3672 42.99 49.0312 46.3478 44.8187 47.8474 52.5264 44.5915 47.3962 50.3409 48.5677 45.565 43.8348 47.7192 52.1062 48.1869 50.0325 48.8043 46.795 46.5154 48.4524 50.929 48.4171 46.865 47.829 48.6669 49.6952 42.9144 52.5838 47.1312 42.6936 52.5846 46.4236 46.5868 51.0065 47.7617 48.9628 47.0682 47.0624 44.1935 48.4277 48.2673 51.4295 53.725 50.2587 49.079 44.6323 47.283 49.686 47.6981 48.8036 46.691 51.699 48.8547 46.2178 50.119 55.129 43.9408 46.8884 43.8833 49.4643 52.0035 48.2781 50.2263 43.3282 49.0611 46.7083 48.9969 48.5128 49.4932 47.593 50.7785 50.4798 45.6114 49.7104 50.6685 44.7146 47.7698 52.7167 47.7898 45.3634 47.3796 48.5069 48.3288 50.9222 50.2192 48.9762 47.7277 47.073 47.4223 49.3358 49.5791 47.0298 49.6733 46.8065 49.2271 46.9156 48.419 46.6037 48.479 47.1225 50.7571 46.7529 45.9253 47.5279 51.2931 50.7181 47.7171 47.917 45.7016 46.2869 48.6007 52.7463 45.9639 49.1144 46.5235 43.1227 45.1669 47.8435 48.3877 46.4544 49.3312 48.8625 49.3888 49.0215 46.3941 46.9622 49.4764 48.3619 48.4477 48.7646 44.2024 49.8915 43.7331 46.3648 45.9416 49.1091 45.1207 45.6092 47.8485 48.6373 49.1275 49.9766 51.7475 49.5844 44.9621 46.7167 50.9832 51.573 47.7794 45.8885 46.4653 48.0681 52.3204 48.2149 47.957
56.0238 47.8655 49.8582 53.1329 53.593 48.0792 50.428 49.9154 50.4345 50.7653 51.9447 52.6005 46.4421 50.6383 47.735 53.522 49.9943 47.0231 50.8745 54.5438 50.5189 48.5027 46.638 55.4316 49.9881 47.6623 46.0796 48.5854 51.1921 46.4062 49.0954 49.9016 55.7175 50.6105 48.493 47.8496 45.9532 48.4818 50.1667 49.0792 54.8831 47.9969 50.6996 50.0467 51.8493 44.7056 49.987 46.7156 49.3861 49.2933 54.0109 45.9908 49.275 51.0438 53.0685 46.1442 43.9819 49.5837 50.9678 50.5104 55.2534 53.9072 51.8089 49.1831 50.6621 52.5345 50.0476 51.5245 49.5373 51.6028 52.5959 45.826 52.8685 49.1937 47.2723 54.1986 47.7786 50.281 53.8815 48.9758 53.5658 48.4079 47.9773 47.7228 52.3538 52.1741 52.6372 54.2258 53.7504 48.945 49.8888 50.6383 51.9019 50.5256 50.9026 49.8206 52.3365 50.4467 49.7627 52.0022 53.6246 48.1592 52.4861 48.226 49.9732 53.5833 51.6073 54.3173 46.6506 51.0227 51.2284 52.3014 50.4332 51.6927 50.8684 54.3082 50.2413 49.8466 50.5059 50.0989 49.3726 50.8938 53.2148 52.1537 43.752 52.2229 49.0294 51.0239 51.7252 52.5175 50.4093 47.8892 51.1834 49.5984 49.8586 51.8313 49.2913 50.1495 48.7122 49.2168 50.1605 51.0294 48.3067 51.3129 50.774 54.6905 48.3772 48.7354 49.0055 53.2468 53.0765 51.5324 52.9838 49.2953 49.8254 51.5183 57.042 49.5087 50.762 47.8967 47.8968 49.2271 50.479 50.1996 52.014 52.6967 50.0136 50.4851 55.3546 44.9517 48.8066 50.9033 50.0277 51.4212 51.3663 44.8295 52.5019 46.2723 46.5683 48.8576 50.2846 48.349 50.2601 50.9747 49.6544 50.7156 51.0527 52.4555 50.1512 47.4415 50.6286 53.8557 55.5324 48.4232 48.149 47.848 48.517 53.9975 51.5941 49.4685
53.5141 48.4936 48.2773 50.97 51.3499 47.7383 47.0229 49.1128 48.6126 48.2921 47.888 51.8149 46.4001 49.7265 45.612 49.215 46.9372 47.2222 48.3192 50.6931 47.211 49.0192 45.9889 51.9637 51.282 42.9683 45.8586 45.769 49.7223 46.1181 45.2726 47.3333 51.8305 48.47 44.9123 47.6803 46.2416 46.4304 48.3568 48.0507 50.0153 48.3808 46.6689 51.427 49.5011 43.2396 50.3408 46.2467 43.9605 46.3251 53.1839 44.6513 48.3648 48.2841 50.4578 44.0331 45.5263 48.8781 50.1862 49.7703 49.6223 51.1762 48.6328 45.4685 46.7185 50.7129 49.3953 49.5742 48.1998 49.5771 49.4979 44.2716 52.6663 46.1118 42.5368 52.7685 47.7243 46.5842 48.1413 48.3207 47.4753 44.5563 46.3436 46.1308 49.7485 48.5716 50.767 54.2642 50.6515 49.7263 47.3605 48.0487 48.3549 45.8882 47.8621 48.006 51.1592 49.0267 47.8302 46.0997 51.6239 43.9455 47.4122 46.9885 48.6557 51.8973 46.6372 51.6822 44.2228 48.399 47.1663 49.7238 46.7264 46.4981 49.1766 52.3457 48.3632 46.9718 47.7648 50.425 49.128 48.0947 50.2753 47.1082 45.3181 48.7432 49.3317 47.6306 48.5906 49.9802 47.04 48.2595 47.819 49.1507 47.2335 52.417 45.1732 51.5896 46.0637 46.7732 46.308 47.8815 48.2152 51.456 47.5477 51.6452 46.7665 45.2146 46.3844 51.5352 48.9449 47.0212 49.4241 49.566 47.7191 49.3339 53.8072 46.5824 48.7321 47.6192 43.9138 45.98 46.7284 47.8443 49.2415 50.6526 49.8533 48.3126 49.7019 44.807 46.4644 47.4515 48.3901 50.4256 52.4451 45.5837 47.7067 43.4696 44.7117 44.681 49.2332 46.5789 47.212 49.1247 45.5749 47.9723 48.3332 52.1943 46.2081 44.7093 47.3781 52.2937 52.2215 47.3583 47.8454 45.9615 47.7612 48.5821 49.7804 48.4221
56.5443 51.1773 48.8778 54.5511 52.1344 51.5544 49.6958 53.0263 53.0264 54.7895 48.4622 52.6952 49.2357 50.2367 49.7881 51.3351 51.2648 47.3322 50.1511 53.285 51.1189 49.3596 49.3364 54.344 53.379 47.6284 44.1262 51.3491 53.1414 49.527 49.8969 52.3221 53.1973 52.7141 48.2406 49.8338 49.4749 48.9194 51.0349 49.5417 55.3753 50.4772 50.6908 53.8695 54.4203 45.9646 52.691 50.1073 50.9673 52.5402 56.5143 47.1552 49.0948 53.2375 52.5969 50.4874 48.0545 49.5997 54.5897 51.5943 52.2338 54.2826 53.0069 49.2939 52.6831 53.732 54.2811 50.9262 50.73 52.3827 53.3573 46.2195 52.6307 50.4061 45.0856 56.9722 50.1067 50.5126 53.5406 50.7271 53.1135 47.826 48.4241 47.1332 52.2193 53.2636 53.9696 56.0709 54.612 49.898 50.7347 51.5004 50.5666 51.5775 50.0022 50.0227 58.1707 51.6649 51.8604 52.8135 56.3397 49.5417 51.8639 46.8782 50.9168 54.2186 50.6953 54.8903 44.6393 51.2864 52.5624 52.6008 52.6611 52.6934 53.2659 54.4617 54.76 48.75 54.3528 52.3663 51.5846 50.1624 54.7537 51.3252 46.8375 49.4918 51.6852 50.1649 52.1228 49.9347 49.4926 49.5005 47.1511 50.5807 52.9985 49.8382 51.3456 53.0145 51.6851 51.668 49.2344 50.9962 50.6976 52.0521 51.5917 56.0599 50.1308 50.8451 50.3687 56.1917 55.8678 50.6711 50.7797 51.5503 47.6848 53.8047 57.8643 51.1265 54.5936 50.9612 47.5458 48.4809 52.3811 51.3948 50.7564 53.6059 52.2441 51.4161 53.0301 49.5212 51.2508 50.6496 51.9862 52.7081 49.7367 48.481 50.1422 46.6897 46.4394 48.7083 52.6979 49.032 48.78 51.1629 49.7275 52.9567 52.8844 56.2917 50.8178 47.9544 52.7416 53.3501 54.989 50.5629 47.3703 46.9062 53.5169 52.483 52.8608 50.2094
54.6247 45.894 46.8176 50.4406 49.4115 49.4769 49.6911 47.5391 52.0509 49.136 50.3325 50.9089 45.6106 51.4498 45.0219 49.989 47.5214 43.9829 47.0025 51.3815 47.3089 44.8642 47.7533 53.2179 51.5366 44.1506 45.672 48.4969 50.3141 44.1238 46.1158 47.337 50.8283 50.9185 46.2763 44.2435 45.6228 45.1154 48.7709 46.9567 50.8364 48.2505 47.3867 48.9479 51.2638 41.5182 49.9303 46.106 46.4805 49.815 52.0383 44.1091 49.4362 48.8988 47.5417 46.1955 45.1314 48.6908 52.4807 47.1105 51.2549 52.9716 48.3476 47.4615 47.4471 52.0412 49.2975 49.7441 46.1883 50.5635 50.2646 44.3674 50.8974 46.9425 44.5393 52.1318 47.3766 47.5598 50.4615 48.195 50.2709 44.1628 45.9464 46.0388 49.3673 49.0907 48.6841 53.1025 51.773 48.7654 47.1069 48.2929 49.8355 47.8149 47.5656 49.3545 51.7889 48.5755 49.3256 50.8242 54.35 46.9787 49.4295 45.8389 50.3584 52.1305 49.8126 51.5022 43.0669 50.7636 48.2419 48.8595 49.7868 49.2231 49.7853 52.4933 50.0914 45.4887 48.2538 47.4575 48.5596 47.4137 53.9334 48.033 45.8997 45.9131 49.0441 46.86 49.9975 48.2836 49.4467 47.7852 48.2226 48.1187 49.6434 50.3449 47.6777 48.4332 46.1492 47.0083 48.2359 48.4297 47.3615 48.3833 48.1532 50.5866 47.7052 48.0303 47.9108 50.1603 51.9059 46.1366 47.9621 49.3051 48.8047 49.5318 54.6649 47.0926 50.1619 48.2722 45.078 45.2669 50.6569 48.6298 50.3981 50.2476 48.1595 49.238 50.7538 46.3569 47.7816 45.9992 49.895 50.9485 46.4308 44.7105 49.4304 44.0734 43.7417 48.7523 49.1606 47.8099 45.2246 48.6143 47.3173 49.2941 50.6571 52.6186 48.2532 46.5422 48.8693 53.0048 53.595 47.1477 45.2003 45.7431 49.3191 51.8817 47.8195 46.9177
55.5725 52.123 48.9387 54.9372 53.6315 51.3535 52.5298 52.531 53.6987 52.0433 48.5243 55.414 49.269 51.0117 48.777 52.0202 51.5351 49.8071 50.8948 53.9451 51.0896 50.6178 51.2445 54.0359 53.1376 47.9192 47.3335 49.2481 52.4312 49.4286 50.237 51.4461 55.18 51.8427 46.859 50.396 50.2 46.9323 52.5936 50.9225 54.7244 49.8754 51.3035 54.2518 56.5 45.8002 54.0741 49.4594 48.4245 53.3358 55.0645 47.543 51.0885 52.7751 51.9295 50.8351 45.1665 49.9021 54.9149 49.4621 54.7107 53.4803 51.5753 50.8656 50.1962 57.2219 51.186 51.1033 49.2323 52.3159 54.3006 45.7485 55.5267 48.5758 47.7442 59.219 51.4914 49.6768 53.7156 51.7879 51.8408 50.3449 49.5983 47.8339 52.6521 52.4297 54.0127 55.846 55.1274 50.2161 50.7407 52.0343 51.2175 52.951 51.7404 49.5833 55.5671 50.9511 51.1694 53.0085 56.4917 49.5947 52.8927 50.1254 54.8369 54.1268 56.0958 53.9798 45.9087 50.2987 52.6888 52.5055 50.6295 54.1794 53.0839 52.7753 53.7831 48.9326 52.2659 52.7783 49.349 49.2759 54.9001 50.4847 47.6494 52.4792 52.2613 51.9636 52.3406 52.3168 53.6663 52.2193 50.2663 52.8194 50.3721 53.7999 49.7811 53.7999 48.6772 50.3849 52.4584 52.6964 47.789 52.985 51.6172 55.0584 50.6083 48.6193 52.098 56.0466 56.1535 51.4636 51.6985 51.2424 51.635 52.831 58.5044 50.1668 52.6822 50.9229 47.7508 48.9848 51.5837 51.8445 52.368 53.8423 52.0467 51.8075 54.275 51.2343 49.2504 50.7747 52.5858 53.7615 51.3847 47.9731 50.5401 45.6698 47.3615 51.4065 51.6559 51.5884 51.4474 51.3751 51.2687 55.5949 52.8528 55.2728 51.1461 49.8024 52.4649 53.0359 56.7615 50.2861 48.1821 49.0476 52.2307 54.5499 54.9016 50.0593
56.9324 49.0711 49.745 55.0059 54.2784 54.1269 51.9765 52.7159 52.6618 52.9028 50.0932 57.3377 50.3692 52.2009 49.5328 52.4162 53.7667 49.2022 51.7778 51.096 51.7895 48.2253 49.9562 57.5391 54.3495 47.5745 46.4695 50.0691 52.4227 50.7666 52.1745 51.4558 54.6807 52.9286 49.1173 50.7805 50.6473 49.7333 51.4603 49.8329 53.3884 49.8672 50.0232 52.6649 56.8007 44.0055 52.6713 49.5906 47.9472 50.3819 54.8753 48.4948 51.7542 55.2685 51.7232 49.7493 46.0146 51.2487 54.5 52.2183 53.7305 55.7394 51.0162 51.1219 50.5608 54.0196 52.3703 51.6531 52.7659 50.9781 54.3842 46.2734 53.8778 49.8081 46.6169 56.234 50.6166 51.6027 57.2023 48.4195 52.9966 46.8426 49.2436 48.6495 52.3992 52.4452 54.5882 56.0412 54.9755 51.2401 50.5911 51.3766 53.2622 48.7467 51.4231 53.0845 54.4069 51.8731 48.4266 54.2478 57.438 48.2117 50.5493 50.6161 51.0751 55.4597 54.1162 54.99 46.9807 51.5035 51.3285 51.5617 49.6141 50.5345 52.6538 52.4918 53.8228 48.1301 54.2648 52.9047 49.4135 50.3242 53.9478 51.8552 46.7679 51.5443 52.118 51.7514 52.3153 54.1324 49.9569 49.4891 52.6414 52.074 51.1648 54.649 49.963 52.8534 51.901 49.8137 51.6701 53.4787 49.8285 54.1853 54.6115 57.0428 51.3136 49.249 49.8874 56.208 55.239 50.7308 52.3238 51.6477 50.9469 52.7855 59.8099 50.1718 55.1236 52.9402 49.4083 50.7447 52.367 52.1723 54.0145 54.9225 51.9042 52.8347 55.08 47.9244 52.6012 52.3446 52.223 50.5584 53.2938 51.178 51.4102 48.2058 48.6372 52.2998 51.4273 50.8729 50.8673 51.4923 50.4081 56.1046 51.0587 55.5124 51.2034 50.5944 54.2462 52.7997 57.533 51.378 49.385 50.7002 52.0217 56.2015 53.7969 53.0207
54.3958 48.0769 47.3849 55.3498 51.1272 50.0848 46.5688 51.2912 50.1741 49.4055 48.1219 51.6139 47.1835 49.7265 45.8402 49.9172 48.1655 44.246 50.0575 52.6949 50.1679 47.7198 46.2495 52.2485 51.0293 47.3196 45.3968 48.539 51.7673 46.4577 47.4606 50.0518 52.1009 50.328 46.8064 49.6565 48.6035 51.3561 50.1472 47.4225 52.1052 50.2335 47.7108 50.3832 53.2263 44.9488 49.3957 47.836 45.801 49.2458 52.671 42.4713 47.1634 49.8602 51.5418 45.9202 43.1652 48.2453 52.2628 49.1235 49.6003 51.4378 49.3702 48.0838 48.9854 52.5815 50.3564 48.7894 49.0242 51.3855 50.7966 46.2038 51.5698 46.4166 44.2647 56.085 49.4985 47.6255 51.7443 49.0128 50.4943 47.0614 46.5228 44.8967 48.4704 49.9714 51.0503 53.4946 50.8598 49.9577 47.1661 50.5766 50.0766 47.9343 49.9281 49.7907 54.0929 47.6428 47.2705 47.922 54.2875 45.1647 49.6465 46.3291 51.6424 51.7146 49.4645 52.7682 41.7544 48.7402 47.6078 50.7146 49.0108 50.8564 51.0671 50.5854 52.7075 46.3241 50.367 52.3376 48.6002 48.4972 52.9706 46.626 46.6209 50.5041 51.2465 49.4787 52.0602 49.0798 49.8969 49.9364 48.7154 48.145 52.5618 48.8836 48.2274 51.9019 48.9102 46.4076 49.7108 47.9048 45.9622 49.8715 49.9575 51.5059 47.6763 46.4774 49.6305 52.7908 52.8941 48.4749 48.9481 50.1981 47.6138 52.4504 57.8162 48.7781 51.3431 47.0464 47.4013 45.4432 48.1674 50.4935 48.1483 51.8648 49.9256 48.5885 50.8236 47.2213 47.2662 50.6438 49.6376 51.2994 49.666 45.689 50.0765 43.6878 46.3479 46.1576 51.2782 49.1564 47.5768 47.3026 47.5646 50.3371 51.0645 53.206 49.8986 48.5532 49.0267 54.4001 53.275 51.0697 46.4289 44.6367 49.8066 51.8844 49.8213 48.7334
56.308 49.9188 49.9782 54.8369 54.2739 48.006 49.6151 49.503 50.4865 50.7791 51.7604 55.7878 47.3111 53.0567 49.3626 51.5768 49.061 48.2962 49.9491 54.5402 50.3512 48.1644 48.0832 53.7648 53.5667 47.1076 46.541 49.8393 52.919 47.9454 48.4874 52.2415 54.5341 53.3231 48.062 53.1213 48.5192 48.9528 52.6256 50.0237 55.0349 49.2457 48.8432 52.4234 54.5753 46.8253 52.0669 48.1297 46.0723 49.9179 56.5743 48.4751 51.2574 51.7111 52.7464 48.5205 47.7826 52.177 53.1184 49.9775 55.5215 55.4786 50.2172 51.7816 50.9958 54.2666 54.7904 52.8078 50.0376 53.3019 52.4235 48.0106 56.3678 50.5336 46.3461 55.3299 51.5 48.5319 51.2266 52.2644 50.5149 51.9159 49.7429 45.9591 52.0036 55.1155 53.8812 55.6646 53.8162 50.84 51.2233 54.8314 54.5503 49.1118 51.7695 50.6005 53.3622 51.5646 49.3271 51.7857 56.1471 46.211 51.8662 49.347 52.7332 56.3645 52.272 53.8682 46.1617 51.2157 52.2251 53.0716 51.7883 50.8904 52.6152 55.3342 53.0133 52.5045 53.6484 53.9316 53.6896 53.6427 55.4024 52.7513 48.4005 50.3574 52.6652 50.362 54.5085 53.4814 52.5891 50.9221 50.4153 50.8989 53.8075 53.4544 47.6526 53.9637 49.7901 49.3882 51.9727 53.1858 48.4478 53.8745 50.5495 54.7173 49.3282 48.0007 49.0589 52.3818 56.4187 50.2882 49.3807 50.0572 52.2614 52.9483 60.3859 52.5045 55.6679 50.9459 47.6364 47.6841 51.1908 53.0852 53.4151 53.3864 51.8547 50.3053 54.689 46.7802 50.5147 51.7887 52.0265 52.4616 52.386 47.3783 51.424 46.5937 47.8822 51.0359 51.7055 50.2892 50.6983 52.0565 49.1735 51.5017 52.1733 54.9712 51.4033 49.7574 52.8112 56.0549 55.7137 51.872 48.7084 47.8372 51.0335 54.5662 53.3364 48.724
56.0539 50.3002 51.5619 51.5644 53.0304 49.447 50.6354 49.2255 49.7066 49.1981 50.2078 52.4075 46.5467 51.7455 46.752 52.2217 49.004 48.1945 48.6246 53.6991 49.5217 49.6343 48.0269 54.1301 48.8866 42.4387 47.9204 47.5688 50.8952 48.0348 47.9673 47.9893 53.5485 50.8934 47.0259 49.1944 47.9955 47.2838 51.656 50.3853 51.6625 48.7407 48.043 52.0763 52.7635 44.3438 50.3316 47.9032 47.1951 47.6289 56.4059 45.0544 50.4136 48.4542 49.5388 46.3126 44.9707 51.5712 51.9393 48.7285 51.5352 52.9818 47.9991 46.9776 48.7977 50.4508 51.5615 48.8652 49.6391 50.4454 52.5189 45.0631 54.0414 48.0656 42.0873 55.8208 47.5467 49.0552 51.8676 49.4355 51.792 49.1421 47.7703 49.1602 51.9332 49.9281 52.6458 54.2749 52.2927 50.407 50.2551 48.9125 49.7444 48.5419 46.6395 50.1118 52.3319 50.0305 49.6815 50.5035 53.3822 44.1022 50.4136 45.229 51.2858 53.3248 49.5381 53.5513 44.4379 51.8434 50.0389 53.9604 48.0254 49.5669 51.0555 52.4835 50.6311 46.3394 52.3728 50.4985 47.252 49.2947 51.4366 51.7314 46.5572 47.7579 49.5725 52.1787 51.7748 48.888 50.5629 49.0794 50.364 50.1965 49.4346 51.4009 46.8365 49.7609 47.2607 46.6966 49.834 49.3881 47.8807 52.7843 48.6861 52.7853 47.8164 45.8348 48.6725 54.8477 51.8277 49.5289 51.6078 49.3008 48.3712 49.8382 58.0562 48.4587 50.0653 48.9242 45.2303 48.1107 50.357 48.0408 49.9635 51.914 49.0789 52.9584 52.7597 47.5634 50.0298 49.0951 50.7067 52.0104 48.6996 46.1195 53.7469 45.3342 50.2576 49.0128 50.0519 48.4302 49.0774 50.4388 50.0362 51.1431 50.2252 52.181 50.9928 45.5111 48.2496 52.4733 54.5805 48.8997 47.5108 45.6958 50.4725 52.866 51.181 49.6118
54.8633 49.3816 50.9465 53.2816 54.1407 49.9317 46.9361 50.1766 51.8168 50.6475 49.0715 52.9827 47.7081 52.5006 47.9929 51.5782 51.167 49.5286 50.0521 49.7728 51.7192 47.6819 48.6251 53.8949 50.8194 46.4846 47.2293 47.0183 50.5014 47.1789 49.1128 49.5107 53.0313 52.0777 46.9561 51.5501 49.8968 47.1187 51.2863 50.7973 53.9461 47.3999 48.9392 51.8695 55.2189 42.967 51.9807 47.4388 45.1372 49.8416 55.2062 47.2445 48.5759 51.7433 49.0589 44.8487 44.9632 48.9942 54.3426 49.4854 50.79 54.7976 47.0233 49.1887 49.4713 52.5954 53.7674 51.9393 50.3755 51.4562 50.4277 45.0913 53.073 49.5572 44.7412 55.0554 49.4455 49.8716 52.3941 49.7754 50.9616 48.3552 48.8083 47.62 51.216 50.1099 52.61 56.46 53.7583 51.8861 49.4373 49.0786 51.2006 48.5575 51.4848 47.6712 50.5425 50.6348 48.0198 51.5407 54.3553 46.5985 50.1906 49.7974 48.6515 55.1324 50.7292 53.3262 43.9918 51.6065 51.3041 51.6696 50.0673 47.7048 51.8568 50.2429 49.8195 47.4949 52.6754 52.3253 49.7372 51.6212 54.1919 49.8367 47.2896 51.3346 48.3962 51.9577 50.9284 51.1843 51.1855 49.9651 49.2947 49.2754 50.6526 53.171 50.2619 52.2147 49.5059 48.4953 48.4617 48.9088 47.0512 53.622 50.5647 52.9395 50.3494 47.3295 48.3418 52.8039 52.0699 51.1946 50.5723 50.9733 49.6103 53.7932 58.0301 49.9147 52.1309 47.9145 45.6694 46.3528 51.3563 50.5279 50.057 50.1414 51.4447 50.702 52.7706 48.0387 49.4993 50.3743 49.5113 52.626 51.6465 47.211 50.3106 46.595 48.026 48.6239 49.5 47.7087 48.5806 49.9941 49.3909 52.9907 49.5128 53.3722 48.9791 46.9611 51.2682 53.9784 53.4238 48.6261 47.7335 47.5893 50.172 53.4642 48.9641 48.6572
56.7125 50.1792 46.6468 52.9666 53.8784 50.1098 48.4005 53.1465 49.9648 50.2779 49.8962 55.6924 46.0075 51.7493 48.3965 51.0507 51.7085 47.8375 52.1103 52.1235 48.8344 46.1635 48.3361 53.9072 52.2966 46.3499 47.4904 48.7708 51.7398 48.3377 49.0619 50.0772 52.2654 51.5227 45.564 51.0115 46.6899 48.6766 49.4024 50.4361 51.8592 48.7189 51.2879 53.8323 54.0443 46.8009 50.8424 47.5177 47.7302 49.4751 54.1396 46.0361 50.3855 51.7417 53.1247 48.8419 46.862 48.5655 50.8025 49.8729 52.1654 53.2381 50.4727 49.9129 48.6945 51.4407 51.993 49.1143 49.4003 51.3892 51.622 46.149 51.9654 47.3386 47.4123 55.7874 48.7109 47.4912 52.9489 51.8094 48.6164 48.1969 49.5616 44.9608 49.2263 51.3138 55.7314 56.8439 52.0593 49.8547 49.1658 52.1081 50.8557 50.8404 49.4233 49.8572 54.0974 51.5073 50.0285 50.1986 56.4316 45.73 52.6049 49.3033 49.247 53.9486 50.9358 55.1463 43.1843 50.1318 50.5569 50.28 51.0862 52.7209 51.0067 54.4043 50.9373 48.539 50.1951 51.3091 48.8801 49.5992 54.1082 51.4836 46.5021 49.4183 52.3305 51.3828 50.4413 52.6474 52.2185 51.1503 48.7844 51.4756 52.0646 54.262 48.5919 54.2341 48.9316 49.5844 53.217 52.6119 47.5867 53.2663 47.4873 55.7292 50.4885 48.7103 46.7483 52.2609 52.6421 49.7982 52.0797 52.049 49.7674 52.8318 56.1063 49.3569 53.469 50.5367 46.6099 48.7021 49.7977 49.7989 52.5148 54.1215 51.6409 52.2848 54.9992 48.5935 51.7062 52.1741 51.1389 49.3331 49.5423 45.7333 49.8141 44.5115 46.9459 49.8639 49.0997 47.575 50.4298 50.2079 49.8341 53.5194 50.1899 56.9047 48.2087 46.62 50.2979 54.8031 55.3884 47.9747 47.8915 45.8978 50.0258 54.6898 52.7483 50.6286
55.2849 51.5866 49.8798 53.4224 51.5205 51.7312 49.4514 50.4934 50.9209 50.1634 51.7186 54.7778 47.6737 52.7035 50.1577 53.5576 48.3008 47.8685 50.621 52.9772 49.8358 49.3547 49.3442 54.9216 54.2914 47.353 47.6918 49.448 51.5853 50.1933 50.9844 50.1019 53.7024 51.1827 47.5888 50.6055 50.2781 46.8368 52.9356 50.0991 53.5628 51.1578 48.1016 52.2331 53.3598 47.1592 52.7235 48.5479 46.8807 48.9625 54.951 47.6354 49.9366 53.7122 52.9159 46.4399 47.2899 51.1297 54.2395 50.7629 51.9532 53.9035 51.404 49.2898 51.763 52.8443 54.0421 50.5723 50.6216 52.1028 51.6854 47.3803 54.3786 48.4526 45.1008 53.8905 49.1917 49.3271 50.806 51.279 52.8417 49.5189 50.431 47.4694 49.6876 50.9719 55.56 53.7645 52.8974 50.3784 51.6412 48.9304 52.3897 49.4034 52.5369 50.0359 52.6171 50.7153 51.3733 50.6246 53.5035 46.7664 49.8641 47.1991 50.5531 54.209 52.5508 53.5497 46.4018 51.0108 50.816 51.2285 49.2896 50.9972 52.7027 54.4733 54.0078 50.6799 52.4013 52.2352 49.1231 51.4802 53.0148 51.8546 46.793 50.8589 54.0556 51.646 52.5781 53.126 54.3849 48.8433 50.1865 50.8233 52.3933 51.5623 47.6394 53.1278 51.9089 49.3091 50.1294 50.808 48.1277 53.3224 50.0491 52.3123 47.9215 50.1768 49.1179 53.2108 55.3824 49.6004 50.5019 51.7093 49.7443 51.8254 58.065 51.9489 51.013 49.4513 47.9635 51.2924 49.5277 52.5728 52.6741 53.9391 51.2863 51.1776 53.0644 49.6498 49.3981 51.3446 50.3367 52.4201 52.4871 46.0021 52.849 47.1854 46.6224 48.3392 52.0533 51.144 48.5728 50.1683 50.287 52.0367 49.6399 55.9366 51.1238 49.6788 50.0235 54.9584 54.4182 50.2015 48.5038 49.2075 51.8547 53.0237 52.6982 51.5882
56.7739 51.6901 51.4699 55.0329 53.3431 51.4507 51.9242 53.4533 50.2183 51.5921 52.1508 56.1321 50.3261 55.2201 50.3178 53.9565 52.7293 48.6155 52.742 54.3206 51.4395 48.3962 49.8523 57.2458 54.2453 46.7227 47.5776 51.9111 55.03 51.1448 50.0311 52.7375 55.738 54.0974 48.3893 53.2602 51.8984 48.437 52.0073 49.9927 54.7434 51.4036 50.2102 53.6271 55.701 46.4041 52.4404 49.9875 48.2376 49.7311 57.2139 47.7134 53.8622 54.5772 53.2234 49.2985 46.9978 51.5937 55.1549 52.3331 52.3061 57.8322 52.0698 51.436 51.5496 56.0219 51.8141 52.6695 50.0397 54.4587 53.481 47.8595 55.6831 51.4269 48.4906 56.924 51.3419 50.8962 54.7061 52.9384 52.2737 49.8996 49.6443 47.8109 52.4068 53.3462 55.5819 57.8424 53.9368 50.8012 51.3315 52.5112 53.7259 50.4992 49.5401 50.9902 54.0994 51.9749 50.7654 51.8248 57.1428 49.0525 52.894 50.585 52.7862 56.5632 52.9894 56.1091 45.5363 52.7138 51.3086 53.0947 50.8809 52.9496 53.0918 56.8001 55.3204 49.7762 53.9431 53.1161 49.9613 52.7954 55.1972 52.7897 49.0983 51.5298 51.9832 52.6035 55.0077 54.1173 52.4426 52.3608 52.4128 53.1271 52.53 52.8042 49.5337 56.6013 49.32 51.6538 52.172 53.0876 50.7925 55.1616 51.7447 57.8331 49.7298 51.5075 50.9701 57.4409 55.2959 53.5437 52.2557 53.021 52.1992 54.1205 60.8727 50.7037 53.9447 50.6157 48.6348 50.3187 52.985 53.4566 52.4923 54.0344 54.299 52.3578 56.1641 48.4686 53.0871 53.2514 54.3203 55.2325 52.1483 47.3069 54.379 45.6999 51.144 50.9785 52.0204 51.7973 50.8119 51.203 52.5303 54.3115 55.378 56.7014 52.6257 50.8083 51.8083 54.4361 56.5579 52.0616 48.9718 49.4499 51.415 55.6519 53.2557 53.4063
54.6113 47.5306 48.459 50.4707 51.1294 49.0561 47.3351 46.0539 50.174 49.6868 48.5438 52.6864 45.3061 50.0262 45.6122 50.5378 49.142 46.3675 48.8152 52.667 48.7106 44.9581 46.5363 55.1038 51.3082 44.7626 44.6761 47.5416 52.066 46.2003 47.1531 46.8511 52.3943 49.7797 44.9265 48.2482 46.9469 44.7741 47.389 45.8339 50.9326 46.5198 49.6613 50.2889 49.2736 43.2252 49.5591 46.263 45.814 49.5503 52.3449 43.5858 49.0795 49.7365 51.0026 45.9867 43.073 49.4631 51.3106 48.5046 47.4355 53.4566 48.457 46.0619 47.7576 49.3067 48.0354 48.7649 44.9377 47.1844 50.4832 44.9372 51.6028 46.6081 44.5826 51.7778 47.5228 46.6287 51.8203 49.9103 49.1692 45.4609 48.8987 45.1325 50.6696 49.6501 51.3578 51.9032 52.2303 47.9069 48.2983 51.6849 50.5014 48.5011 49.3459 47.4466 50.5904 47.3511 47.1343 49.4624 53.8385 45.4854 49.3275 46.5129 50.6984 51.7739 51.0462 51.2335 43.8751 48.1238 48.2583 50.5094 48.3602 48.3191 50.0569 48.9728 49.3735 45.9488 49.454 48.5752 49.0785 48.8181 49.7011 48.6046 44.6271 48.913 48.8781 50.2338 49.7254 48.6308 50.2735 51.2081 48.5531 47.0173 46.9103 50.3578 47.5745 50.6662 45.7683 48.8944 49.1901 49.6524 46.0657 49.1135 50.0797 55.3686 47.2041 45.1294 47.8049 52.1134 51.7653 48.5193 49.8573 49.0263 48.4778 49.4692 56.3056 46.9001 50.1641 48.602 45.3287 47.269 48.9469 48.318 50.3893 52.3613 49.9379 49.717 54.4847 45.3265 49.1617 48.0064 50.3634 48.932 49.3204 46.2036 49.6306 42.8015 46.2071 48.8895 49.157 46.562 47.8947 48.1494 48.4352 50.9241 48.7759 53.286 49.8658 45.2978 50.2161 50.5407 52.6761 48.508 46.6648 42.0294 48.4504 52.6798 51.5136 47.3754
51.8485 45.2531 46.0816 48.9953 47.9873 47.5249 47.0785 47.6003 47.8997 47.5336 46.1129 53.2695 45.143 46.6203 46.023 47.4362 45.1188 44.0041 47.1391 48.9248 46.5476 44.9475 43.3156 50.9556 47.7845 42.839 43.7498 46.7596 47.2487 44.8864 46.0164 47.2477 50.7927 50.3602 44.7905 45.4153 43.3908 43.4784 47.3646 45.3209 51.6394 46.143 45.3499 48.8123 50.1521 42.8549 48.2503 43.2541 44.7832 44.516 51.5343 45.0595 44.5782 48.8139 49.862 43.3066 43.3946 45.5704 47.4023 44.5855 49.2985 50.6768 47.2897 48.4029 46.5831 48.308 49.625 44.994 45.9287 48.3206 48.9899 45.2351 49.6362 47.1442 42.2774 50.9541 45.4542 44.5574 49.1351 45.9055 46.9915 45.1857 44.5632 42.293 47.4422 46.9007 49.6769 50.4428 48.7434 47.8832 45.6443 48.2018 47.1918 45.61 48.0581 47.4326 46.9167 47.3924 43.4271 45.8805 50.0037 43.4294 47.5741 46.5244 48.277 51.4175 48.9665 51.0784 43.3901 47.6326 48.4953 48.8519 45.2766 46.0386 48.4835 51.0147 46.535 44.9356 49.2421 47.834 47.6213 46.7836 50.5006 47.1614 43.9091 45.4389 47.1793 46.9085 47.7612 48.8154 49.734 47.8029 47.3393 46.3108 48.0431 47.2787 45.792 48.4252 44.9694 44.2451 46.0094 47.9131 44.907 47.1333 46.9222 51.3187 47.166 45.7942 45.9798 50.0778 50.3928 46.1276 46.7663 48.715 46.6636 48.3596 55.5548 47.2302 46.3875 46.943 43.8455 45.7058 46.012 48.9599 49.7139 48.656 45.9964 48.8384 48.9723 42.3096 46.1998 47.0893 47.9101 47.6041 46.6839 43.9201 48.4193 43.142 44.8924 45.2548 46.7607 43.8271 46.4415 46.9574 47.5566 50.363 46.7125 51.5907 46.4463 44.2173 50.0301 52.1044 51.6444 45.0698 45.0211 45.167 46.32 48.8809 49.7088 45.9203
59.9115 49.0258 48.2027 52.8839 54.0232 50.7629 50.442 50.0335 49.4862 50.9294 48.2648 53.1728 49.9055 52.3723 46.0878 51.4716 48.586 47.1924 49.0529 51.9041 49.3486 46.8353 48.0147 57.8695 53.6762 45.5699 47.5992 49.5838 52.9691 50.5712 46.1331 51.9116 54.6701 51.5731 47.0968 48.832 49.1402 48.908 48.2604 50.0365 53.6646 50.3046 47.8674 53.1101 51.2075 44.8837 48.2671 48.4977 47.1999 48.4364 54.1971 47.4633 49.3737 53.1659 51.3564 47.0113 45.7326 49.7706 54.4159 49.0175 52.3372 54.5658 48.4347 46.6342 49.0754 54.6157 53.139 53.138 49.5614 50.2978 54.165 47.6712 56.2782 49.1611 47.5396 55.2562 49.4287 49.2829 51.3757 49.5747 52.6312 47.2332 48.1932 46.9044 52.3139 52.5432 52.6063 56.7373 53.1084 49.9385 50.6168 51.6506 51.7239 50.577 51.79 51.3825 51.5044 53.255 50.4137 51.1168 55.8281 45.1165 50.7082 47.7459 54.4983 52.8704 50.9242 54.2337 46.3534 51.634 51.2784 53.4981 49.9261 48.7042 53.9132 53.3071 52.8174 47.328 49.9761 53.0049 49.7084 48.8669 53.9384 49.8045 45.7866 49.8461 52.3757 53.651 49.3339 52.1281 49.7401 49.3395 49.8623 49.175 50.3186 51.9737 48.4339 52.978 49.9841 49.5089 51.3006 50.5896 48.9025 50.5422 50.4893 52.7901 49.9162 47.9438 48.1855 50.764 53.3292 48.0178 51.3393 50.835 51.6664 50.3073 58.4217 51.3356 53.2629 48.4324 46.9334 48.7036 49.0522 49.3049 50.87 53.3381 52.7305 50.7999 52.5385 47.7163 49.6171 48.983 52.9918 50.7598 50.1855 47.9057 50.6477 44.8382 48.4046 50.8019 50.4923 47.0644 50.152 51.1304 52.9524 53.1855 53.9392 52.618 51.5064 49.178 51.7033 52.4991 55.9984 51.6917 48.0004 46.6197 50.5558 52.6771 51.084 51.104
53.8978 46.3689 47.3766 50.6192 49.0376 47.006 46.1035 47.3594 49.1819 49.9187 46.196 50.7221 44.1301 49.4203 46.4584 51.4232 46.9705 45.4373 46.6162 49.8194 45.9686 43.9497 47.6563 53.6787 49.8091 43.4779 46.4489 46.784 49.2346 45.4652 45.6113 47.237 51.5299 48.4679 45.9726 50.3532 47.1213 44.2226 47.4285 47.1266 51.7803 45.5155 47.3224 49.0465 52.161 42.9452 47.7471 45.2325 44.9743 46.164 50.8306 44.8507 47.801 48.462 48.5521 44.3403 44.415 46.2133 50.8133 46.6013 47.604 53.8213 45.012 48.0041 47.4867 50.4941 52.3549 47.1759 46.3518 50.8146 49.43 46.6621 51.8104 48.7708 43.917 51.3028 47.7714 44.492 48.1634 45.932 48.4874 44.1477 47.8289 44.8062 47.5338 49.1576 50.725 53.6107 49.8476 45.2356 46.8473 49.2588 47.9702 47.0837 48.764 47.1786 48.4405 48.8058 46.4339 47.8439 53.6071 44.7858 47.1228 45.7528 48.1708 51.7274 48.7755 50.46 41.4631 50.9236 48.1541 49.0249 48.8953 46.709 47.6688 50.9268 48.6536 44.9945 49.9367 48.2711 49.1964 46.5348 49.4583 46.6013 46.7105 47.8021 47.5904 47.7606 47.9826 50.3923 47.7096 47.3755 46.1727 46.2712 48.8112 47.1118 45.3526 49.3551 46.0861 47.5315 47.1958 49.0522 44.8981 49.3684 47.4201 48.7235 47.0012 47.1149 47.9955 49.4805 51.795 47.3672 48.2096 48.5266 48.4096 50.5784 55.5045 46.7595 50.7719 47.3394 43.8703 45.4783 48.5997 50.3642 48.615 49.2928 47.6163 46.7539 51.5647 45.5038 49.348 47.0026 48.7059 49.3968 47.2665 44.2131 49.9557 42.347 44.4329 50.0041 48.5307 46.0844 46.678 45.044 46.3291 49.3522 49.8839 51.3232 46.803 46.1549 48.4977 51.8891 50.8196 48.6292 45.4677 43.6076 48.8903 49.4457 48.1972 45.3391
54.1897 48.5361 50.5494 52.9305 50.7491 49.8625 48.3021 50.3455 51.2468 50.1449 49.6206 54.3059 45.9246 49.9713 47.8583 50.8115 49.8967 48.7518 48.2666 51.0507 50.1997 48.2469 47.6213 51.6689 50.8804 44.7737 46.6592 49.5976 48.5088 46.0055 47.1975 48.9549 50.7427 52.2329 47.3801 51.8602 47.0797 47.6495 50.2778 49.4543 51.7271 47.2382 47.5033 51.6267 54.1515 44.3213 50.8366 46.9343 46.4602 49.678 54.5198 46.4712 49.3198 50.5757 50.5305 49.1018 46.4101 46.0613 51.735 46.7826 51.6878 52.9231 48.0871 46.3328 46.7604 54.6745 50.9189 46.9828 48.6989 50.9467 51.7201 47.3877 51.2504 47.8379 44.5395 54.3161 48.4434 48.8352 53.799 49.9305 50.5069 46.8587 47.724 44.8268 50.012 50.0238 52.603 53.581 52.1727 50.4863 49.0456 51.9411 49.6259 51.8535 46.4866 49.3583 52.4159 49.3356 49.1467 50.6361 53.6202 48.0601 48.1541 46.3363 51.0837 55.0257 51.6766 51.3375 42.9455 51.1971 48.0349 51.7938 50.9987 48.2746 48.5822 52.5609 51.9934 46.8845 51.6663 48.9615 49.0394 49.1067 52.7585 48.983 46.0708 48.8719 51.1208 48.9219 49.0619 49.5821 51.8446 48.6085 49.9327 50.4578 51.1643 48.9732 46.5484 50.6489 45.2113 48.7458 51.149 50.7657 49.2353 50.2874 51.2907 54.0255 47.8866 47.5042 48.6138 52.238 55.1139 50.9921 50.8226 49.455 47.5358 52.0732 56.2231 49.0365 51.3251 50.491 46.8501 47.6926 49.5162 49.5306 51.7099 52.2524 48.7693 51.6221 54.554 47.7514 49.5457 48.7571 52.5675 51.6714 48.6444 47.893 50.1361 46.7853 49.16 49.3298 51.8928 48.3534 48.2775 49.7048 49.6982 51.5082 50.5233 52.7806 48.8858 47.8503 51.0433 52.5418 54.4336 47.912 47.8529 45.3407 49.9522 52.5726 49.6402 49.4626
55.6502 49.5498 50.083 53.4129 54.5038 49.0219 48.075 52.1666 49.8484 49.6459 49.2606 51.3936 45.9422 51.3389 49.9834 51.2451 49.7295 47.3393 51.3689 51.4516 50.8287 48.3404 48.4727 55.0343 51.5411 45.0718 45.7384 49.9798 51.8776 49.5144 48.6833 51.7681 53.612 51.2417 43.8337 51.4994 48.5983 49.121 49.2614 47.6297 51.3563 49.0286 48.9127 52.9475 53.6891 46.5252 51.0138 47.7997 46.1172 46.5751 52.671 47.7844 51.5845 51.4232 53.3465 46.8943 46.8208 48.5657 53.8023 49.8801 51.0727 55.3689 51.6504 46.9088 48.5621 53.4224 53.1782 50.3857 48.0345 52.0182 51.5959 48.064 52.7036 48.0759 46.2749 55.6156 48.9958 50.49 52.6692 47.4605 50.4687 47.781 46.9536 46.9395 50.6428 51.1554 53.2479 54.8166 51.415 48.4613 49.686 52.1661 52.702 49.3795 50.5467 48.3131 53.2882 51.243 49.2688 51.2661 55.5338 46.6494 50.3029 48.7569 49.6519 51.4134 51.4798 54.1109 43.7394 52.4227 51.4142 51.1127 50.5456 49.8144 53.217 53.0762 51.767 48.0704 49.8069 49.5956 48.1374 49.9464 51.9219 48.7264 44.2739 51.0299 51.5728 50.5323 50.9224 51.6198 50.9113 50.0402 49.9079 48.6515 50.1026 52.7965 46.6973 52.2546 48.5809 49.1934 48.7321 50.3783 50.0634 51.5754 51.2278 55.5891 48.8123 47.8487 49.6572 51.8966 52.7285 49.6085 51.5832 49.9653 50.244 53.0278 58.2655 48.9644 52.1406 49.1508 45.8026 49.1082 49.6892 50.1262 52.645 51.0427 52.8955 49.5243 54.2083 46.739 50.2905 49.3585 50.1652 49.3516 52.8043 46.8177 50.929 45.3784 45.8673 48.6607 49.1539 48.4429 48.4966 50.5142 50.1823 52.4723 52.3793 53.7136 48.4102 49.0306 49.0859 52.8102 55.9707 50.505 45.6134 46.7126 49.3169 52.4696 50.4449 52.2016
54.6151 47.0366 48.6507 52.2048 51.8803 50.1648 47.0722 49.7756 49.4448 51.2071 50.5688 52.9668 46.2827 48.9277 45.3085 51.0133 49.4661 48.5781 47.5106 50.223 48.9888 46.3004 47.0262 53.9779 52.5863 45.7644 45.9422 48.0324 50.7606 45.9598 48.1695 49.3259 53.143 51.3964 45.2306 49.1839 48.7856 50.5688 49.9079 47.7402 51.2579 46.5929 47.0593 51.5583 51.372 45.1658 49.6195 48.3445 45.0669 47.4798 54.3711 48.0463 49.6592 50.36 51.0263 45.6206 48.0874 48.3963 52.1504 49.8846 49.2087 54.4358 47.255 47.7893 49.2132 50.8859 50.3447 48.7308 48.7162 51.8112 50.5784 47.0443 54.136 48.1429 46.3707 52.1799 50.0326 47.2802 53.457 49.5075 51.7589 48.1634 48.6873 44.8584 49.6826 51.0909 52.9805 54.9306 52.8864 49.707 50.5465 50.1097 50.2597 47.5623 48.9582 50.0787 52.4101 51.2153 50.361 49.8784 52.4833 47.2706 51.5506 46.6146 47.4688 53.2776 50.2592 52.6871 44.8195 48.8962 50.297 50.033 48.292 49.2866 53.1394 51.8127 49.5195 46.5203 51.7364 50.6493 50.4393 49.1316 53.2958 51.0427 43.6663 51.8451 50.339 49.7466 51.1105 48.1714 46.2861 47.8944 48.4391 49.9734 51.1633 52.8329 48.8029 49.2274 50.1893 49.8212 48.9755 49.8795 49.4112 53.3927 50.9181 53.1572 49.7722 47.8625 49.0375 52.0303 52.5842 49.9311 50.4687 50.2541 49.4606 52.3987 57.3173 49.3757 50.998 45.9004 47.9437 48.1883 49.2113 48.5653 52.777 51.3738 49.0562 49.6661 54.2366 46.5254 51.2376 48.5467 50.893 53.5259 51.3033 47.3457 50.9103 45.3378 46.1441 50.0979 49.7137 49.5908 49.9897 48.3528 47.6767 49.4655 50.5822 53.7299 48.3471 45.5288 50.1401 52.79 53.2936 50.1569 48.0504 44.7684 48.6151 53.2866 52.7218 48.4978
56.5904 49.7134 52.1408 55.0902 55.8084 51.6295 51.7776 52.1196 53.0611 51.7387 52.3891 55.8718 48.751 54.1454 50.5292 52.0009 51.5632 51.8905 52.6395 56.2245 51.6892 49.6976 49.9542 58.6853 55.5129 47.1473 47.9096 50.8486 55.383 51.0095 50.112 52.333 58.4276 51.5704 48.95 51.9661 48.8046 50.322 52.365 50.7146 55.7978 51.3177 51.5663 56.4635 54.0507 48.121 52.2738 48.9082 47.095 53.6369 57.5154 48.1455 53.0172 52.8613 53.8086 47.0238 48.9782 53.525 55.5589 51.5202 51.9071 57.9305 53.3344 48.9105 53.8236 53.0034 53.4239 53.7732 53.9985 52.1576 53.2765 48.7186 56.6347 51.468 47.4484 57.4311 51.3999 51.2308 52.2687 50.05 53.5416 51.9623 49.7063 47.8318 52.8353 52.8591 54.8138 56.2778 55.2004 50.7232 51.7235 53.506 51.8293 50.7086 52.3307 50.3932 53.9595 51.7004 49.507 50.8558 56.1247 46.2515 53.5145 50.6188 53.4823 56.2852 53.5896 56.0526 47.518 55.5078 54.6767 53.3685 49.8638 50.8523 53.2096 53.3983 56.3854 50.7713 55.1923 53.6375 51.543 51.0332 54.8864 53.6866 49.0775 50.8228 52.0591 53.0156 53.8844 51.7351 54.2947 51.1609 51.7738 50.2282 53.202 56.5719 50.332 54.7399 49.881 50.4766 50.7342 52.5509 50.7238 52.6682 54.9826 57.333 51.7852 48.8144 51.8875 56.0019 56.1845 49.5768 52.0679 53.1905 50.5504 53.3182 58.0112 50.4412 54.93 50.7517 49.0943 49.3158 52.4564 54.0726 52.8182 54.2383 53.6846 55.3107 54.7771 48.7901 54.5076 51.0582 51.1385 51.6982 54.4849 50.0413 53.0518 47.1678 49.6763 51.4969 51.7846 51.2534 53.7106 52.6578 49.8479 54.2202 53.444 55.2063 52.1179 50.9793 54.8453 55.1216 57.5542 51.9814 49.3788 49.8632 51.4371 55.7894 54.475 52.0562
59.4293 50.8345 51.219 53.966 54.7208 53.5664 51.0465 54.5237 52.6438 53.6236 51.9065 57.535 49.1739 54.7046 48.1858 55.0687 52.9954 50.0218 53.4749 54.4851 53.634 49.6949 51.2311 57.1081 54.7185 47.152 48.8886 50.986 54.1091 50.9 50.6121 50.5527 54.9741 54.2392 50.7186 54.5557 50.6898 49.3228 52.3338 51.3837 56.9838 52.5183 51.253 56.5895 55.8985 48.2893 54.1567 48.1019 52.567 50.4748 57.5654 49.778 52.0043 54.659 53.5105 49.5385 47.3149 51.3413 56.7092 52.0303 53.0131 56.6846 49.7277 49.9901 50.457 55.8684 56.4752 51.942 51.9564 53.5948 53.5174 47.7801 55.5855 53.4007 48.2991 56.8195 52.8268 49.9088 53.1601 50.7955 53.4568 50.3492 50.7123 49.3537 56.064 56.1214 55.3797 58.2117 57.6187 55.7018 54.1123 51.9746 53.6078 52.958 53.8852 52.6422 55.5065 53.8962 52.1303 53.5158 56.5041 47.8225 54.5594 50.5528 55.3936 56.7245 50.7569 56.1504 48.0436 55.0959 53.5938 52.8952 52.6174 50.887 53.3992 55.9546 54.2062 52.275 55.0266 54.7007 52.2488 53.0472 57.2267 51.2511 49.7158 52.823 52.6253 52.978 52.4933 52.6615 53.873 51.1256 53.5821 50.4017 53.2342 52.5847 51.4698 55.1 50.5571 52.4971 53.1666 53.2101 51.001 55.9449 52.3185 56.3546 51.2069 49.9049 50.6238 53.0675 55.0989 51.7422 51.59 54.4921 52.2012 53.2994 61.5852 52.8027 54.7863 51.7093 49.3212 50.6006 53.4563 52.6104 54.7419 54.4036 54.0766 55.5337 55.1984 50.8938 50.9918 49.9789 53.8998 51.7381 53.956 51.1744 53.3791 45.1032 49.0424 50.5213 53.9387 52.148 50.3137 53.1538 52.2265 54.9878 53.8462 58.109 51.3305 49.8844 53.3106 57.9945 55.974 52.6209 50.2453 50.6689 50.9913 53.2002 55.8414 51.6756
51.6706 44.588 45.5424 48.3731 48.0086 45.4554 46.2662 44.8795 47.4231 46.7059 46.8346 50.6147 44.2602 45.5543 45.8298 48.2883 44.2759 45.3511 46.7282 48.1424 46.9962 46.1316 43.2807 51.4428 49.027 40.7444 41.5636 44.2238 49.4557 44.1898 45.8796 46.3357 50.0661 48.0362 43.4337 44.3939 43.2723 45.1504 45.4752 44.5798 47.5474 45.9992 44.7253 49.2293 50.9328 42.424 47.5707 42.7104 44.9047 46.2363 51.3349 43.9037 45.9003 48.1147 48.9023 44.5199 40.7632 46.0656 50.4723 44.9118 47.7835 47.6644 46.0915 45.2027 46.5639 49.387 47.9688 46.0119 44.5009 49.878 49.685 43.8736 49.3301 44.4475 42.1958 51.165 45.3661 44.0085 48.2056 43.3244 47.4624 44.036 43.3014 43.9485 48.621 47.5182 48.7489 50.0043 47.1556 47.1221 46.8509 46.9031 48.5873 45.7543 47.2396 48.5369 49.1473 45.284 46.2776 48.769 50.7221 44.999 47.2326 45.8077 48.9005 50.0517 47.4912 52.0537 42.3382 46.3231 46.4158 48.3357 43.9969 46.56 49.748 50.7261 46.7703 42.4296 47.6029 46.2502 45.228 44.9624 49.0876 45.4111 42.1532 46.8788 47.7462 46.0096 47.8733 47.2511 46.1248 43.8299 46.4774 47.1693 45.8815 45.8712 42.1076 47.2275 44.2379 45.5381 47.7048 47.6163 47.1526 47.835 48.9985 49.814 45.8033 44.599 46.2707 48.5096 49.8651 45.3083 45.6711 45.7375 43.9829 48.1488 55.3377 46.4764 48.0511 46.1754 44.5261 44.5578 47.1352 45.7464 48.9269 49.0835 44.673 49.3926 49.7664 46.5509 46.5568 46.9413 46.2509 47.3897 47.4026 45.978 46.0917 44.384 45.1008 47.2395 45.3319 45.9581 45.5639 49.2425 45.6953 48.9855 47.4699 49.2982 45.6669 45.8097 46.4682 48.9085 52.8357 47.7751 44.007 47.6245 45.9327 47.2921 50.292 46.0559
58.2758 52.4023 53.0561 56.9523 53.471 52.0885 53.1287 51.8723 53.497 55.3937 53.2246 55.9237 48.9943 53.1966 50.7316 55.4968 51.9264 49.3295 54.7275 55.6855 53.5193 50.6562 52.443 58.4643 54.5412 46.3014 49.941 53.1827 54.8753 48.8697 52.636 51.9523 55.6294 53.5689 48.0752 52.2247 50.1626 50.684 52.9374 51.466 55.5478 52.1164 51.256 57.3778 56.9983 48.1535 53.4144 51.9731 49.0174 52.8219 55.3727 49.347 52.8553 54.5753 55.2917 49.3765 47.8026 51.7638 54.5485 52.9402 55.5993 57.822 52.4617 50.3544 51.5261 53.9729 53.8942 53.2717 50.8566 53.8384 55.1277 49.3872 57.5765 53.9115 47.9325 58.1355 51.8375 50.9554 55.8561 53.2885 55.8091 48.0852 51.3366 47.9774 53.8456 54.5052 58.7119 58.4551 56.3589 50.6148 52.6981 53.1281 52.8547 51.7164 53.0235 54.7479 55.2205 52.5965 52.5273 56.7464 57.5951 49.309 55.2673 54.3844 55.3061 58.0242 54.2478 55.3965 47.5922 54.5494 52.9655 54.1064 54.846 53.2383 54.4815 54.5026 55.49 51.7616 56.5439 53.0443 49.1979 52.3862 55.396 52.8918 51.3516 51.1827 52.3065 52.5844 53.1544 54.1664 55.2203 51.7156 50.1026 51.8505 53.7507 55.1315 51.3434 54.4308 50.781 50.599 53.0237 50.8911 52.1705 55.859 52.4946 57.7933 52.4995 50.3776 51.1899 57.8506 55.6852 55.2617 52.8553 54.3982 50.2146 54.5005 59.4055 47.8892 56.4628 51.656 49.1561 50.4675 51.6158 54.7707 54.7669 55.0793 52.2076 56.2851 54.97 51.1473 52.9577 54.6675 52.8943 51.1577 52.4493 49.8172 53.5101 47.9057 49.8923 51.0887 53.2187 50.5877 53.7669 54.0217 52.7528 53.643 54.513 56.6336 53.4349 49.3434 52.4204 56.4624 58.9677 52.6899 49.7819 50.6445 53.707 56.8421 52.8635 50.7229
55.8181 45.7917 45.0247 49.7063 49.2604 45.5469 45.1847 47.3504 46.8882 48.1657 46.5071 52.5518 46.8516 50.0829 44.553 49.6986 47.1057 46.5303 48.4767 47.7564 47.9255 44.9761 46.3789 51.2882 49.7962 44.8985 45.7643 47.5787 49.8612 45.8883 46.3648 47.2506 52.6142 47.578 44.3263 49.358 46.4399 46.0395 48.7215 46.1393 48.3871 46.4607 46.2244 48.1578 50.5632 42.6595 48.4592 45.3247 43.1065 44.8238 51.6374 46.936 48.9689 48.4655 48.6781 44.5675 44.5702 43.9672 49.3015 46.6276 49.0338 53.2025 44.8936 46.5883 44.7664 50.2766 50.196 49.4036 43.4778 48.6531 50.8829 45.0643 51.3001 45.0016 42.1778 52.2909 46.4543 45.9358 46.9993 44.9887 45.2393 44.7358 45.8966 44.1369 48.6018 49.4868 51.3913 53.373 49.8118 45.9824 48.1625 47.4939 49.0451 45.6024 46.3424 48.027 48.5191 45.9565 46.5312 48.2253 53.9053 42.2768 48.5265 44.2019 49.2622 53.2357 47.3402 50.16 41.1663 46.3208 46.0647 48.6911 47.8215 47.1541 48.716 50.4476 47.2897 47.7413 50.6789 50.0046 47.155 45.9509 48.0193 46.8568 45.4726 48.3739 46.4809 47.9245 48.9765 49.1991 46.9981 45.7496 47.6058 48.4629 48.2145 50.1964 45.8107 50.6703 45.9613 45.7733 46.1461 47.9822 46.4949 48.1744 50.3791 49.9592 43.2961 43.2694 45.5354 49.4697 51.1272 47.8207 48.1349 48.6471 47.6347 47.9637 55.4081 44.7621 50.9204 46.5263 43.5222 47.206 47.1736 48.9087 49.6734 49.4325 49.6471 49.6114 50.5626 43.9131 48.1474 46.8032 45.6872 50.1695 48.4483 45.9501 47.2944 43.3127 45.2161 48.1786 47.3814 46.7999 46.8681 47.6145 45.0662 49.6702 49.2313 50.4118 47.029 46.4591 49.9795 49.8551 50.6886 46.7733 44.4402 43.8105 49.3562 49.1696 48.6956 47.1862
55.7209 48.9597 51.7608 53.0924 53.1713 48.9078 48.4672 49.5898 51.0342 51.6506 51.4752 52.9962 46.2884 51.6802 47.4383 53.0243 49.4609 47.4087 48.3653 53.7954 48.1405 47.0963 47.8886 54.5024 52.587 44.1129 46.5422 48.3687 49.3073 46.8344 47.1565 48.544 53.4856 52.1443 47.6661 47.4817 46.6632 47.0357 49.9732 50.1294 52.5781 49.1546 49.5696 51.7491 51.2516 43.9544 51.1273 44.4186 47.1636 49.201 55.5363 46.0699 49.7663 48.7458 51.5923 47.6006 45.5939 50.3406 52.0652 49.4587 50.5357 53.1483 49.3341 49.3018 48.411 52.8498 52.1124 49.1198 47.8534 48.2411 51.7654 45.9663 54.5034 46.6866 41.9528 53.4603 48.4165 47.5508 52.4607 48.4429 49.4041 46.9232 46.2305 48.7132 49.9844 50.3342 50.9291 52.7924 54.3929 50.0837 50.0391 50.9038 50.7761 48.2326 49.6425 48.9735 51.2164 50.2328 49.0241 50.0265 53.9328 47.2554 50.1478 48.4699 50.2957 52.835 49.1384 53.4715 42.5672 51.6278 50.4232 50.8954 49.9035 48.3856 47.7468 53.621 50.1128 48.2349 50.4615 49.7442 49.488 51.3007 54.1519 48.056 46.4214 49.0064 50.2309 49.0476 50.3894 50.3871 51.7184 48.7872 50.3942 49.9538 51.5475 52.4469 47.5059 50.2868 47.9363 49.3733 48.0678 49.0911 49.4793 51.7575 50.3885 53.6015 48.176 44.9087 47.904 52.1653 51.6195 49.8477 51.2628 50.5671 49.419 50.7824 56.6338 48.5462 49.0736 47.8132 44.139 45.1413 49.1402 49.6654 49.1843 52.2691 50.9643 50.0494 52.2302 46.2888 49.0508 48.7216 50.9106 49.3241 51.7342 46.9798 51.4917 45.256 47.1284 46.829 48.6706 48.1821 48.2836 51.6202 48.7634 52.3044 52.3057 53.6938 49.3956 45.1736 48.6557 54.597 53.9521 47.7404 46.4284 46.2834 50.031 54.5141 50.2615 49.4087
55.7106 46.9925 49.396 52.2088 52.9466 49.0721 47.5271 50.2655 48.612 53.3251 50.9344 50.6936 45.9167 51.486 48.6312 50.8941 48.6844 46.3346 49.0836 49.663 49.2913 45.8749 48.696 54.7786 49.6956 46.6505 47.3684 47.0379 50.4087 46.9879 49.1488 49.4855 53.9664 47.2734 48.0015 50.8594 47.4515 45.8506 49.8235 49.1449 53.3149 48.8374 49.1565 49.7131 53.3029 43.655 50.2827 47.6546 46.0036 48.7736 55.9311 46.1165 46.7942 51.9053 51.731 46.2098 46.75 49.5236 54.2748 48.775 49.033 53.6559 47.3225 45.7274 50.6074 51.3404 52.1278 50.3418 48.8726 48.9475 48.8063 47.6053 54.5395 49.3043 44.6217 52.7713 46.3258 47.6867 53.2173 49.1111 50.6599 49.2389 47.1144 44.5957 50.8743 50.6967 53.3241 55.2801 52.4614 50.2954 49.1475 50.3575 51.8005 47.5465 48.5301 47.1687 51.8666 50.4197 49.118 49.5197 54.5603 46.1539 47.6193 49.6451 49.5406 53.8095 50.9489 51.4465 44.7613 53.3116 50.5678 51.661 48.9203 48.0432 49.3289 52.181 53.381 47.5299 52.9336 50.3312 48.2319 50.2745 54.6725 48.9399 46.1117 50.3177 48.1434 49.8617 51.1073 50.2011 49.4953 48.1955 49.1597 49.7809 52.4697 51.1648 47.3963 51.631 46.1807 48.3633 48.749 51.002 48.0432 50.3247 48.2572 52.9005 46.7729 49.3307 47.7398 53.1314 51.7109 48.3214 51.8434 48.8425 48.6356 52.7927 55.6343 46.6902 51.852 49.3181 46.7823 47.4143 52.5262 49.8423 49.7602 50.4172 51.5141 49.5602 52.2792 46.4133 50.0462 48.3523 49.8244 51.4492 49.0922 46.0161 50.808 46.9488 47.3214 47.2787 51.6897 46.5179 46.8368 49.0022 48.5761 50.0071 51.0825 53.5689 48.0833 49.1117 49.5088 55.1468 53.7898 49.8929 45.0034 45.3291 48.6752 51.2857 50.3053 50.4585
56.7469 48.8014 51.4679 53.0003 51.9214 47.7332 48.9493 49.9112 50.0529 52.6465 50.2347 55.4405 47.9673 52.2247 47.5514 52.1843 49.8329 48.1799 53.385 51.595 49.9456 50.1138 47.2497 54.536 51.5335 42.9092 48.6619 49.0453 53.5169 47.9762 48.6332 50.3648 52.7398 52.7662 48.6715 51.9008 48.0229 48.028 51.6737 51.1533 53.3798 49.5141 48.87 52.8268 53.3531 46.1249 49.9436 48.3757 47.793 49.6356 54.1474 47.0616 50.145 52.2632 53.394 45.5014 46.2718 50.4728 55.4316 50.5297 51.3381 55.1859 48.6408 47.1995 50.1982 53.7218 52.9345 50.9996 50.024 52.6471 51.1138 48.5242 55.9187 49.4478 44.7546 55.7139 48.6867 50.3515 51.6314 50.8363 52.1138 50.0467 48.3508 48.6121 50.9439 52.4344 54.2768 55.9232 55.124 50.7143 50.3024 51.8596 52.0385 49.8843 49.1024 52.091 51.7763 49.9946 48.6262 51.0908 55.093 45.569 51.5006 49.4891 51.0638 55.6769 51.6419 53.0527 43.795 50.3611 49.8185 53.3211 49.9693 49.5564 51.0314 54.7795 53.2263 49.6474 51.906 53.4675 48.9112 51.8662 53.1297 50.3592 47.9374 49.9822 50.715 50.9209 50.0518 50.8992 53.2114 50.1622 50.089 52.5492 52.7162 52.0066 46.5817 52.2489 49.547 48.7165 49.6162 49.9319 50.7417 52.6253 50.3907 52.0897 45.8197 45.8438 48.5758 54.0895 54.3579 51.6254 49.245 51.0773 49.0336 53.4855 58.9462 49.7028 54.5318 51.4515 47.5579 50.105 51.6837 50.5065 52.0296 51.9407 50.3044 53.1063 54.0377 49.0239 49.9851 51.7725 51.168 52.4419 50.3021 49.1383 51.8966 44.8179 50.6999 48.4132 53.8141 50.228 48.917 51.1013 49.7976 52.0282 52.4046 54.4781 51.5054 50.1494 52.1847 53.8525 54.6384 48.7398 47.2859 48.0211 51.6918 52.3896 50.2207 49.5221
53.1166 46.204 47.0138 49.7821 47.1668 46.3632 46.692 46.6027 47.9112 47.2905 45.0122 50.7532 44.3648 46.5738 45.894 48.3036 48.4063 45.3369 47.0338 50.897 46.0116 45.5694 46.4455 51.7103 49.3457 42.6214 43.4973 43.8864 47.2996 44.2951 43.1873 47.0295 51.3631 47.7237 44.3247 45.8873 45.1047 44.713 46.3156 45.2866 49.1521 42.8453 45.9318 46.6389 49.4618 42.7238 48.412 45.6059 46.4511 45.7417 49.4913 43.5149 46.7658 49.0443 48.9846 45.8699 41.1928 46.3405 50.0981 45.5293 49.5202 47.8534 46.5384 46.1957 46.1565 47.9163 48.4071 45.8595 45.8645 46.6941 47.8833 42.7627 51.1147 47.335 42.5574 51.7831 47.5302 43.8544 48.6288 46.5108 47.1019 44.6364 43.3264 45.0657 47.2602 48.3583 48.5053 51.5052 50.2948 44.5095 46.1375 48.1045 47.3787 45.6289 45.4634 46.9443 50.797 46.9488 46.7261 47.7771 52.1518 45.1265 46.5549 45.8301 47.4452 48.7395 47.6623 49.0847 41.5264 47.0032 48.5131 45.5109 47.5974 47.2559 48.6073 50.1124 48.7152 44.5654 47.394 46.8098 46.3955 46.7717 50.4514 47.9741 45.1645 48.6651 46.0562 44.7442 47.7588 48.0762 48.8321 43.8815 47.0124 45.3455 47.9963 47.4039 45.778 49.6505 44.6991 46.6701 46.2664 46.5613 43.4702 47.2644 44.934 50.6514 45.011 46.7342 46.1389 50.2685 49.0208 45.2615 46.1725 48.2513 46.9316 49.5716 54.4429 44.2752 49.747 45.8463 43.0494 44.7559 47.2291 46.4925 48.0035 48.531 47.0071 45.301 48.9712 47.3289 46.8182 46.0467 48.1729 49.1269 45.8393 41.499 47.6017 42.6318 42.2552 46.3034 46.9447 47.1946 46.2182 46.2065 45.6828 49.3541 48.116 50.1383 46.057 44.3459 46.5569 51.472 49.2891 47.0896 43.7887 43.5857 47.4521 48.9515 51.803 44.458
56.3853 47.1657 47.9145 51.4412 48.3459 47.6695 47.8015 51.0003 46.9984 48.5298 48.8403 50.2794 44.2638 48.3295 46.8548 49.6963 46.505 45.3789 46.4387 51.0061 50.3388 44.9117 46.7145 53.2161 51.2576 43.7182 43.3956 50.2719 50.0801 46.1754 47.9218 46.9735 52.5802 47.7677 44.9209 48.1851 46.0981 47.3023 48.3676 48.2556 52.1989 48.0393 47.0035 50.088 50.8325 44.8486 48.2487 45.0868 44.0065 46.9976 52.5662 46.584 46.7297 52.4006 50.3868 45.8985 43.6946 50.0217 49.2715 47.6878 49.7287 49.693 47.7784 45.0526 49.7642 50.7097 50.4093 48.6863 48.0865 47.6833 50.1431 45.7937 52.0918 46.075 45.83 51.0691 47.2621 47.5395 50.1704 50.2252 49.2259 45.6322 45.2631 43.4082 50.2296 49.2575 52.5129 52.7304 50.7709 48.0526 48.9086 50.4962 49.5374 47.8863 47.1991 49.2542 51.357 50.1815 49.0549 47.4779 50.9744 43.9138 49.674 47.2613 48.2768 51.5427 51.8029 50.0736 43.3594 49.5992 48.8254 52.6935 48.7599 49.3463 49.73 52.0839 50.0046 46.6575 51.0869 48.7355 48.7413 47.996 52.1453 50.3444 44.7781 46.7211 49.1487 50.1545 48.3355 48.8307 49.6745 47.8251 46.4951 48.5534 50.8466 51.6657 45.9745 51.57 46.1078 48.0405 47.6531 49.1925 44.6951 49.9819 48.7897 53.3375 47.6798 46.873 46.0849 52.0318 52.5901 46.3731 50.194 49.7871 47.1 49.1072 56.0182 48.2052 50.8072 47.4252 47.4851 48.5118 47.6441 49.9564 49.67 49.2677 49.6564 48.19 51.3911 48.6524 50.2912 47.0905 49.6914 50.6752 47.6462 46.4441 50.001 46.4623 44.0915 48.4116 49.6341 47.4674 46.0482 48.6434 48.6629 51.7985 51.1677 50.8835 48.7549 45.8839 47.7642 50.7509 51.5702 47.7387 47.3331 43.2054 49.1454 51.1552 50.7839 47.1887
53.1216 46.53 44.1488 49.2423 46.7276 46.794 45.8046 46.8649 47.2259 46.4836 44.8914 48.1461 42.4259 48.3691 44.4964 48.6297 47.1781 44.5246 46.5882 47.7419 43.8947 45.0189 43.9518 50.9152 48.468 40.0922 42.9277 44.1749 46.0827 42.4878 43.3825 44.665 48.6326 48.634 41.7763 45.1831 45.5755 44.8392 46.8885 43.7832 49.5648 44.2545 44.891 48.7043 50.0363 40.9209 48.001 44.6954 42.9429 46.1307 48.6137 42.5351 45.0853 49.0924 47.8478 43.1713 43.3284 45.0738 46.6355 45.04 49.5741 51.5533 46.9578 44.4715 45.5015 48.1001 48.52 47.2746 45.6247 48.1265 48.7638 42.2686 48.8772 45.9731 43.7443 52.3399 46.6576 46.2427 47.5822 43.3357 47.3276 44.0779 43.9054 43.6932 47.1523 48.7856 49.3265 48.4744 48.8271 45.3752 44.4849 47.5458 48.5897 48.1029 47.1308 47.3881 48.7687 45.1297 44.4177 46.9462 50.5465 42.7237 45.8612 43.9838 44.4046 49.0915 44.3858 50.783 37.4649 47.195 47.9751 47.0687 46.3804 45.6119 48.942 47.4047 47.9954 44.1949 47.7567 47.9972 46.2248 46.7891 49.9864 45.7214 41.465 46.125 48.0151 46.3149 48.5616 48.0929 49.1792 45.5308 48.8516 43.9735 46.0492 49.1275 43.9593 49.0456 46.043 46.0231 46.4562 45.2961 42.9935 46.297 45.1312 49.1566 43.3446 43.6619 45.6679 48.202 49.1033 48.1303 46.6873 44.5525 46.9109 47.4428 55.0982 47.2762 48.112 45.6334 42.7034 42.3528 46.2353 48.0682 48.2217 46.758 46.0524 48.6715 46.7854 42.534 46.6582 46.9448 44.9677 46.3243 45.5017 41.1008 47.2932 42.2143 44.5062 46.8935 47.6768 44.9132 46.4691 47.5875 46.8619 48.06 46.6821 50.9194 45.7045 47.1668 46.972 48.4222 51.9719 46.5738 43.0292 44.1577 48.1647 50.8313 48.8943 44.0543
57.1232 49.6424 51.5092 55.4948 53.7317 50.3744 50.0931 53.7921 49.9205 54.3598 50.9461 56.8609 46.8182 52.9952 50.3176 53.82 50.828 48.5279 52.5993 52.4986 52.3614 49.2618 49.7134 56.6605 53.5213 47.5124 49.1368 51.5707 54.7231 49.6654 50.7605 49.3388 55.13 50.851 49.1294 51.9124 50.5554 48.4339 53.7773 51.4579 56.1794 50.9114 50.7599 52.9448 54.1427 46.0393 53.9109 50.6354 48.3517 50.5952 54.2874 49.4046 51.1255 55.7686 54.5972 47.651 47.7543 51.9174 54.1848 50.8071 53.2578 55.472 49.5466 49.6628 51.3633 53.2789 51.7641 51.1586 51.3299 51.1228 53.2337 48.4449 53.8843 49.3873 48.2651 55.1366 49.9839 49.2157 54.1774 51.0099 51.8697 48.358 51.065 49.7213 54.5802 52.4354 57.3933 57.0776 56.3725 48.9526 50.7952 52.3435 51.262 49.5449 51.2252 50.4595 52.5766 52.3854 52.1958 53.1454 55.4135 48.12 51.8599 49.8254 53.5354 56.6235 54.1873 55.1303 47.5811 53.4989 52.582 53.104 51.4138 49.7023 53.0109 54.8746 53.2907 48.8278 51.803 52.2397 50.2406 51.3679 52.6127 52.4462 49.9687 50.2533 51.586 51.8001 51.0908 52.7125 52.9245 49.8344 51.259 52.6259 53.0254 54.476 47.4642 53.8737 50.3441 50.6569 51.9715 50.0855 48.8655 53.257 50.8441 55.6298 52.5631 48.8439 47.5163 55.8072 55.1641 52.5166 52.8362 52.2089 48.8367 53.5641 58.6022 49.7122 53.3657 51.0202 47.4722 50.0967 50.2948 52.706 53.3563 53.3764 51.0637 51.1257 55.0822 49.3156 50.7503 50.056 51.8006 51.4694 50.6611 48.8086 51.4275 47.5952 48.4521 50.9599 52.265 50.3771 50.6678 49.9352 51.4306 52.7041 52.327 55.5144 52.918 49.6307 51.542 54.9841 56.8524 53.1496 48.414 49.3677 52.1658 55.761 53.0426 52.5885
59.0727 51.4163 49.5357 53.9637 53.1471 51.8859 50.2905 54.1825 51.2066 53.3976 52.6575 55.3155 48.4948 54.073 48.1474 53.4663 51.9216 49.3603 51.5534 53.1949 52.7528 50.0066 53.1759 54.8398 54.3685 48.4016 50.0321 50.0569 51.9486 51.5286 50.6488 52.9841 56.8786 53.4648 48.5122 51.4479 50.4401 49.0034 52.9012 49.0924 53.5313 49.876 51.5222 54.3611 56.5101 46.3592 49.3939 50.766 46.5596 50.1852 54.9704 48.4993 51.688 53.8204 51.7753 49.1011 46.5409 51.4244 51.735 51.5146 54.1437 55.8741 50.7648 49.7436 49.5402 52.9645 52.6453 52.936 52.4294 51.3101 54.0868 47.2823 55.7689 49.4712 46.3682 56.1483 50.4595 51.1085 54.7248 52.4959 50.363 49.2393 49.8304 48.6571 52.2552 52.4651 54.3627 55.2176 56.3895 50.6201 49.7286 53.7567 52.5291 49.4609 50.4173 50.5181 52.3504 52.4024 51.6068 52.7386 55.984 47.6803 53.6109 49.0428 54.2364 54.6269 50.7126 53.1146 48.0874 52.7296 50.6228 54.5547 51.4502 51.8173 51.5343 56.2994 53.1539 50.1293 53.5303 53.2313 51.9582 52.1282 53.6092 52.434 51.8915 53.2777 51.2088 51.6937 52.4165 53.5379 53.0701 49.177 53.3233 51.6297 52.1702 54.228 50.2434 54.4305 48.8204 52.0185 49.4264 51.4622 49.2081 53.2889 52.397 53.255 51.2175 46.6384 51.4355 54.9322 53.9758 50.4484 54.287 54.2406 52.4585 50.0529 59.3158 51.3794 56.6564 48.8069 48.0132 47.7041 51.4926 51.0498 52.5828 53.6239 52.2436 49.9421 54.2992 49.3551 50.3113 52.1837 50.8077 53.4088 52.0352 46.9848 55.079 46.7734 51.6083 50.1429 53.3165 51.0181 49.243 51.684 50.0721 52.8208 53.7407 53.3678 50.9482 49.3735 53.5633 56.3173 55.3061 49.6207 50.1566 46.616 50.7946 53.1959 51.6977 51.9561
58.6368 51.3021 50.714 52.483 50.8034 50.5841 50.0425 52.3427 48.4866 52.1029 48.8676 52.9869 47.5969 52.4255 47.6024 51.1616 50.6489 48.5293 50.3332 52.5709 50.0922 45.448 48.2139 53.0955 53.3995 44.8061 47.7407 48.4194 52.354 49.8791 49.1119 49.13 55.4974 53.1705 48.8243 49.6215 48.825 47.907 49.7294 48.3157 53.3008 50.2303 49.1447 51.8172 53.4475 44.7817 51.4981 44.275 44.4868 50.7073 52.3949 47.8445 51.8706 52.9165 50.4609 47.7322 45.7199 50.8799 53.8687 49.4367 51.7307 54.1451 51.5881 48.1797 49.8543 51.092 52.9165 52.091 49.1862 48.8614 52.4761 46.4041 54.0357 46.9441 44.6606 53.1162 47.9346 50.4346 51.4538 49.7837 50.2754 46.7264 47.1851 47.4908 51.5133 52.6889 52.7364 56.5632 53.0814 49.8117 48.626 50.7544 51.4488 48.8089 48.4955 49.7334 51.8958 50.7258 49.7771 52.2138 55.4951 47.9572 51.3063 50.9265 50.9513 52.562 50.9142 52.7629 44.1973 51.3595 51.5576 51.5527 50.0136 48.7453 51.8301 54.0171 50.2789 46.8383 49.1858 51.0675 49.2767 50.0994 52.5687 49.0936 47.2431 51.1857 51.1321 50.6591 50.376 50.6578 49.3303 49.4751 48.8244 47.7059 51.3472 50.0791 48.8618 52.4748 48.9888 47.5432 49.4484 51.0725 47.0752 51.154 50.299 53.1575 49.8317 49.2282 48.3551 51.5687 52.873 48.4885 49.0416 49.6528 50.7001 51.266 56.2641 51.6014 52.9286 47.5673 46.9806 47.1211 51.6776 50.0797 51.0974 50.5035 51.6495 50.5507 54.1661 47.8806 49.93 50.8957 51.159 50.4788 50.307 47.3868 49.0055 45.338 47.3322 49.3173 47.8967 48.3287 49.2001 50.2919 48.8496 51.7314 52.8774 53.4358 51.4884 48.819 48.0148 54.1316 53.7178 49.8835 47.0949 45.8305 51.3994 52.8937 52.0141 48.9407
55.1254 47.2829 49.6352 50.5032 52.6739 50.2918 49.9579 49.7341 47.9133 51.5451 50.5369 53.869 46.9505 52.0864 45.143 50.4798 49.434 47.6201 49.161 50.2125 48.3322 47.1292 47.6915 55.4788 52.6484 45.0335 44.8893 49.5609 50.8013 47.0921 47.2676 49.0134 52.5175 50.5459 47.7012 49.61 46.4153 48.7289 47.7292 49.5258 52.2135 48.1237 48.3942 51.7131 52.106 45.3354 51.804 46.2689 45.9812 47.5154 52.772 46.74 48.3783 51.9761 52.036 47.2206 45.7206 48.7348 52.563 48.319 48.9206 51.774 47.2433 46.6693 49.4118 52.6035 52.0016 49.2393 49.872 49.1714 52.3715 46.8055 53.4909 49.3383 46.3747 52.6019 48.1513 47.5238 51.2031 49.414 49.8695 48.7594 49.2097 44.9326 50.4376 50.447 51.9965 55.6632 52.3386 49.0081 48.9186 49.0724 49.5892 49.5063 48.9914 51.2228 50.4895 51.3426 46.99 49.7263 54.558 45.3974 51.3416 47.0431 50.1254 56.2735 50.0409 53.8923 46.4813 50.7936 50.2542 51.0659 49.3411 47.0424 50.2679 50.8354 51.0799 48.8485 51.2264 53.4756 49.3955 47.5716 50.818 49.0973 45.6388 48.2017 50.5397 50.8454 50.8653 48.4202 49.9641 48.7079 48.8663 46.8141 48.825 50.0633 47.8797 50.9641 47.187 47.8769 47.9109 48.6373 48.1406 52.2251 50.4155 54.2211 50.5491 47.3159 47.8154 52.6185 52.6112 48.1908 49.2892 48.8143 49.1928 49.7776 56.4725 47.184 51.1028 48.8999 45.4502 48.3037 50.1058 50.2585 50.2022 51.6347 50.0506 51.9447 54.2466 48.5102 51.111 48.3982 53.1263 49.4163 48.0888 50.4313 49.373 44.7554 45.152 49.8965 47.4138 48.6172 48.9133 52.4299 49.5916 50.3028 50.2083 52.0561 49.0392 47.4783 52.0168 51.8791 54.3666 49.2248 48.4366 47.8627 50.2593 52.3121 52.7888 49.0602
51.6768 44.5658 43.8202 47.9872 48.5407 45.2462 45.6269 46.2035 47.2325 47.9339 44.9634 50.3314 42.3102 47.2963 46.3443 47.2187 44.4232 45.419 45.6591 49.2626 43.9502 44.1849 46.1187 51.9691 48.2337 41.2289 42.0704 42.743 47.3496 44.6389 44.5692 44.5873 48.2899 45.5999 42.8396 42.8377 45.5166 42.4746 47.3135 44.5886 50.8692 43.8011 43.9432 48.0536 47.8893 41.2882 47.1161 42.6581 41.0145 46.0512 49.2229 43.0994 45.0322 47.8901 46.3725 43.3456 40.5591 46.8569 47.7861 44.1801 48.4744 49.1852 47.0073 46.2648 46.0254 48.5028 47.789 46.6342 44.2477 45.847 44.917 42.0956 48.6732 44.7297 40.6742 51.413 45.8243 44.9935 46.5294 46.0263 46.5966 44.3801 45.7263 45.5604 48.5444 48.4379 48.5443 49.0888 49.1104 44.3541 43.849 46.2071 47.6615 45.3929 46.0236 43.6129 46.6044 46.206 44.9587 46.2723 49.5466 42.8651 47.6787 43.1734 47.0799 48.7055 46.0081 49.463 39.9875 46.9264 45.9407 46.416 44.4606 45.3046 46.2644 48.9987 46.6415 44.8239 45.9143 45.2646 43.7975 45.1132 48.3699 45.6172 44.1864 46.6283 47.7867 48.2484 47.5048 44.7043 48.3505 46.9961 45.1228 45.2006 46.9253 47.8268 43.5066 49.4611 43.6881 47.3779 46.1259 45.8532 41.197 44.7015 46.1618 49.6071 44.1642 43.9215 44.5307 48.4873 50.3014 44.1824 44.8539 46.0211 46.3 48.3984 52.8421 45.7841 48.8598 44.863 44.4802 43.5979 46.4252 46.2942 46.7004 48.1119 47.4439 46.252 49.304 43.672 44.5206 44.7867 46.8802 46.3394 47.8331 41.5468 47.9285 41.9515 44.3206 45.3136 47.0018 46.1308 44.4643 46.3821 43.4642 47.6473 48.5236 49.614 47.7462 44.5961 46.1676 47.2536 49.2608 46.4235 45.1377 42.0401 47.62 49.7588 45.1812 44.729
58.1441 52.2122 52.6014 55.9656 56.1523 52.134 49.4224 51.6177 53.4189 52.0466 50.5037 57.2985 50.1398 53.1936 50.214 51.5419 49.7081 51.7415 54.7978 52.7069 51.4071 50.2553 50.0152 57.0281 53.7179 48.3462 48.594 49.9962 51.5594 50.3133 50.4643 52.5431 57.0947 51.4978 51.5281 53.4253 50.0433 48.287 54.4893 51.3244 55.4006 50.2806 50.3333 56.6276 55.679 46.7419 52.2528 51.1981 49.9156 51.5274 54.8177 49.278 53.8208 54.9702 54.1966 49.6517 48.5276 53.0208 52.0001 52.4663 54.0242 56.0448 51.3794 51.4174 52.304 55.6472 53.8316 53.4323 50.96 52.4514 52.7606 49.1113 56.138 50.0365 48.6786 55.2163 52.2899 48.0941 54.959 52.5479 52.8654 48.8134 49.2969 48.2832 53.5659 54.6489 55.2096 56.2384 56.0319 50.0523 51.4769 53.5373 55.0008 50.0045 51.6553 50.0669 53.0825 53.4473 51.8248 54.0626 57.2871 47.1388 53.9535 50.0315 54.2953 57.1281 53.2892 55.7134 49.1541 53.3718 51.0995 55.9834 50.5597 52.3383 51.2374 56.1968 51.5873 49.6649 55.0698 52.4564 53.5798 53.7742 53.7024 52.4275 51.9176 51.0234 52.3838 52.2017 54.5407 53.2256 52.7176 48.8404 52.3763 53.5249 53.0202 56.6095 50.1243 55.0247 49.1169 52.6691 51.3896 51.5514 51.3026 55.5562 53.475 54.5401 52.4652 48.023 51.2321 54.1926 53.8802 52.6199 51.7462 52.6255 50.4089 53.8766 60.5633 50.0732 51.379 50.7574 49.3734 48.7851 51.7558 52.3359 52.0177 53.7568 50.6875 55.2085 55.2583 47.9172 51.9857 51.4877 52.7282 55.2299 49.2805 49.1175 53.4558 47.1464 49.8196 52.4983 52.9852 51.1471 51.2257 53.7966 51.4778 52.3168 54.527 55.1151 51.2463 50.433 56.3193 57.8053 54.663 53.2678 49.04 48.8129 51.9603 56.0852 53.7858 52.7461
56.257 48.088 49.2832 52.914 51.1098 51.1005 48.2663 48.4693 51.0264 53.3911 49.403 53.7917 47.4949 51.6374 46.5659 52.519 51.5138 49.8063 48.9476 51.5526 49.5206 46.4458 47.9536 52.6869 52.875 46.0137 49.1851 49.3698 53.0854 48.1521 51.4461 48.7186 54.5889 50.0557 47.9558 48.7383 48.8048 46.2943 51.1005 49.6528 52.2144 47.0244 49.2975 52.7323 52.3212 45.0379 50.2593 46.9454 47.4423 50.2929 53.9427 48.1061 49.841 52.6591 52.9627 45.8595 47.7508 50.1541 54.7652 49.9113 51.2078 50.5476 47.5909 47.3127 49.1148 51.3895 54.9192 51.3851 48.6117 48.8089 51.4343 45.2491 54.6308 49.3948 44.4819 52.4921 49.8993 48.6186 49.6734 48.1229 50.8651 47.7108 50.2334 48.8933 51.2549 51.6865 53.2636 55.6712 53.1909 50.8515 49.5746 50.285 51.0367 49.3839 50.187 50.4287 50.8347 50.5257 48.3819 52.2256 52.6384 45.5068 48.708 46.3455 50.9994 54.1169 51.2422 51.9136 45.4471 50.6574 51.7784 49.9087 49.7897 50.4361 52.0709 50.6949 50.1739 47.5471 50.9217 51.519 48.5577 48.4917 53.9615 49.3347 48.9426 50.1713 48.3768 48.8314 49.811 51.913 52.0689 47.1438 51.6382 49.9778 49.3256 51.8978 46.8761 52.6531 48.8846 50.8959 50.1198 49.2825 47.4664 49.4546 50.4929 51.8149 48.9601 47.4649 47.5254 52.1472 53.1483 50.3561 50.3808 52.1873 48.9098 52.2084 57.3116 49.0273 52.1185 50.431 45.7321 46.9235 49.2109 50.3475 52.8444 52.5751 50.4083 52.7409 51.3114 47.8404 49.266 48.4626 50.1015 52.1489 53.8912 47.8465 50.4457 46.4087 48.7203 49.8906 53.5343 49.4157 50.0198 50.7377 49.4658 49.7739 50.1918 56.4605 50.1785 45.1578 49.7661 53.5589 54.3285 52.6961 45.9432 46.4247 47.1955 53.6897 52.5521 48.9712
53.8638 49.0668 48.7192 53.1939 50.7152 50.1673 48.3941 50.0789 48.2572 50.2458 47.1169 54.0131 47.7593 48.1468 47.0882 50.8978 47.6165 49.1064 48.2353 50.3842 48.3379 48.1488 49.0034 53.5527 52.1016 45.1825 46.2528 47.6573 51.3293 48.5741 47.5004 49.7036 53.902 51.152 44.516 49.5475 47.9028 45.2708 50.9802 48.0209 51.0455 46.9909 46.9202 50.3453 53.8221 43.4481 51.1465 47.2078 47.0864 48.7071 53.2669 46.2073 47.7282 50.106 49.101 46.1921 41.3681 47.7079 51.7125 48.2398 48.7791 52.1205 46.8545 46.2688 47.5921 49.5754 51.0684 50.5466 47.3801 48.5034 50.5162 46.13 54.8422 48.37 41.2379 54.3257 47.7535 48.5268 51.8403 47.3316 49.2591 45.5409 46.4111 47.4662 50.1822 49.0069 51.6038 53.8224 50.8875 48.5199 46.4602 48.8062 47.6871 47.0665 48.9342 49.3177 51.8703 48.8263 48.4261 51.4459 53.9831 43.9723 48.2422 46.1481 49.1245 53.6387 47.6369 53.2127 45.5125 50.9031 48.596 49.8073 49.4666 48.0036 50.7144 51.5468 50.2273 46.5278 49.844 50.3809 46.8156 48.4401 50.1864 48.575 47.5527 48.7041 47.9906 48.1676 50.2865 49.1663 48.5041 46.5696 48.7931 49.6852 49.2081 49.2163 46.3359 50.3561 49.7281 48.0927 49.2649 48.1097 45.2914 50.2258 47.4747 52.6713 47.5635 47.832 48.4552 53.4073 52.6712 46.5748 50.8047 49.2774 48.167 50.6445 55.8317 48.624 50.8859 48.1681 45.697 47.2454 47.4041 47.9912 50.1083 49.7664 49.3557 49.8564 51.7508 47.517 49.1549 46.816 49.0023 51.6157 47.7833 46.0278 50.9624 45.6181 46.1141 50.0722 49.7423 47.5146 46.176 48.22 47.5421 51.9326 49.6864 53.8333 46.0173 47.2786 50.7218 51.4874 52.9522 48.919 45.0153 46.1398 51.3336 51.2538 50.6158 48.9694
55.0936 44.4372 48.018 49.9444 49.3968 47.4671 47.5534 46.9455 47.8917 48.3239 46.0111 50.8288 44.385 48.7595 46.3758 48.0944 45.8842 45.2217 46.5418 51.1572 48.0037 45.4912 44.3457 51.3778 50.778 42.7545 42.5293 47.5029 49.9344 45.593 46.349 48.3636 52.4034 50.7306 45.1013 47.798 45.7626 45.7002 47.0284 44.7505 52.5638 47.2103 46.0737 50.5291 52.1467 43.7517 47.0882 46.3158 44.7756 47.4811 50.9793 43.1809 47.6868 49.2022 51.4672 45.9515 44.5275 49.2473 49.3668 49.1857 50.0627 51.2018 48.3265 45.8065 48.5475 49.0419 48.2339 47.7739 45.3598 48.1051 48.4079 44.6369 52.0114 48.4534 43.0118 51.6707 44.3428 46.008 50.6188 48.7283 47.8016 46.3441 45.997 42.7531 48.9101 50.3625 50.585 49.8029 49.0562 44.9715 44.2012 47.7267 47.6028 46.8392 45.7663 47.1037 49.153 47.2159 46.7974 47.5528 51.7373 45.7724 48.2258 47.6553 48.9978 51.344 47.9094 50.4848 41.2442 48.5562 49.1543 50.5957 46.9204 46.4236 47.6633 52.6806 49.7342 47.9797 49.4862 47.3953 47.3329 48.2055 49.9469 49.018 44.4371 46.5944 47.1102 48.839 50.0256 49.1006 48.3236 48.0957 46.0635 47.2343 48.3801 49.0735 47.0482 47.4421 44.7115 47.3041 47.509 49.2029 43.926 49.3922 47.7486 49.7698 47.3651 45.0986 46.0385 52.1795 50.914 46.4628 47.1103 47.2302 47.1491 50.3811 53.7507 45.7417 50.0666 47.871 45.9676 46.1734 48.3793 47.5542 48.7815 49.5726 47.1399 48.3048 50.2844 44.3733 47.3778 47.8038 49.1732 49.9708 46.5572 42.9471 49.1748 42.3675 45.2835 46.6864 47.8502 44.3659 47.7708 49.0584 47.4298 47.6304 50.1382 51.666 48.73 46.7097 49.1366 50.5357 51.3109 45.5109 45.0698 42.3595 46.2774 50.8699 50.4307 47.043
48.2833 42.4879 44.9824 46.0989 45.9634 47.1666 43.8834 45.6625 44.0954 45.5261 42.9423 47.9378 42.1248 44.7421 40.6624 41.7847 43.758 44.6795 43.6318 45.4601 43.795 42.7342 43.5053 45.8982 47.0527 38.8087 43.2089 43.0178 44.8715 43.5195 45.5648 46.6129 47.7366 45.5895 42.3794 45.6621 42.7368 43.7299 43.6187 43.6923 45.9412 44.1089 42.5074 46.1353 47.1438 39.5182 42.8317 43.7155 40.4794 43.8571 48.3379 40.4166 45.1183 44.8365 45.4919 42.809 39.3944 45.0532 47.536 43.6815 45.9133 47.5277 44.5837 42.2976 43.7801 48.3171 44.7301 42.779 44.314 44.1085 45.6414 39.2464 47.6906 42.9799 37.7933 47.6532 44.2135 44.1522 48.0021 42.4802 45.3829 41.1497 43.4703 39.2734 43.9381 45.1426 46.8654 48.5929 48.7387 43.9069 44.5057 44.7931 44.4397 42.7633 43.2991 44.7984 46.2476 45.4767 41.0143 44.374 47.7257 41.4254 43.5025 41.3239 44.6223 50.2288 44.6897 46.1274 38.2241 42.6997 44.0591 46.7816 42.2319 43.1556 43.9804 47.0485 44.9155 42.7471 47.0232 44.6769 43.3655 44.0694 47.8319 43.273 44.5889 45.6117 44.5603 43.2591 42.9113 44.9736 44.1521 44.07 44.6549 44.0162 43.6449 45.8707 42.4141 46.7302 44.0446 44.9759 44.6177 44.1233 42.8253 45.7138 44.6607 46.4045 44.0565 41.6527 42.0611 45.7547 49.248 44.3207 43.828 42.9027 43.0237 46.9347 51.5595 43.8888 45.3355 41.563 40.9942 42.2405 44.6606 44.7608 45.432 46.6403 45.483 43.5561 47.1511 42.4168 44.7603 44.9259 45.793 43.9467 44.3569 41.2834 45.9823 41.5929 42.6269 40.9658 45.5685 43.963 43.9814 44.9716 43.4497 45.5973 45.2326 45.6178 44.656 41.015 45.3002 47.4447 48.3391 42.4384 43.3124 40.7133 46.7693 45.3471 46.0087 43.6432
55.3168 46.7322 50.5132 52.4254 52.6389 48.0896 49.2482 50.8189 50.5366 52.2497 50.5563 53.3426 47.9268 51.9535 46.6408 50.1518 49.3879 48.3593 47.5417 52.1272 48.6036 47.2 48.9527 52.4272 54.0736 47.2992 45.5048 50.1682 49.7172 46.6567 48.6245 49.8274 53.836 50.2242 45.3716 50.574 46.3385 46.8356 48.6359 48.5073 52.9953 46.7403 48.4389 50.8081 54.9532 44.5734 50.0518 48.6421 46.3491 48.4581 54.2912 46.5463 49.6541 51.6863 51.5048 45.9051 46.1997 50.1776 49.6329 50.0324 52.3437 52.3612 49.5895 48.3827 48.2515 52.8143 51.7042 49.2046 48.8735 50.8224 52.0779 45.8271 53.3928 49.1364 47.1509 53.4528 49.858 49.82 51.0503 48.963 50.044 51.6109 49.0258 45.5381 48.2536 52.5571 51.5976 54.7063 53.8578 48.3934 52.1305 49.5712 51.0194 48.9549 50.8673 48.2541 51.8095 48.7174 48.2295 48.7854 53.6426 49.2673 52.4793 49.7884 52.9667 53.0348 53.1367 51.6895 43.9331 50.3856 50.663 49.9523 49.468 49.0868 49.5268 52.4051 50.5957 49.0703 52.6406 49.9005 50.3439 50.3018 50.8039 51.8736 47.2323 51.2715 49.9945 50.2357 51.095 49.3987 48.4592 48.8509 49.7219 48.9539 51.8629 51.2466 49.2086 49.7847 48.1445 51.3189 46.9439 49.0815 46.1457 51.7874 50.423 51.9789 49.7222 46.9894 49.1644 52.2717 52.5822 50.4824 50.9992 49.2694 49.6031 51.6085 58.3467 50.7219 51.4631 46.6698 45.5412 47.9178 49.9606 48.9765 51.2039 49.5714 49.7154 49.6625 52.3157 48.4255 50.9063 49.1914 51.9626 50.2384 49.163 46.6203 52.7131 44.9482 44.8917 51.4124 50.9154 47.9221 49.2525 50.2007 50.8754 51.6475 53.0455 51.3567 48.7249 47.3975 52.5703 51.8561 53.5386 47.4952 47.5373 48.1377 48.2148 50.1635 51.5694 49.4208
53.4554 45.7997 46.5443 48.2139 48.0037 46.7782 44.0891 46.5386 46.3394 48.0103 46.0357 50.382 44.452 46.8161 47.678 48.1891 46.4265 42.3992 46.159 48.0936 45.628 44.6974 44.8811 51.8758 48.2137 42.9904 43.0794 45.7608 48.3224 44.4552 45.1644 45.2432 48.5132 47.5166 44.2285 45.8449 42.0792 40.0631 47.2561 46.1492 49.7751 44.9068 45.3173 48.8537 47.8886 40.7476 47.1913 42.7657 44.1836 44.7508 49.7251 44.8318 45.9877 47.7516 48.5116 44.3902 41.6646 48.3938 48.1302 45.2432 48.5692 46.9492 45.937 45.4861 46.2154 48.386 48.6338 46.6113 46.9479 46.5406 47.0045 41.9668 51.6221 45.5659 41.2203 51.027 43.7442 45.2752 46.8984 47.966 47.3276 44.23 46.0017 45.2183 48.1846 48.2697 48.6401 51.0628 49.9117 44.5167 46.5569 47.1996 47.6831 45.1944 44.6238 48.8186 46.98 48.0903 46.1719 45.4938 49.2895 39.5196 47.49 45.6259 48.8723 49.7945 49.1334 48.8569 39.255 47.4317 45.6305 49.1991 44.6263 44.5137 45.8996 49.4297 46.5941 47.3698 47.1886 47.6976 44.9084 47.2265 50.4936 45.9775 43.633 44.9475 49.0889 47.517 46.1302 46.8673 49.9537 43.0735 45.5438 47.6355 48.1868 47.0894 41.8593 49.0009 43.9527 44.1561 44.6473 46.0944 44.4447 47.7903 46.3503 49.8663 46.0607 43.0752 45.9478 50.0375 50.7315 45.3442 44.1245 46.9665 45.0751 48.188 53.0574 47.0147 50.7573 46.5432 43.8425 44.9355 47.2289 46.485 46.1092 48.7481 46.2207 47.5013 48.4866 44.9423 44.762 45.6726 47.5918 46.4934 47.9553 43.8887 44.6818 44.8003 46.5822 44.255 45.0192 45.7933 44.791 46.6953 47.9496 48.5217 46.83 49.5077 46.6971 44.4998 46.6227 48.6658 50.1194 45.795 42.926 41.95 47.4424 48.3737 49.4558 46.7037
55.7179 50.4761 50.0511 52.2805 52.2508 48.7721 49.4807 49.9954 50.0251 52.174 50.0099 54.2008 46.7338 52.4678 46.5533 52.9391 49.4018 49.2489 50.6004 52.5935 48.659 47.3973 46.0293 55.536 54.3189 45.384 46.2969 50.1298 52.406 45.8945 46.0522 50.9706 53.9418 50.7239 48.8602 51.4702 48.3039 46.3258 49.2733 49.595 50.6476 47.5769 48.3277 51.0168 52.1299 45.9114 53.406 47.8488 47.6658 49.8024 55.0866 44.5117 51.0991 51.8648 52.5448 46.6009 42.8743 49.0183 53.8427 48.4449 50.4107 51.5357 50.717 46.9201 49.5081 53.6246 51.1881 51.5447 50.1199 49.9809 53.2801 47.9187 52.6276 47.2028 46.5479 53.9603 49.8201 48.4216 51.9754 51.0601 48.8292 47.9269 51.7339 47.9574 50.5238 50.9429 52.7757 54.7751 54.5541 48.0467 47.9162 49.9917 52.2242 49.7003 51.4629 47.9888 51.096 49.8665 50.0585 51.7729 54.7639 45.9481 48.4825 48.2944 51.2692 55.7354 51.9038 54.5355 43.9392 50.529 51.3339 51.2884 51.2212 51.3339 50.5926 53.8368 51.8965 48.8799 50.5936 53.0174 48.4867 49.6455 52.1585 50.9251 44.96 49.5626 52.0832 51.9534 49.7651 49.5399 51.9001 49.2283 48.5377 49.9802 49.3524 52.768 47.242 52.9777 48.3133 50.0335 50.1582 50.7899 48.5997 52.885 51.5598 55.1913 50.0289 48.4831 49.0359 52.5127 53.4852 49.9538 49.0404 51.4856 49.7138 53.3712 57.3911 49.7986 52.688 49.1883 49.4033 48.6701 50.1212 48.5052 49.3236 52.6271 51.4799 51.1622 53.3598 49.2609 49.715 48.2321 52.7294 50.439 49.299 47.223 49.9545 47.6261 46.7128 50.6605 48.9808 48.6784 49.3561 51.2802 50.1153 52.0406 51.7845 54.9163 50.2834 45.5884 51.9911 53.0549 55.1504 51.6623 48.5171 47.1891 48.6119 53.0147 51.5824 48.0881
57.9741 50.2464 50.3094 54.4915 52.9096 51.0596 50.0899 52.5059 52.7724 52.7658 50.0173 53.074 46.6821 53.7602 48.2802 53.2203 50.2973 51.5399 50.2804 53.2113 49.9009 47.6398 47.1612 54.9721 53.6518 47.7188 46.3564 49.1558 55.027 50.4896 49.1944 51.8507 55.142 52.4263 49.4044 49.6961 49.7759 47.4775 49.95 49.1223 54.6443 49.906 49.7007 54.6724 54.7626 45.6528 50.6315 49.2348 49.3552 51.6277 55.716 48.0695 49.9098 54.4476 51.9575 48.3565 46.9605 50.7131 53.1725 49.1777 51.8516 53.9939 50.7932 50.3531 50.1337 54.1293 54.3283 50.5632 50.0506 54.3693 54.0211 48.2925 54.0499 49.231 45.9218 54.7671 49.7449 49.7618 51.265 50.0028 52.2455 46.2099 49.2407 47.4969 52.0141 50.7185 52.2814 57.6273 53.6035 52.4384 51.883 52.3587 49.7883 50.7931 51.4213 51.0663 51.8911 50.0901 49.7843 53.0292 54.6968 46.377 53.821 50.2175 52.3356 53.6195 53.0795 54.7308 44.7221 53.5103 52.1172 52.338 50.1758 52.4424 52.5944 55.7855 51.5597 47.9042 51.4516 52.2239 50.2248 51.0175 53.0923 50.1813 48.2651 50.2344 54.1898 51.0944 50.6382 51.3317 51.3816 49.9163 50.5367 49.7631 51.386 53.3306 48.3382 53.7898 48.9767 51.8818 50.2472 49.7913 49.6911 51.6873 53.2097 56.1977 50.3954 49.0609 49.657 52.7504 56.5506 50.9731 50.6014 52.0151 48.8131 54.3027 58.9811 50.2929 52.0456 46.0305 50.3643 47.0623 48.8113 51.2564 51.6584 52.6793 52.3192 53.3651 55.4774 49.5458 50.6851 52.0557 52.7595 49.4718 52.1528 47.9776 53.7264 45.0896 49.8326 47.207 48.8335 49.9621 49.5798 50.9903 51.4061 52.9455 51.4736 52.6612 51.8141 47.4695 51.1695 54.2686 54.8616 50.1298 48.2487 46.7595 50.0158 54.3838 52.6393 51.2497
52.7585 48.0905 48.1718 51.9916 50.3951 49.395 46.7984 47.3978 48.1676 47.7177 46.2293 52.5315 45.606 51.5781 44.1102 50.8957 45.6325 44.1792 48.2827 49.9733 47.5415 44.6877 45.7418 52.4748 48.8614 43.2587 44.1402 48.8294 50.7252 46.0129 45.5472 47.0604 51.1286 48.8396 45.4335 48.4056 47.7626 45.2191 48.7057 47.4161 50.0313 48.2547 44.4535 51.1623 50.0277 45.2387 47.2363 45.6021 46.2953 46.8966 50.4129 43.243 47.7329 49.3154 49.9252 46.0969 42.8148 47.0219 50.6219 45.0283 49.1677 52.567 48.2578 45.3557 48.0121 52.3009 50.0988 48.8471 45.9736 47.2136 49.7679 45.0456 50.8516 46.6706 43.3296 52.2943 47.7332 47.2706 50.5186 45.9756 50.9229 45.6402 44.3528 45.9147 50.7142 49.2602 50.8051 53.8039 50.8537 45.6253 48.3586 48.3996 48.9615 47.4558 44.3136 46.3341 47.9469 46.7218 49.0844 49.0351 52.8679 45.9577 49.0356 44.2457 50.9442 52.6265 48.394 51.6378 42.6811 49.4748 48.7715 48.2381 49.8733 49.078 48.1738 51.5204 49.3504 46.6358 50.2929 48.9498 45.5394 46.971 49.0533 47.9906 47.563 47.762 48.3163 50.3812 49.7605 50.0008 50.1674 45.3869 48.2942 46.8905 48.3926 51.3271 46.2791 52.246 46.9085 45.5566 48.4255 47.7705 46.1099 49.3631 48.4533 49.2416 46.6458 45.1281 46.2652 51.3315 50.9672 49.7003 48.4699 49.1554 47.3383 47.5377 56.7366 44.6069 48.8721 48.9818 44.306 43.9866 48.5743 48.7034 49.6273 51.8645 48.6181 49.9182 49.0424 44.7335 47.8626 47.6211 50.1787 49.5432 48.2688 46.1229 49.612 40.9602 45.0061 45.8687 48.6402 47.6654 47.3718 47.6234 50.3789 48.5689 50.0701 52.1327 48.2274 44.8969 48.5179 50.7151 51.8621 48.5278 44.6195 46.191 47.8988 51.9184 48.2228 46.733
53.8942 48.2848 48.6551 52.1147 51.877 51.9593 48.8193 51.502 49.8809 51.3359 49.8098 52.1365 45.4908 49.5952 47.9559 49.684 48.8663 48.4906 48.5413 51.5893 47.3033 47.2836 47.2548 53.9405 52.631 45.6684 45.0255 48.3317 49.3831 47.7226 48.9289 49.2165 53.8564 48.7101 46.5326 50.6292 48.3923 46.5403 50.1024 46.8702 51.4829 47.6795 47.341 50.838 54.2588 43.1606 50.4715 48.8082 46.0889 47.9917 53.4485 45.2999 49.8752 49.1713 50.7948 45.3495 44.8542 47.7957 52.0976 48.7753 49.6358 51.4381 46.691 46.4335 47.9448 51.3294 49.8378 51.0707 49.2047 47.4655 51.5657 45.8955 52.8318 49.749 43.7301 54.1907 47.1736 48.7339 51.9183 47.1127 48.972 47.9025 50.1384 45.045 49.7238 50.3711 50.6667 51.5226 52.3809 49.0993 47.9637 48.8373 47.328 47.7213 49.3385 48.3167 51.2903 49.706 48.1705 48.0401 54.8192 47.436 47.4839 46.8637 50.5782 53.0984 50.3021 51.3379 45.5888 51.1996 50.5731 50.9896 48.5018 49.2197 51.4781 52.5414 51.8337 47.5361 49.9056 51.8133 47.3572 50.7004 50.3873 48.4872 45.2158 50.0373 50.2337 49.5658 50.4894 50.9279 49.6775 47.1244 48.0464 47.9979 48.7273 49.8322 47.6316 50.6187 48.2112 50.3787 49.3747 47.3064 46.6583 51.6176 49.4362 50.0158 48.4714 46.772 48.9432 51.8865 54.0068 48.3655 49.1652 48.6896 48.2313 51.7763 56.3372 46.8798 51.1634 46.6841 45.7356 47.2499 47.5386 47.7199 48.6662 51.2382 47.3529 48.7561 52.8338 47.4584 49.2222 47.6124 48.4494 52.108 50.7666 47.8169 50.7502 45.8346 46.4584 47.6413 51.1541 47.4274 48.8894 48.4768 48.0372 50.9277 51.1335 53.1098 48.4913 47.4426 49.8046 52.3434 54.2948 49.2999 46.9625 45.3211 49.0295 50.3601 50.9123 49.9447
55.8798 44.7958 47.6927 51.0368 50.2584 47.6024 46.6782 47.5621 48.9574 50.6294 48.2438 52.8015 43.8264 47.7527 46.4506 48.9022 45.7211 45.806 47.072 49.8084 46.4075 45.5505 46.7432 51.8937 50.7531 42.1496 42.3631 45.5333 50.2304 42.8446 46.6993 46.0297 50.3691 47.3302 43.4271 48.6083 46.0076 46.1733 48.7798 45.8817 50.5717 45.8501 47.4198 51.9348 52.4735 42.7416 50.2943 45.9248 43.9509 44.2097 50.1213 45.1465 45.7484 48.4747 50.3701 44.2468 43.1034 47.5183 51.0667 47.2727 48.5437 51.1511 47.3067 46.2146 45.768 50.8948 51.1299 47.4756 45.4927 49.734 48.6378 45.1899 51.0352 47.8727 42.7571 53.1374 46.0144 46.657 48.6298 47.2301 47.0975 44.511 45.5687 44.0238 52.2586 50.7929 50.9216 52.2101 49.646 46.2804 46.691 47.6718 49.3818 46.3449 47.2525 46.5477 49.9721 48.0027 46.1513 49.2777 53.2774 43.8376 45.8752 47.6533 47.5808 54.2893 46.5609 50.7067 42.4479 47.3894 46.773 47.9896 47.3788 46.6652 49.6659 49.3805 49.1397 46.1504 50.7455 48.5043 48.6794 46.6557 50.5277 48.4221 43.444 48.1477 48.4638 47.327 49.0075 47.6039 45.638 46.002 47.6942 49.5642 49.1985 51.171 44.9659 49.2739 45.926 46.9229 46.4638 47.5164 46.0682 48.331 46.9768 50.7053 45.1833 44.777 44.626 49.4965 51.2096 48.0852 47.6476 47.6819 45.7572 51.0457 55.8678 46.176 49.3195 48.0863 44.9106 46.7188 48.1868 48.1447 47.9159 48.7913 48.2939 47.9143 50.9072 44.6029 48.0159 46.874 47.7578 49.1758 47.7495 46.5521 47.1275 45.1692 47.4968 46.9792 46.686 46.4189 45.2672 49.9947 44.3209 47.5645 47.3681 52.4054 45.9615 46.2852 48.3981 50.1333 51.2914 49.9702 45.5498 43.662 48.1103 52.3706 49.8365 47.2319
54.9686 44.1958 46.3534 51.0025 49.0055 48.9624 46.9502 47.282 50.0257 47.9954 49.1112 51.0741 45.5762 49.2211 45.517 48.833 45.8331 46.0175 48.5344 49.2932 47.2795 45.5231 44.8148 53.1079 49.4491 42.2092 45.8392 48.3217 50.1603 44.7912 47.3822 47.286 51.1586 51.5575 44.9651 48.8663 46.7058 44.371 48.8065 45.966 49.5944 48.5866 46.438 51.1176 49.5048 43.9236 49.0293 43.1918 46.5816 48.5936 49.8518 43.4743 50.2734 49.6996 50.0599 43.9949 42.3042 48.2115 51.1064 47.881 46.9657 52.907 47.1704 45.1368 47.4096 51.8995 48.6696 49.3478 47.9603 49.7842 50.2031 44.8619 50.7646 45.7815 43.6273 51.3958 47.2422 46.6056 49.8161 47.004 51.2312 45.6705 45.0724 44.3623 49.9433 49.0719 50.7501 53.1559 51.2336 47.7457 48.9841 48.7811 51.5895 49.6186 47.4298 50.264 49.3935 49.586 48.575 49.4128 51.1197 44.0303 49.5835 46.5995 48.8927 51.7358 47.2165 51.8944 42.6505 50.7974 49.9034 50.6748 47.5744 47.2919 51.0033 49.0615 49.2853 43.5951 49.6505 50.2215 48.0924 51.053 50.6111 47.1904 44.5306 46.1905 49.559 49.2212 49.8052 47.2081 49.5836 46.2892 47.9858 48.4835 48.0667 48.5801 44.9051 49.929 46.5637 48.3363 48.0974 48.8533 46.6358 49.4239 50.8886 51.4885 45.6438 45.7831 46.6747 49.2134 52.3976 46.4491 47.5496 47.007 45.7076 49.3703 57.1134 49.0455 49.116 47.3006 44.9228 43.6368 49.0492 48.2105 49.1844 51.1754 49.6914 50.367 51.2277 46.6882 47.3799 48.5067 49.7516 47.5528 47.4902 46.4318 46.8669 44.9915 46.7416 46.8358 48.7947 49.007 46.5862 49.8002 50.1061 50.295 49.3281 50.9956 48.882 45.037 50.2044 51.4696 51.9014 49.1148 44.4768 43.2567 47.5445 53.854 49.2896 46.7129
55.0628 46.7016 46.6463 52.9499 53.0153 49.8071 51.3405 50.657 51.8647 49.5892 47.8336 53.6397 48.6364 50.9965 47.2697 51.8874 49.7145 48.6277 51.1237 51.5821 49.3914 47.0498 48.0123 52.14 52.671 45.2572 44.7226 48.8555 50.9838 47.7842 45.8973 48.8997 53.8247 52.1763 45.5114 49.6066 48.7135 46.261 51.9166 48.9595 54.0872 48.2946 47.8554 50.7652 53.9392 44.0741 49.4773 50.0796 48.0359 48.8831 54.0863 47.1014 49.7717 52.5402 50.2119 46.7634 42.5734 48.602 51.3077 51.2253 50.2305 53.2197 49.6483 48.5949 49.4754 53.0166 50.8427 51.7383 47.2084 51.1423 51.3561 46.0593 53.9767 48.7836 44.2303 54.3353 48.3041 48.6223 52.4481 47.4765 50.4498 48.819 46.3096 46.8436 51.3323 50.8685 52.514 52.7148 51.6948 48.5994 49.9674 48.86 51.7337 48.2144 48.58 50.8291 49.7051 48.7409 48.4238 50.3446 54.48 46.3072 51.2121 48.6102 51.4408 53.7052 49.6874 52.9785 44.6728 51.0982 52.2502 52.2074 48.7618 49.071 51.1681 53.6425 51.139 48.0437 49.9939 52.7045 49.6994 50.1387 53.0379 48.9242 49.6576 50.2245 49.3013 49.6745 51.9495 52.1828 52.5562 49.0571 50.6394 49.9123 50.2029 50.8918 46.5172 53.4674 46.607 49.2676 50.0844 51.3065 45.7167 50.9075 49.0271 51.4592 48.67 45.7819 47.7532 52.8174 54.6546 49.9787 51.4019 51.618 47.0076 52.3234 58.1077 49.8011 51.198 48.5586 44.7067 46.75 51.3119 49.7162 49.6933 53.3209 50.0571 49.7948 53.9926 49.0982 50.527 48.7002 51.1223 52.6788 50.132 46.033 50.884 46.3266 48.1881 50.052 50.2997 49.4036 47.212 51.2947 49.5527 52.4528 51.0077 52.5217 47.8862 49.1822 50.0042 53.9934 54.7793 50.853 47.7155 45.8463 51.394 52.2198 51.5037 47.7649
56.5468 47.0032 47.4096 52.6958 50.9872 48.9272 47.7522 48.7152 49.7885 47.439 49.6796 52.2894 45.7773 51.8734 45.5529 49.6196 47.4073 45.9853 48.6948 51.9719 48.7866 48.3972 47.9463 54.3172 51.0032 43.9809 43.4337 50.4338 49.8843 48.6198 48.6239 47.13 52.1772 50.3395 44.4137 48.2094 47.3153 48.4397 48.2903 47.0402 51.5415 48.8694 48.6662 52.5891 53.0872 43.7898 50.9171 46.6905 46.2517 46.682 53.6499 44.4071 48.8957 50.2622 50.6871 43.3566 44.3418 48.1959 53.4082 47.9317 50.6322 53.3054 46.9153 45.3749 48.6533 50.173 50.1513 51.1332 48.2778 47.9501 52.3785 46.5816 54.6067 47.4602 43.9674 54.4903 47.9617 47.0492 51.5477 46.5119 50.9443 48.1655 48.8561 46.1842 49.7557 51.6672 50.4093 51.6255 50.3349 46.463 47.8256 48.2125 51.002 45.1677 50.1823 48.6469 50.3421 50.2659 48.4094 47.0916 54.968 45.7553 49.5767 46.8137 49.3025 51.6936 49.4623 53.8151 42.9651 48.6805 49.5218 50.823 48.5421 48.6045 52.6332 51.4957 51.4395 49.2632 51.4622 52.5027 46.4634 49.1003 51.4423 47.3492 43.3017 48.7451 52.0988 52.5962 52.6593 50.9898 49.3759 48.2837 47.2821 48.6836 47.0171 50.4735 46.7016 49.8247 47.2849 48.7734 48.9019 48.6268 46.1677 51.0649 49.0651 53.494 47.2154 46.3974 49.1119 53.7958 52.7514 48.061 48.5368 49.747 49.7922 49.2713 56.9828 50.2288 52.0896 47.7443 45.4526 46.8146 49.0048 46.8755 47.8545 50.3001 46.8535 47.846 50.1169 46.0939 50.411 48.451 49.898 49.5433 51.2348 46.6154 50.3342 44.2289 45.3063 47.9567 50.3533 47.9536 48.1385 48.7987 51.5305 50.8564 51.5462 52.4709 47.1805 48.3814 49.6707 51.9019 53.2478 49.4617 46.8559 45.6504 49.5622 51.1862 49.8494 49.8468
56.8379 49.3213 52.3453 54.8296 52.7654 52.2154 50.3065 52.425 52.0665 53.1719 52.5924 55.2754 48.0248 53.0925 47.0557 53.2245 49.3504 49.4801 51.2452 54.6112 51.9398 48.5 47.1565 52.0969 51.9832 46.8011 48.1032 51.2755 53.1821 49.179 48.8548 51.4773 56.0321 52.5793 47.6033 49.5812 48.4912 48.3461 51.0808 50.1219 52.7341 47.6441 49.6574 52.7315 58.5401 43.8734 52.4004 49.4679 48.9985 48.0277 53.6686 46.9024 51.3529 55.8532 52.164 49.6247 48.3279 51.346 51.9389 48.5468 53.2116 55.5379 51.3289 48.3405 50.957 52.2624 53.7331 51.4274 51.0335 50.6514 53.2971 46.5207 56.2219 49.0542 45.3297 58.0157 51.2787 49.5353 53.3875 50.2854 50.2105 50.9451 48.3268 46.3298 50.3977 53.5798 55.6273 57.4467 53.2564 52.2863 49.8167 50.4325 50.8302 52.263 51.8478 49.725 55.9338 50.6174 47.4308 51.8411 56.6624 47.6384 52.0172 47.9473 52.0369 54.9394 50.5194 54.2104 44.5424 51.3539 49.1345 54.233 50.718 51.384 53.1848 54.0625 52.5005 47.8562 53.3683 51.776 50.4243 51.9885 53.2374 53.3566 47.7499 52.3497 51.6343 50.5808 52.6249 53.0577 53.2676 48.8139 50.721 51.8467 51.3517 53.5241 49.0662 52.6158 49.4655 51.3627 50.0651 50.4166 47.0048 52.8662 50.8474 53.1607 51.7041 47.8977 48.2585 54.6792 53.7393 50.0597 50.1115 51.7044 49.6647 51.9083 57.999 50.547 54.7773 50.2738 48.0119 48.1094 49.9205 53.0573 52.5054 51.3341 51.6746 52.8982 54.3776 48.6222 52.7096 52.4185 49.9772 54.4676 48.3775 45.3219 52.8398 47.5964 46.7586 53.0808 50.2806 47.9677 50.048 51.8197 50.3532 53.8914 50.5396 53.8595 50.3966 48.831 54.3572 56.6827 53.8128 50.573 49.6344 48.6053 52.266 53.632 52.5997 49.1061
55.5171 47.277 50.4067 50.6015 49.7862 51.9485 48.9709 49.3336 49.7691 48.4099 48.5818 51.959 45.506 52.0429 47.8041 48.9263 48.2143 49.1787 49.9784 53.0606 51.0669 48.1478 46.5829 53.2075 52.7809 44.1998 46.5085 48.5788 52.3924 48.1553 48.6671 48.9944 54.1376 51.5904 47.0363 49.436 49.2124 47.7599 49.1189 50.0159 52.4573 48.1994 47.3166 50.7465 52.2355 42.6827 51.5305 48.1897 44.3586 49.0135 54.3796 44.5283 48.8941 51.1067 51.2945 47.6407 45.4432 51.9583 52.1634 49.6777 53.0933 52.0237 50.941 48.4608 50.4692 53.236 49.7598 50.9259 47.3974 48.9114 50.5039 46.1711 56.4987 46.4004 44.0962 55.1499 46.9504 48.0364 53.152 49.9174 51.4143 46.3203 49.6349 44.7173 49.5503 51.0816 52.4001 53.6642 50.6228 50.0059 48.2092 48.5379 49.8202 48.9172 48.5857 49.8143 52.6308 48.8485 48.6987 51.3683 52.3381 46.2792 49.8063 48.5379 50.0356 54.591 52.1995 51.7277 45.3146 50.492 49.7114 52.3363 47.9927 49.2765 51.469 53.4554 50.6751 48.8515 51.4526 51.9265 47.6746 49.5979 51.0391 48.0076 46.4109 49.7868 49.7326 50.1492 49.9975 51.4788 49.4609 47.3049 47.6666 49.5484 48.8692 50.9057 47.171 50.36 44.5912 49.8908 48.798 48.8694 47.3532 51.8146 51.3232 52.1448 48.5398 49.0478 48.5035 53.8212 53.6954 49.0757 49.3859 48.2402 47.9009 49.09 55.0785 46.853 50.5347 47.3968 48.8737 48.6151 48.9069 49.696 51.7614 49.8694 50.7511 52.2983 53.4736 46.9893 49.2783 49.541 50.3943 50.947 50.9686 46.4812 50.3468 47.9295 46.6741 47.7121 50.7848 49.9466 47.641 51.1889 50.2863 49.8959 50.6017 51.8317 50.0843 48.3854 50.4868 53.3522 54.9291 49.1381 49.5615 46.2813 48.4045 51.9581 50.6389 49.8968
55.0663 45.3967 47.8638 49.7597 51.5879 48.2223 47.5218 48.8952 49.5362 48.3267 46.2537 51.133 43.9353 50.9367 48.1541 48.11 48.0737 44.7288 45.1919 50.2028 48.4334 44.1814 47.2263 52.4907 49.3485 43.3199 45.0168 46.1976 51.5424 46.5546 46.0325 48.8608 50.9043 48.4738 45.4284 48.931 47.185 47.0959 49.7176 49.3875 51.0899 47.2243 46.861 50.5435 49.8208 43.4961 49.9453 44.2021 43.1762 46.1433 52.6304 45.873 47.0566 47.8644 50.3079 44.1503 44.1247 49.5304 49.9762 45.8546 51.1391 51.1164 46.9787 47.878 47.7223 51.4534 50.0168 47.0341 48.1262 49.3997 48.3172 43.4599 52.4201 47.4881 46.9203 52.5112 48.3459 45.7136 48.3676 49.3714 49.0655 45.7145 47.3017 45.2351 48.0915 48.3148 53.186 54.2328 50.717 47.3486 48.9514 51.395 49.5825 49.5939 50.5611 47.5003 47.7819 49.7415 48.7829 46.7302 52.1839 43.3515 50.46 47.3629 49.7074 53.8851 50.2256 52.1338 42.5068 47.6834 48.9754 50.0051 47.5821 45.4062 50.5801 50.0947 47.6403 47.5279 48.8703 50.9058 47.7708 47.6375 53.2777 47.4243 46.4961 47.062 48.0827 49.9203 49.7797 49.9573 50.3681 47.7475 48.408 46.2637 48.705 52.4889 46.6908 50.2515 45.2364 47.4327 48.6301 47.6794 45.6919 50.361 49.1165 50.9283 46.9748 46.1044 47.1388 50.7239 51.5507 49.9367 48.3787 47.4753 46.5244 51.1775 55.3014 47.264 51.3961 48.7768 46.1227 46.4871 47.2694 50.5249 49.9332 48.7743 50.0254 49.1589 50.6591 46.014 47.6033 47.3484 50.1109 47.4143 46.3068 44.5748 49.0353 43.5455 44.2508 47.463 46.6728 48.3379 47.9282 48.5432 47.4522 49.5623 49.0248 50.4768 48.7342 48.4101 49.2884 52.1013 51.8689 48.7769 46.5787 44.2338 48.3609 50.7742 49.5035 46.8289
57.258 49.7125 50.2587 53.1818 51.3405 48.6421 50.497 50.4063 51.0505 50.3379 49.7568 53.3976 50.453 52.7712 49.4973 49.6665 50.1996 48.7417 51.3761 51.3359 51.426 48.6056 49.4503 55.601 52.6169 43.5803 45.6859 50.5811 52.6813 50.1605 50.6894 50.8413 53.3382 53.0586 46.8354 51.8352 47.8575 47.8444 51.1501 49.2218 51.7835 49.9938 49.6853 52.6794 53.1923 43.7716 50.7578 46.0832 47.0353 49.0755 54.7229 46.8309 51.4441 51.1081 52.2675 47.3863 46.3395 52.3666 52.4879 46.7069 52.0687 52.471 49.7666 47.9471 47.7477 54.3076 51.1091 50.9351 50.6118 52.007 51.7623 45.7968 53.0632 49.9449 44.8354 54.2877 49.4362 48.0372 50.5575 50.1048 50.988 46.7776 47.0559 46.746 50.5216 51.2645 53.0566 57.045 52.8795 50.1386 46.7932 49.8613 51.5152 50.1793 52.4944 50.3558 50.3323 50.5106 49.132 51.0587 54.5555 46.1292 50.1204 48.1424 50.9342 53.2374 50.1511 54.3339 44.4052 49.7107 49.0164 52.0991 49.8253 48.206 51.7752 52.2844 51.3389 48.9017 51.6166 51.6751 49.3241 48.6512 53.7211 50.069 46.9562 49.7304 50.061 50.2081 50.6739 52.3633 51.6137 50.0447 48.9533 49.6017 52.5105 51.3123 47.4766 51.1202 49.9398 48.5053 49.1131 51.8899 47.8742 51.3168 49.6795 53.4687 49.6235 49.2534 49.1534 53.824 53.2211 49.4949 47.9363 50.488 50.0226 52.7257 57.1296 50.9027 53.2218 48.0748 45.0642 47.7842 51.6546 50.9142 51.4715 52.7774 52.5292 50.0339 52.8633 49.3201 49.0142 49.4427 50.8079 52.4404 50.9882 46.9624 50.7068 47.8114 45.0432 49.5004 50.5468 46.5758 48.5776 51.9144 51.0369 53.0529 54.4917 54.8478 48.3659 47.8626 50.8456 53.4178 52.06 48.6303 47.416 47.2378 51.1004 51.9839 50.741 50.5769
55.2622 49.8292 48.824 53.244 50.8787 50.1388 49.6704 49.5965 50.5995 49.8479 50.361 53.731 45.5204 52.2834 47.4509 50.162 48.1891 47.8861 49.4004 51.3872 49.7925 47.5794 48.839 53.5935 52.3902 42.276 46.2483 48.3988 51.085 48.0566 47.4698 49.1351 53.04 50.9225 45.4649 48.4446 48.6738 47.4305 50.836 49.7411 51.2956 47.9447 47.6656 52.1625 52.7819 45.2331 50.8587 46.6164 47.1554 48.834 53.8795 45.1167 49.3932 51.8571 47.8363 46.2723 46.2646 50.4592 50.2757 47.5528 50.1177 54.842 49.743 47.9116 47.8906 52.5824 51.2324 50.5904 49.1742 50.0101 51.5103 44.275 53.2275 48.9168 45.2241 53.4665 48.7495 48.8242 49.8385 49.1918 50.9052 46.3152 48.8179 45.8871 50.9945 50.8647 51.942 53.792 52.6752 48.7207 48.5798 48.2454 52.2109 49.8747 50.2336 48.8869 51.3622 50.6029 49.2 48.4725 53.7601 47.0601 49.8099 46.6175 50.0292 52.8325 46.9738 52.5275 44.0256 49.0164 50.0456 48.9866 50.0262 48.8816 49.0525 52.6071 51.7349 46.602 50.9924 48.7858 49.5928 48.8037 51.1115 49.691 47.7441 49.3065 49.3732 47.1494 51.7078 49.6818 49.7453 49.4234 50.6684 48.9221 49.9327 48.6547 47.2146 51.7945 48.0252 49.4408 47.9441 52.502 46.7781 51.7646 49.1062 53.3582 49.8566 46.7891 50.0012 51.0706 52.0326 48.9621 49.0781 53.2032 49.7987 50.299 56.1677 49.3553 52.1456 48.8241 46.6221 47.7128 50.0244 49.378 49.7137 50.7345 48.9478 51.6352 53.0565 46.4182 48.6633 49.2719 50.9566 52.8058 49.6143 46.0074 50.0438 43.3723 46.6343 51.8229 50.5633 48.4624 49.2686 50.1021 47.6108 50.0665 52.3681 54.5566 48.9576 49.2965 50.5434 52.798 52.1578 49.8428 46.612 46.5436 49.0203 52.9252 49.7668 48.6494
56.9475 49.6544 49.79 51.6904 52.2538 47.7864 51.125 52.7496 48.5573 53.2934 47.9349 51.7352 45.9002 49.6215 46.344 49.0901 51.5053 47.3128 51.4085 50.087 50.1827 49.3864 47.9354 53.9313 51.994 45.6916 45.1347 47.8871 50.3593 48.1495 48.6537 49.5878 55.3416 50.2294 47.5376 49.7407 47.81 46.3091 49.2336 47.9645 53.5513 47.6903 49.9385 53.2119 52.5062 43.5639 48.914 46.7426 48.1519 46.1612 54.789 46.2197 49.385 51.0768 49.7381 44.9944 44.72 49.5198 51.0295 51.2811 49.4689 51.5103 47.8229 45.5018 49.3935 50.0999 49.0621 47.7025 50.6236 47.7291 53.1859 45.9847 53.5237 48.6599 44.5066 52.2468 47.67 47.4694 52.4801 48.7753 49.4671 47.8535 48.2238 46.2407 50.5042 49.737 54.0583 53.7522 54.6103 50.352 48.4578 48.4988 48.373 47.6986 48.4619 47.985 52.6801 48.9078 49.1194 50.8293 53.839 43.2197 50.3835 46.2937 49.9794 53.6233 50.5806 51.6223 45.2267 51.2301 50.035 50.9487 48.8533 49.829 49.8387 54.0212 48.8935 48.8254 49.7194 51.1897 49.1718 49.8854 50.5887 49.0802 47.6507 50.1257 52.0203 50.4188 48.3913 50.995 51.7061 48.8086 48.4254 49.3978 49.6046 51.9982 48.4552 49.6169 47.0128 51.1349 47.5863 48.1549 48.5673 51.3447 49.6536 53.2047 49.376 46.6222 48.2156 53.6181 52.6546 49.257 53.2405 50.7369 47.9105 49.2432 54.9227 46.4284 52.4797 49.0119 46.9381 47.8477 49.5284 47.7677 49.8359 52.8306 51.9059 51.3479 52.2579 49.7316 49.1317 48.7281 50.7405 47.5028 48.2874 48.1831 51.2681 43.782 45.8233 47.5594 50.4692 47.955 48.5265 49.5923 49.7914 52.0379 48.9386 53.4981 50.2312 44.0132 49.6461 50.8691 52.9131 47.5523 48.8402 44.664 49.6229 51.1064 49.7137 49.5436
58.6096 48.7995 50.7778 53.2444 52.6829 50.9775 50.0063 50.9048 49.7575 52.2011 51.0517 54.8594 47.7917 53.4366 48.531 52.5924 48.1607 48.8862 51.2678 53.859 49.4702 47.3141 51.0042 55.3676 53.7557 45.1265 47.6629 50.057 53.4145 48.5456 50.3826 50.878 54.574 51.2785 47.899 48.1324 49.9645 49.2607 51.6201 50.5467 52.4177 49.3591 48.2596 55.5663 52.7919 46.1609 50.8669 45.7624 45.1943 47.5321 53.6393 48.0289 52.1026 51.4904 53.6775 50.1863 48.2456 51.8372 54.4473 50.019 52.4728 54.6891 51.522 48.9759 49.8496 52.8826 53.7269 51.4707 49.248 49.653 52.0252 47.8253 55.288 49.2508 45.1946 55.6058 49.2661 48.5451 52.854 50.3332 51.2194 47.7917 50.3219 48.1897 50.2036 53.2283 56.0206 55.8762 53.1933 49.7483 49.9737 52.3362 53.3856 48.6293 50.7595 51.6407 53.5412 52.1834 51.8179 51.6724 55.0232 45.9251 50.2721 49.2768 51.2083 53.6234 50.0133 55.3697 45.3407 53.9233 50.3858 51.8082 51.066 49.5105 51.1174 53.356 51.5764 50.7511 54.8917 52.2193 49.7307 49.2723 54.2955 49.6709 47.7755 49.1289 51.9971 51.6107 51.046 52.804 52.0978 48.4111 50.759 51.4382 51.7541 52.9217 48.1403 51.602 48.76 48.7666 51.3548 52.4363 49.1089 52.3308 52.7809 55.4495 49.8027 49.2669 50.0063 52.679 52.081 47.8364 50.6128 50.614 50.4909 53.9702 57.4619 50.4412 53.3407 50.3497 47.9061 47.3717 50.3217 50.2824 52.726 54.7185 52.0509 53.7429 54.5477 46.5101 48.5677 50.3073 50.9044 54.1813 51.678 48.6309 52.1748 47.3 49.5865 50.4138 51.6803 47.7346 50.7502 52.0686 50.291 52.4656 54.2903 55.2745 49.6347 48.5061 50.3847 55.1004 57.8466 50.6121 47.8298 47.711 52.6285 54.6694 50.8865 51.7754
53.2244 46.5827 46.5912 52.2308 47.7186 49.5875 49.9187 50.6402 47.87 48.6142 50.0717 54.6169 46.6268 50.2696 42.5151 49.409 46.5089 47.1557 48.8006 51.2212 48.2007 46.654 47.794 49.6964 50.9917 44.4679 47.9179 48.5216 51.8834 46.7149 50.266 48.6364 52.9896 49.504 44.2409 47.7793 48.3773 46.1173 49.5552 49.4075 50.4424 48.9854 45.1622 49.4987 51.2882 42.3667 48.7268 46.8878 43.9541 47.4741 52.323 45.4452 48.8302 51.0065 50.0487 46.4325 43.8637 46.7277 50.1831 47.1446 50.9758 51.8893 48.8046 46.2487 47.5927 51.3743 50.2432 48.3047 48.2565 47.6329 50.287 43.4336 52.3387 49.7368 45.9789 52.294 50.7443 47.7841 50.5571 48.9572 50.593 45.4619 48.0407 45.1987 49.2342 47.6737 50.4907 54.494 52.8657 49.4601 46.0122 48.4121 51.5773 48.7467 48.3376 50.109 49.3179 49.2841 46.6282 47.5155 51.8714 44.7608 48.6366 46.5609 48.9035 53.2203 48.5548 50.6815 45.7336 48.852 50.9254 50.6081 48.9984 48.676 49.8727 50.6207 49.443 46.6233 51.3546 50.855 47.657 47.454 51.4512 48.3786 46.7617 49.4394 48.0648 47.7503 49.7982 50.088 51.042 47.0824 49.0912 48.3554 47.3154 49.1686 46.0664 50.9853 46.5661 48.1154 47.4162 50.356 46.0851 49.0842 50.7091 51.3349 46.0236 46.5097 48.3815 51.9622 51.9641 48.1352 47.4506 51.1418 47.7213 49.2471 55.1812 49.541 48.9925 47.3282 46.5611 45.6422 47.3344 47.5723 51.5639 48.7665 49.8097 49.7243 49.7099 47.5927 45.1165 47.9363 49.067 51.5842 49.2063 46.5902 50.3425 46.9528 46.0318 46.6222 50.0648 46.1032 46.9642 48.1589 48.6721 50.5832 52.654 51.5683 48.235 45.7949 50.5657 53.1196 53.3169 49.6897 46.0639 45.3519 46.8603 51.7399 49.2738 48.4335
51.3417 45.9467 47.9608 50.0023 50.6269 50.0174 46.6332 50.4696 47.6303 49.7966 47.7448 52.7279 46.4442 49.1151 45.8705 46.5178 47.4356 47.2409 48.1569 49.0499 47.6966 45.6475 46.3007 52.3915 50.9892 43.8726 46.332 47.3661 48.9774 45.0769 47.423 47.4993 50.6387 51.3578 43.762 48.5202 46.278 45.7707 48.0149 44.3489 48.8442 45.015 44.1994 51.3344 50.2152 44.0215 49.5754 43.8341 42.5375 49.0618 51.581 45.1722 47.0458 49.0422 49.9167 44.388 44.3104 48.4029 50.2256 45.6605 49.5141 50.1646 46.8648 44.1359 45.8529 49.7562 47.9319 50.4859 46.7334 48.5799 49.0286 44.8557 49.9564 45.0075 43.9851 52.572 47.3051 48.767 49.6093 48.123 49.9824 46.5558 45.8448 45.7515 52.2487 49.2878 51.3358 50.4602 51.8368 50.5725 46.7287 47.7561 49.9753 45.8446 47.7866 47.3404 48.8695 48.3408 48.098 49.2973 53.1651 46.9751 47.663 44.6751 47.2871 52.443 48.9414 51.0039 44.1994 49.5548 46.824 49.6693 49.0397 45.4679 51.1066 51.0891 47.3792 46.1103 50.0694 50.4178 46.04 46.6458 51.9458 48.9924 44.1219 50.2332 47.9494 49.7854 48.9141 50.0302 47.4761 47.1752 48.4452 47.8166 49.4627 50.458 46.9483 49.117 45.3683 46.9641 48.5266 48.0177 44.0583 49.7504 47.2258 51.3476 48.1263 46.093 45.1484 51.5731 49.3683 48.2976 46.6339 47.349 47.3735 50.7197 54.3495 48.1387 51.7561 46.7743 45.599 46.921 49.6015 46.1357 51.4028 50.7358 48.5252 50.5681 48.9085 44.7256 46.7102 46.7277 48.0107 50.3997 47.3833 43.7025 46.3292 45.0918 47.1126 47.1108 49.5892 46.7579 48.3363 49.2286 46.1673 50.5988 50.5173 52.8501 47.5549 44.3366 48.7839 51.1308 53.5869 47.8306 46.0064 46.1703 47.2636 51.1467 50.5947 48.4349
54.6049 47.4055 50.1843 52.2 52.332 50.9697 49.5493 48.875 49.9804 51.2893 47.9512 50.1307 45.5917 51.5044 49.2918 51.244 48.9754 46.2127 49.3057 50.6352 50.1874 45.3815 49.8459 57.1087 51.7821 44.5396 45.7588 47.9706 49.7382 47.4022 47.7399 49.1093 52.9051 50.7075 47.51 48.7931 49.4142 46.6735 49.197 47.8127 51.8081 48.7928 49.6523 51.1168 50.0352 43.7659 51.0053 48.1892 44.2595 49.397 54.5155 45.317 49.3632 50.7956 51.1911 47.3634 44.1407 48.9278 51.9148 48.5576 50.3912 52.1404 48.0175 46.6122 49.9459 51.7132 51.2096 49.7581 47.747 49.325 51.4396 46.7509 53.9176 48.535 45.3276 53.9788 49.0671 47.6916 50.2963 48.7853 49.9851 46.9328 47.2146 45.909 51.9105 49.2829 54.0457 53.4072 51.8227 48.9094 47.3997 50.7838 50.5396 48.3784 50.7899 51.1961 52.2564 48.4786 47.9641 49.6271 54.2369 46.5943 48.4153 49.2771 48.911 52.9489 49.6022 52.3256 44.2654 51.5337 48.2524 51.7555 49.8797 47.9427 50.1309 51.7798 50.8345 47.7834 53.1495 50.5214 48.7241 48.5867 51.4623 48.2354 48.8373 48.7321 46.7621 50.3913 49.3224 52.936 49.6048 47.7531 48.2051 49.3837 50.5372 50.945 46.6457 51.25 45.6794 49.6449 48.9247 48.3608 47.6235 49.0161 50.4869 53.1881 49.9286 46.2057 48.3739 53.58 51.4228 45.8941 51.5149 49.1619 46.0176 50.4465 56.0294 48.2564 51.8045 49.3799 46.4379 47.6906 48.1227 50.6841 49.2894 53.0663 50.2791 49.9877 51.027 46.8632 50.1839 47.4369 48.634 53.1055 50.4738 46.4725 50.4833 44.6669 46.0359 48.0881 52.1249 47.1905 49.9723 47.9192 47.2964 51.6129 52.8988 52.8006 50.0922 47.3622 49.5739 51.1257 53.0402 49.9616 46.9757 46.5963 51.4692 52.8458 50.3936 48.0809
53.5306 43.7485 45.5913 47.9474 48.6668 45.501 45.4777 47.7637 49.2802 46.0968 44.399 48.5191 42.4398 47.0191 45.9808 46.8145 44.9521 43.0363 46.4512 46.2199 45.5307 44.3718 46.1676 52.5458 48.435 39.0121 41.8516 44.2022 46.1449 43.4106 42.578 45.7438 47.3192 48.414 40.4349 46.0322 44.7448 42.9551 46.9018 45.026 50.5077 45.3137 45.2032 47.7366 48.6663 39.6527 48.2734 43.6772 41.7602 45.115 49.5334 44.4208 45.5858 45.6237 48.0255 42.7788 42.2719 44.1597 48.6199 45.2424 47.0889 50.139 44.257 45.5115 43.9067 51.1606 47.4665 44.1962 43.1129 46.6399 47.0088 43.1463 49.3422 46.282 39.9503 50.0744 43.8636 44.9535 48.5087 46.672 46.7184 44.7449 42.9901 40.6589 46.6832 44.9133 48.9542 50.4804 47.4441 45.7801 42.9778 45.8627 44.3561 44.9211 45.7667 45.7124 46.145 46.5654 44.2815 45.5623 49.5918 42.6613 45.8415 44.9382 46.3661 48.5052 47.2388 47.4295 39.9171 46.7183 47.3822 45.6684 48.3191 45.5933 47.2832 50.8769 45.1499 43.7021 46.9791 46.7334 43.821 44.3034 47.5061 44.5773 43.0038 45.7025 46.845 47.6736 47.6272 48.1751 46.3065 44.8549 44.2076 45.7427 47.5613 47.8109 44.8717 45.396 44.1493 44.0117 46.297 45.993 43.8217 46.3898 46.8674 49.2045 45.2427 42.9876 46.2358 48.7077 48.4865 45.7217 45.7619 46.9307 43.5041 46.2568 51.895 41.8069 46.9922 46.3143 42.6807 44.6961 46.3218 45.205 47.3384 47.7661 45.9155 46.6932 50.9673 44.3077 46.8354 45.8992 46.1585 47.8376 45.4682 43.2942 47.6602 42.1887 43.1364 44.1462 46.0724 42.7272 43.0872 46.1113 46.1553 49.337 47.0029 49.563 44.1005 43.3826 45.7595 50.3388 50.7965 45.2458 45.1681 42.2537 46.028 49.4756 45.6837 44.6723
56.8111 47.8247 50.3091 51.5093 51.7127 49.0715 46.5399 49.1229 49.6182 51.7576 49.2447 52.6388 47.7558 49.9043 48.8801 53.2761 49.783 46.3091 50.3128 53.0115 51.686 47.6704 49.0454 56.081 51.492 45.0303 46.3734 48.0501 49.6306 47.5606 48.6547 47.281 53.2226 50.9755 48.4543 48.4049 49.2021 47.8525 49.467 49.2205 53.6416 46.5129 50.0299 52.4348 50.9616 46.0029 51.473 47.2679 44.8809 49.4588 52.1775 48.5737 48.0416 52.4428 52.3123 44.958 45.1119 49.1685 53.3582 49.129 50.6726 51.8641 48.4831 45.7316 48.495 51.5387 51.8401 49.1065 49.3776 48.5326 53.092 44.2385 53.7037 47.7793 45.8132 52.8994 48.4082 48.1017 51.6437 49.9223 50.7869 46.5569 46.5209 47.5439 51.9427 50.0659 51.814 53.0483 53.4002 50.1114 49.3406 50.1869 48.5877 49.0252 48.0976 48.9456 50.5872 50.4313 49.0119 50.4467 53.6384 47.1425 48.6568 50.1052 48.1663 52.8363 49.706 50.912 44.4858 49.8923 49.5319 50.0169 49.3125 47.35 50.2193 51.1452 49.7592 47.8353 50.3618 50.6982 47.9969 47.8339 53.1072 50.0469 48.1277 50.3183 50.647 49.8446 48.6912 50.7838 52.2538 47.2271 49.2141 49.8743 49.3687 52.2748 47.8966 52.9396 47.2657 49.5687 48.5017 49.6927 44.8356 50.272 50.111 53.2591 48.4303 44.9204 46.3951 53.3274 52.2795 46.9458 50.0717 50.8044 48.9537 52.362 57.456 48.7485 52.2707 49.7121 47.8043 48.6918 50.0853 50.0765 53.3453 52.7271 49.0678 50.1423 52.9538 48.9706 51.0727 47.7361 49.5969 51.355 51.7633 46.7608 51.9589 45.8475 46.8854 50.1706 49.9535 49.4156 47.8657 50.0114 47.3006 51.9517 51.3281 54.4573 50.0899 46.7277 50.4385 55.2768 52.9783 49.7665 48.4071 45.4817 50.8274 50.5255 50.48 49.4266
54.6219 47.8236 51.12 52.0848 49.8594 49.7253 48.0231 47.0943 49.6999 49.6818 47.9985 53.9103 45.7819 51.1023 46.7 51.3964 47.3517 45.3489 49.3499 53.2419 48.7125 46.5313 46.7497 55.6931 52.4266 44.0449 45.7423 52.1062 51.8759 47.2702 48.7279 47.2907 51.9038 49.8282 45.5123 48.96 47.8159 45.7515 50.8868 47.179 50.7132 48.6055 48.342 50.8523 50.9482 43.518 51.8365 45.7055 48.7976 48.1847 52.2661 42.9738 48.582 49.9834 50.8068 46.8924 43.6723 48.1777 50.8648 47.7766 51.3114 52.6991 46.7686 46.5648 46.4689 51.5561 49.9193 49.0689 46.8251 48.2877 52.0551 44.0871 52.7073 50.0832 46.0708 53.6331 48.5001 45.921 48.903 45.9662 49.2929 45.0558 46.4662 45.6827 50.4679 49.9219 51.1599 54.2104 51.6394 47.8777 46.7338 49.4147 50.7598 48.0368 50.36 47.7939 51.2628 48.4502 48.4289 51.7858 55.134 46.0721 49.4101 45.9463 50.8981 50.8457 51.9209 53.5085 43.346 50.3027 49.4142 50.9717 49.3672 49.38 49.9824 50.4042 50.7616 47.6259 51.7336 49.5364 47.6964 49.24 50.3526 48.6617 46.1137 48.2998 47.9904 47.404 49.8301 50.9803 51.2386 47.287 51.2449 49.0258 49.8178 50.319 45.0633 49.9303 47.4858 48.657 49.406 48.6659 48.3991 49.7193 49.7871 50.8058 46.9768 46.0093 48.8785 53.3317 53.3367 49.3433 48.1053 49.4542 47.4046 50.2762 58.4886 48.2563 51.9249 48.6281 44.8342 46.6773 47.7652 49.6839 51.8967 50.7822 49.8596 50.682 49.7414 46.1777 48.5414 47.0884 49.625 49.8056 47.9747 47.076 48.4658 42.3665 45.1887 49.288 50.4294 47.8444 47.2687 48.5749 48.8642 51.1549 50.5256 52.5952 48.747 48.3046 50.1389 52.161 53.626 48.9549 45.0936 47.3338 49.4041 51.1371 50.0391 47.2592
60.6301 51.929 51.2837 57.1482 55.8343 52.3828 53.3114 51.6021 53.6115 53.6001 54.4562 57.009 49.249 56.8371 50.825 55.2179 54.5548 53.5539 53.4234 55.054 52.3338 52.0777 50.9559 56.4333 56.8885 47.784 50.2011 52.1499 53.969 49.8926 50.8112 54.5432 57.6545 54.6681 50.8747 52.4495 53.1682 52.7392 54.0412 52.0268 56.3781 53.5862 53.66 55.6232 56.6604 46.8646 52.3592 51.8967 49.5125 51.5502 56.9117 47.7749 54.0011 53.7847 54.1231 48.7204 47.6091 53.6917 56.316 50.9863 54.8296 58.9336 52.2785 50.918 53.7018 55.7098 53.1997 54.2706 50.3838 55.5654 55.7988 48.8935 56.7128 50.8329 47.4151 58.092 51.8889 50.841 54.1916 51.1508 54.1529 50.9681 51.5118 49.392 54.47 56.1448 55.4312 57.4499 54.9447 49.6214 50.1276 53.1833 56.7185 50.8845 54.1731 54.6587 55.777 53.7292 49.7122 52.3871 56.7399 50.4954 53.036 51.3231 54.9683 58.7846 51.7653 59.006 45.5243 50.5718 53.666 53.3732 54.5003 52.1784 52.7655 56.6533 53.8592 51.5101 55.762 57.6842 52.3614 52.8793 56.0742 53.2405 51.5842 51.8079 53.447 52.5622 53.3964 53.0625 54.1031 52.4421 52.5895 55.0519 51.8906 55.1577 50.6421 55.3391 52.7296 51.6764 50.7135 52.8447 51.0247 52.8249 53.7701 55.8733 49.5307 50.0683 51.2521 54.7514 58.1587 53.3229 52.5107 54.1207 52.2942 54.5447 60.5783 53.5516 57.0681 52.3265 48.1382 48.9113 53.9803 54.3171 52.9033 55.5908 53.6295 53.3763 56.2258 50.3867 52.8202 54.1984 53.8492 54.306 55.0461 49.0679 52.2178 47.4444 48.4198 51.2949 52.9588 53.2855 50.7167 54.4465 52.254 52.9945 56.2977 53.823 54.4444 51.731 52.7531 57.1432 56.9149 50.8421 49.3869 47.7364 53.5563 56.8673 52.0222 50.8244
57.8558 51.8951 49.8796 52.7617 54.233 52.8414 49.2639 50.5236 52.2121 50.1932 50.4918 54.3203 48.5169 52.8921 49.9559 54.373 51.1407 47.3682 52.3229 53.3281 51.1105 49.23 51.0459 54.7474 53.8176 45.6694 47.8958 49.4029 53.6261 48.538 48.614 49.4441 51.4455 54.4194 46.3222 50.8748 49.4703 49.435 49.5736 49.0418 53.7656 49.6497 50.2882 54.1355 54.6968 46.33 52.173 47.158 46.7412 50.8363 53.8338 47.0573 51.2467 52.8908 52.5794 46.7054 46.6459 50.5993 54.5258 48.9869 51.2317 55.8189 51.0862 48.2357 48.1224 54.1387 52.9454 51.1487 51.3827 51.3005 52.2182 46.5469 54.1311 49.386 46.5461 57.4686 51.1256 49.1924 53.9425 51.8331 51.0911 49.1572 50.4995 47.8256 50.902 54.9063 51.9521 56.3853 53.6498 50.3221 51.7279 51.767 50.6517 49.4911 51.2157 53.1092 53.7039 51.4491 50.519 49.5475 53.8802 48.5621 52.8436 49.7713 51.7719 55.7154 50.3598 55.0592 45.1504 50.3411 50.9008 51.2912 50.0473 51.2234 53.8678 53.7368 51.2883 50.403 51.9654 53.1829 50.8545 49.4944 55.1477 48.8329 48.9945 51.6366 53.9748 52.4328 52.9968 50.9016 52.4538 51.6808 50.6484 47.9613 52.5373 54.34 50.4299 56.0472 50.4684 47.5648 52.5262 51.3007 48.3276 53.2208 52.8464 54.6449 50.4071 49.8294 50.7397 55.1069 54.8275 50.931 50.2872 51.5974 50.7097 52.4848 59.1345 50.3267 53.1024 49.7491 46.7788 48.2525 53.0769 50.5666 52.3307 53.2453 52.9724 49.9631 53.0343 48.0283 51.1498 51.0505 52.0634 52.1357 52.8995 46.5769 50.7513 45.9218 47.7764 49.1171 52.2705 50.1437 48.4357 51.8011 48.7036 53.0038 53.1846 55.9532 49.6979 48.4487 51.7432 54.9769 57.9098 51.7675 46.4844 47.3807 53.1736 53.3566 51.6247 51.5428
59.5748 50.077 54.5061 55.6209 53.7081 52.1847 50.8049 52.9351 51.5215 55.027 52.0507 55.1645 50.8696 54.5121 50.2245 54.9843 50.7144 47.8089 52.856 56.3491 51.9839 50.0814 48.4838 56.7643 53.7379 46.4831 47.7938 50.4267 53.6479 49.8403 50.2464 50.1025 55.7761 53.4784 49.774 50.7911 48.6978 49.315 53.6181 52.6032 55.8297 52.0587 52.1763 54.1682 56.1867 45.872 54.5868 47.4502 50.0203 52.0498 55.6635 47.3175 50.6663 53.8014 54.5564 50.4769 47.2304 52.7874 53.7645 50.4902 55.1892 56.083 52.8296 51.3589 53.2044 56.6176 54.3768 50.9941 49.8866 52.4031 52.6744 48.7657 57.9576 51.564 44.8757 55.2472 52.3801 52.7095 54.9378 51.958 53.7727 49.3491 48.878 47.7672 52.1037 55.1912 56.393 57.5396 54.6889 53.8579 49.6889 52.6693 53.5011 51.3591 50.5126 51.3825 52.693 50.7974 52.1008 52.1663 56.2485 49.8823 54.2944 52.0419 54.1813 55.7375 54.2894 58.1355 45.9906 50.9539 53.1044 56.0674 52.9094 52.6886 53.3951 56.8356 50.1536 49.8868 55.3371 51.3086 53.0892 51.4385 57.035 49.2114 50.3209 51.1435 51.3043 53.409 53.1044 53.2602 54.5101 51.1779 52.7971 49.4503 51.8557 54.2161 50.7387 55.3717 49.1253 50.89 52.8087 53.0785 49.2585 55.2248 52.9308 56.7113 53.9081 51.0301 52.4834 56.6065 55.9041 52.4058 52.6488 51.4093 52.3092 51.8389 61.2817 49.7559 53.9727 51.7273 50.6035 49.5975 52.7095 53.0142 53.4113 53.2827 52.4323 52.3075 55.1577 49.4983 52.5779 52.1495 52.5595 54.2108 52.1213 50.483 52.404 48.8452 49.7423 51.952 50.5037 51.3215 51.9654 53.705 50.6081 53.1804 53.1067 54.682 51.7628 50.7741 50.6925 57.285 58.1834 51.7751 50.6732 48.9492 51.746 55.8434 52.7355 49.0893
56.7777 49.2939 51.174 55.4461 53.5915 51.9216 52.2948 50.7942 53.198 53.48 51.1972 56.2236 48.4877 52.8562 49.6697 54.9597 52.4371 48.4463 48.8557 56.2676 53.4279 49.498 50.0284 55.345 55.1177 48.7367 49.5251 51.2794 53.3479 48.945 50.5723 51.5194 54.7384 54.4774 50.8411 49.9807 49.7033 49.8145 51.1009 52.1605 56.2283 48.9127 50.3316 54.8755 56.726 43.932 52.3581 52.097 47.685 51.4459 55.8044 49.1695 50.8841 53.4553 55.4467 49.3932 49.2288 51.6676 54.6042 50.5347 56.339 58.0663 54.4396 50.9425 52.488 53.4532 55.0139 50.7844 50.882 51.674 55.847 45.4982 55.5971 51.0243 46.357 57.8041 51.4918 50.9443 53.5633 52.9287 53.735 51.7047 48.8873 50.3819 54.0644 52.0441 53.8131 55.2583 58.2566 50.0742 51.5924 53.0685 51.6474 51.4168 51.3085 52.8964 54.5029 51.0203 49.2529 51.7018 55.7075 49.0742 52.3614 50.7576 53.2588 58.9512 52.0921 55.179 46.6479 53.4655 51.3117 53.6277 52.915 52.2945 50.6052 55.0908 51.7081 51.4412 54.1746 52.6152 51.1225 50.4611 54.1144 52.6965 50.2722 53.8645 53.3239 52.0435 54.1648 54.875 53.0059 50.8211 50.5694 54.8153 52.2195 55.8393 51.2144 52.7652 53.8548 49.3804 52.094 52.3483 49.0387 52.6751 54.0587 55.5461 52.0612 49.4504 50.2516 55.0981 56.4194 51.4222 53.1439 52.2552 51.5162 53.5479 58.2972 49.7806 55.0088 50.5044 47.1522 47.84 51.9054 53.6226 54.1307 56.0581 51.0762 52.2659 53.9927 50.4665 50.0983 53.2224 53.7098 54.2398 52.6548 48.4489 51.9208 48.2287 49.8913 48.6986 53.2341 52.0335 50.9122 52.7438 51.7826 52.7891 54.335 55.6203 54.1122 49.1728 53.508 55.8219 56.6768 50.1256 49.5121 49.9785 53.454 57.2601 52.0892 52.1677
58.3721 50.5789 50.8606 52.5006 50.8739 51.1663 49.7552 51.9422 49.5203 51.5258 51.228 53.1291 46.5382 53.4896 47.3946 53.9326 50.7681 47.9848 48.6966 52.1885 49.4898 47.3301 49.6156 53.7672 53.6286 46.2588 48.5803 48.7092 51.871 49.211 47.8153 49.9388 55.1928 53.0688 47.2112 50.0027 48.4197 45.6064 50.3396 49.6098 52.1916 49.6226 50.3209 51.8862 53.678 43.825 51.7353 50.7372 46.7292 51.0264 52.8243 47.4216 50.5744 53.7262 51.6107 46.5934 45.2656 50.7335 51.3761 50.5965 52.302 54.9288 50.7777 49.1216 49.0483 52.2691 52.6312 50.4496 48.3976 49.9946 52.6199 45.7326 54.5301 47.0585 44.7018 53.2273 49.2585 50.3719 51.8381 53.8324 52.1671 47.5772 49.4888 47.6894 52.2807 49.8121 55.4923 53.8123 52.0644 49.3526 49.55 50.4079 50.4571 49.8321 48.9574 50.8942 52.5363 49.459 50.2124 50.0603 53.8864 47.0963 51.4494 48.6935 52.2702 54.9376 51.4101 53.402 43.3131 52.9055 48.8831 51.3659 50.8386 52.5854 51.9137 56.4214 51.5072 49.4903 50.9121 50.6531 48.937 52.1936 51.0753 50.512 46.9944 50.029 53.7124 50.7129 50.0091 53.1729 52.2195 48.6192 49.8075 51.0178 50.9774 52.2812 47.6228 53.4636 48.7921 51.536 49.6878 51.1846 47.1949 51.9672 51.2293 56.3652 49.6534 48.4397 50.8766 51.1764 53.9314 47.0477 51.5172 50.6985 49.8015 49.5353 58.4016 50.3814 53.6151 47.436 48.6481 47.8101 50.1606 49.7862 53.0907 52.5158 50.3901 51.9026 54.6489 47.9314 50.3339 50.1192 52.2856 52.2273 52.5422 45.334 52.3718 46.9134 46.2866 50.9565 51.0521 51.431 50.6449 51.4626 52.0514 51.8722 50.9003 54.0414 50.9413 47.7303 49.2184 54.4091 54.3856 49.6733 49.3276 46.9891 50.5788 51.474 51.5002 50.594
53.9245 47.5618 49.4541 54.6342 52.4144 48.439 51.1623 53.1637 50.8058 51.2849 50.5556 55.059 46.4263 51.5399 48.039 52.0239 49.715 47.6532 51.3742 53.6085 48.6108 48.0572 47.5965 56.6954 53.433 46.1113 44.9429 50.071 52.1349 45.3054 50.0898 50.3779 53.801 50.3434 44.9378 50.7826 47.9344 47.664 50.3775 48.8377 52.8917 48.872 46.9769 50.1952 51.5103 46.2934 51.7191 46.9398 44.7668 49.5668 52.0074 45.8169 50.3447 52.1369 52.4702 46.1235 45.1046 49.7977 51.6474 48.3599 50.21 53.5144 49.9612 49.1379 48.3161 52.7172 50.6536 49.6605 48.5799 52.4965 51.452 46.0083 52.9679 48.4597 44.9947 53.1855 49.1354 47.5962 52.7884 50.0278 50.4873 48.8388 45.314 44.1229 52.1561 51.5101 52.4847 53.2119 52.5115 49.883 47.8414 50.0061 49.9054 48.5804 49.9989 49.7811 50.0062 47.7777 46.6195 51.4568 54.23 45.992 51.2529 50.3247 51.1435 52.0123 50.8614 53.551 45.3332 51.7532 49.425 51.2679 49.4478 47.4025 50.8759 54.7425 50.6907 47.8727 51.9676 50.822 48.0157 50.457 53.421 51.861 47.4857 49.7095 50.9543 50.8526 52.3326 51.8519 53.7024 49.5598 50.0217 50.1637 53.6731 51.9228 45.7346 52.6405 48.6432 50.3999 50.7022 50.1806 46.7425 50.7545 50.6442 53.3085 49.916 46.6641 49.395 53.5097 52.9527 48.7935 49.6545 51.2432 49.5563 51.2583 58.0828 47.9632 53.0455 47.9848 48.4899 46.8822 50.4401 50.9616 51.7201 53.2567 51.1989 49.5709 53.3536 48.4013 50.2729 51.238 49.7847 50.8922 50.8449 48.2436 50.1307 46.3104 48.7177 47.3164 49.4338 50.0934 50.054 49.7111 47.9921 53.5863 52.2223 53.4718 49.58 49.5954 50.8925 51.4953 54.3306 50.3633 49.2162 47.4777 48.3192 54.298 51.9565 49.4698
56.7753 48.8112 53.2585 52.685 52.4628 49.7767 47.5555 51.067 53.6987 52.1408 51.2995 51.6321 44.8531 52.2087 49.9027 49.4259 48.9297 46.8284 50.7828 54.2271 49.4389 45.4447 46.9292 55.6368 53.1547 44.4122 47.677 51.8432 51.8435 47.5451 48.7828 50.1467 53.0885 53.0633 47.4873 48.7704 49.6191 48.8719 50.0106 47.8958 54.3432 47.2076 48.8547 51.7495 53.0424 44.6655 49.7485 48.0829 48.0149 49.8739 53.8071 46.8604 49.2303 49.8646 54.2812 46.276 45.2043 50.6007 51.6886 48.6394 51.4087 53.1589 51.0229 48.2447 47.9786 52.4179 53.3852 49.4896 49.1487 52.6695 51.919 46.1241 53.671 48.5958 45.456 56.2796 51.2679 50.1935 50.957 48.2384 48.9496 49.6702 47.9382 47.2445 48.896 52.4106 50.9968 55.3432 54.4633 50.2972 48.8968 50.814 52.9672 49.77 50.9021 48.0639 52.5577 49.9374 47.2416 50.0556 54.9204 46.1457 51.6943 49.7611 50.9559 53.4369 52.2099 54.2103 45.3964 52.1372 50.0713 50.5974 52.6158 50.4435 52.7425 53.5068 50.7606 47.4843 52.9314 52.1424 48.715 50.8645 52.3772 50.0154 46.8988 49.9513 50.8027 51.2681 51.7514 52.5014 50.9107 49.3231 51.1222 49.1054 50.8226 52.9026 49.6279 53.5305 48.5723 50.0081 48.6731 49.7531 47.518 52.2294 50.2699 53.073 50.0034 48.0871 50.1118 53.7507 54.0645 51.7832 48.2239 50.7525 48.318 53.1284 60.0875 49.0317 51.7183 48.7452 46.415 47.1556 52.2846 49.5552 50.6045 52.3028 52.3494 50.8105 53.8689 46.7296 48.9716 50.6012 51.6786 51.5499 50.3176 47.2341 51.7362 46.6115 47.6556 48.2741 52.3025 47.2868 49.0936 49.2191 50.6251 52.112 51.1986 53.2114 51.0403 49.5319 51.8409 56.1821 54.1621 51.598 47.2848 46.0404 49.5815 53.1918 51.1665 47.2707
55.0884 52.075 49.2063 52.9121 53.208 49.7733 49.5809 51.2523 50.9747 53.8395 52.9185 55.5154 46.7534 51.2799 48.728 54.2303 51.6357 49.9149 49.5586 54.3455 51.097 47.1659 49.9905 55.9567 52.4424 46.3041 47.6193 50.638 52.1151 48.9331 49.4024 51.115 52.2233 52.7065 47.2191 51.3772 47.8891 47.0067 51.2511 50.1437 53.6172 50.1061 49.6033 53.597 55.593 46.9994 52.9216 46.9617 46.726 47.6257 55.1887 47.7193 51.3199 53.4343 51.2598 46.2035 46.5338 48.9746 52.7218 51.3122 50.8712 55.3854 49.856 50.0772 50.1633 52.0335 52.4961 52.4791 47.5661 53.3134 52.6613 46.5011 53.306 52.5939 46.4046 55.6315 49.2281 49.2266 53.4408 50.7393 51.8961 49.2112 51.2869 46.6196 52.4136 53.5425 53.9461 55.8654 55.1401 48.4692 50.4277 50.6301 51.7218 51.2953 50.8561 51.5898 52.8589 51.2486 51.4691 50.1501 54.3222 48.7825 54.14 49.6976 49.5626 55.2448 50.6499 54.2556 43.0293 53.3139 50.9251 53.1753 54.4565 51.2496 52.3969 55.5806 53.3417 50.8043 52.8721 53.6725 50.5698 51.5559 52.6246 51.069 47.2945 51.549 51.3882 50.9118 50.5676 52.4488 52.0305 50.775 49.7523 49.9687 52.7045 52.5143 49.6011 53.498 50.703 50.9202 49.9772 50.4696 50.0022 53.9093 51.4424 54.8454 51.1404 50.6751 51.0491 53.1994 52.8675 53.3486 51.7635 54.0032 48.5863 55.3187 59.0802 50.9627 53.8252 49.1517 47.6583 47.6742 51.3049 48.0067 52.212 53.1322 51.5467 49.7281 54.6807 50.9712 51.26 49.122 51.0627 50.5218 52.7241 48.0166 50.8029 45.0494 49.2438 49.8491 51.2278 49.7503 46.9847 49.9608 50.154 54.7299 51.8983 55.9849 52.1015 45.4661 51.9245 53.5199 56.6257 51.7188 48.0134 47.6319 52.2393 53.0511 50.822 47.44
59.2085 52.1363 50.1704 54.9313 53.5297 53.9844 52.9219 53.8605 54.7214 54.0328 51.336 55.6667 47.9078 51.3345 50.34 51.959 51.4094 49.4922 51.3861 54.3302 52.6827 50.1164 49.7819 56.7274 54.1872 47.2707 48.0483 53.5387 55.1002 49.5987 51.234 52.4335 55.2435 54.7494 45.5808 51.2411 51.055 48.984 52.2357 50.0695 56.8446 53.3647 50.3617 56.9238 54.3579 48.6495 53.6314 48.816 48.6828 51.0033 55.3437 49.2936 52.4379 55.0439 53.9443 51.8474 48.0017 52.885 54.0823 51.3041 54.2322 55.7695 53.3201 51.2611 49.6433 57.2198 53.5677 52.1031 48.9929 52.4554 54.5456 50.2257 56.7616 49.8977 47.8547 55.7708 50.6578 49.7828 54.5392 49.109 52.8374 51.3564 48.3339 48.3968 53.9261 53.0763 54.9883 56.2264 55.4982 50.6981 52.5524 54.153 53.0149 50.7087 53.2819 50.9387 54.2068 51.9801 54.2087 50.766 57.5462 49.9852 52.193 51.7473 54.3612 56.5407 53.436 55.3989 47.4605 53.1886 54.5798 54.9861 52.0365 53.3581 54.7593 58.553 52.2517 52.1468 54.9109 51.2723 51.8181 53.2784 55.9631 51.63 50.1985 50.8163 54.8793 54.3422 54.6891 55.7039 52.4896 50.4008 51.9389 50.9226 52.7367 53.6885 49.4913 54.4766 49.7786 51.7063 53.0094 49.7389 50.2349 54.5022 53.2399 55.3868 51.5408 47.012 50.1954 55.3297 57.4002 54.2637 52.3259 54.5211 49.7486 53.4833 59.1842 50.6331 52.3438 51.8871 51.434 49.3017 53.0598 50.8034 53.697 53.5702 52.3775 53.6082 53.5981 50.9607 50.4712 52.4913 51.2328 52.2032 52.7486 48.55 52.9559 49.5551 50.0512 49.354 51.848 50.1717 51.7556 53.9212 50.6058 53.8787 54.7317 55.4477 49.6637 48.0804 53.7686 56.287 57.9186 53.335 51.3735 46.8047 52.843 54.6791 54.7594 49.9142
56.017 49.0724 49.6645 52.1249 52.4537 51.407 49.0818 50.7247 48.8789 52.4533 49.824 52.9066 44.5536 51.2147 48.7445 51.6705 49.1214 46.3311 49.7714 51.988 49.4199 45.7004 49.327 54.825 51.7574 45.4338 46.7094 50.1163 49.8396 45.6273 47.2953 49.8044 52.9798 50.9043 46.6972 48.4562 46.2704 48.5214 50.7203 48.4421 52.879 47.3514 48.8787 51.5141 53.0318 43.6743 50.8212 45.0802 45.4687 49.0846 53.6913 47.7331 50.4406 49.7451 52.8936 49.5312 46.0601 48.344 52.3932 46.8712 51.0766 54.6951 48.8961 49.1213 47.156 52.8871 52.867 50.6968 50.5514 51.0572 53.3275 47.5568 54.2625 48.5624 45.6064 55.9696 48.3323 46.1269 52.6663 50.452 48.8373 50.6881 47.4929 45.2536 50.217 50.964 52.1626 52.8775 53.5607 47.3786 48.2137 50.3524 49.2235 48.5381 48.9231 49.3081 52.6042 49.2 49.0482 52.0401 54.8521 46.5585 49.1349 47.479 51.2286 54.7042 50.9792 52.3875 43.7895 51.072 48.5174 50.4425 50.7383 49.0436 50.7968 54.2419 51.0557 46.97 50.722 52.5157 50.3079 49.9972 53.7745 48.2462 47.8952 49.6043 50.7413 51.1618 50.3837 50.1599 50.5567 49.4752 49.6417 50.8213 51.4049 51.7603 49.1547 51.0396 48.1103 46.7441 51.2447 48.1562 47.616 52.5764 49.4181 50.8386 49.7576 44.7146 48.1679 54.2493 53.3558 50.213 49.9584 50.0906 50.039 49.4838 58.9855 48.1301 52.2409 50.9413 46.6379 45.9277 51.9271 51.2178 52.0986 52.6283 49.3572 49.569 52.761 47.3898 51.0311 51.034 49.792 50.7944 46.9288 46.2807 49.5822 45.4387 47.838 48.7491 49.6494 47.2809 48.2179 51.6343 47.3511 50.4654 52.2893 53.9726 48.09 47.8017 51.129 53.0578 53.9136 50.2296 47.2476 44.8664 50.3906 51.198 49.9858 47.8438
53.8157 47.5276 48.7268 50.916 50.6666 50.9553 47.0831 49.555 46.574 48.0365 50.2189 48.9551 45.5148 49.0524 46.5868 49.674 47.2559 46.693 48.5264 48.3768 47.6582 45.2152 47.1902 53.1108 50.0176 45.6503 46.5963 48.0516 49.5637 46.2598 47.0008 47.8589 51.6569 49.8383 44.2332 47.3867 47.2411 46.9415 48.1569 46.8024 51.5118 46.1922 46.4506 53.3646 51.801 40.6388 49.5851 46.7618 43.3993 47.4106 51.3662 44.1882 49.2278 49.7557 50.1773 46.4643 44.9467 49.0328 48.9207 47.974 49.3386 52.3177 49.6289 46.8401 48.3744 49.9279 51.0481 47.1572 45.1833 47.8045 48.6089 45.1349 52.7014 46.61 43.2223 54.6304 47.8378 48.8616 52.8918 49.9228 50.8104 46.5387 46.4944 44.4307 48.0479 50.6709 51.7723 52.2235 51.8474 46.4732 48.7558 47.7984 49.9216 46.3264 47.6376 50.6715 51.047 48.5347 46.8167 48.4662 51.5816 45.0572 49.7475 46.7159 48.4585 52.6179 49.3956 53.7331 44.8333 50.8603 48.4188 50.1096 47.7664 46.0481 49.0417 50.6651 50.4935 45.8693 53.7676 50.0732 47.7668 48.8908 50.3582 47.6639 43.8922 48.2547 46.9654 49.4373 50.1898 49.1588 46.8518 45.9387 48.041 48.0679 48.8466 50.4742 46.954 50.7551 46.2694 47.6673 47.6734 46.8767 47.0161 50.8191 48.6478 52.8858 46.9221 46.2579 48.5126 51.6184 51.3684 48.7529 47.6741 46.107 46.5962 48.7637 56.1885 47.9503 50.0522 46.7803 45.8313 46.9351 48.9557 47.6094 50.5914 48.8903 48.627 50.796 50.5815 44.4894 48.6775 47.0219 49.2925 51.877 47.1767 44.987 48.86 44.844 47.0012 48.7024 47.9319 47.6223 47.8175 48.9118 45.1686 48.6578 49.5854 53.2523 48.2991 48.9244 49.748 50.8007 52.7351 47.7105 48.0568 43.533 48.1029 51.9801 50.0751 47.521
54.584 48.5356 48.5788 52.6859 52.6337 48.9101 48.6614 49.7346 50.2654 52.9769 49.0075 53.5133 48.2386 53.4655 46.7506 48.537 49.9863 48.2588 47.989 50.3336 50.4193 44.8482 48.3926 52.7779 52.3444 48.309 47.6874 47.3767 51.6428 47.7452 47.3355 52.3134 53.5595 51.0013 47.4454 50.3838 46.0212 46.5808 50.1086 49.7938 52.5265 47.0966 47.6173 53.8418 52.5261 44.7415 52.2225 46.3787 44.4722 48.1169 53.6232 46.5194 49.2501 50.5545 51.1063 46.8028 48.618 51.9311 51.7238 49.3182 53.2045 52.1829 49.6193 49.6955 51.4205 51.6448 51.5839 48.4418 47.3568 50.588 50.3025 46.9909 53.787 46.7896 44.7892 55.8507 48.8399 48.1499 53.1167 50.4069 49.3937 48.8928 50.6493 47.5545 51.2436 50.4451 53.7976 57.4016 53.181 47.2651 47.8425 49.5298 52.329 47.2819 50.1081 50.0274 51.3037 50.4337 47.5509 50.0876 56.4026 45.8697 53.1099 48.0957 51.0427 55.2542 52.1593 51.3797 43.9877 49.3512 47.4113 50.2024 51.8547 49.5363 50.5089 52.8893 49.7637 47.7692 51.8222 51.4898 50.1386 50.0254 51.121 49.7681 46.3234 50.121 50.111 52.241 51.5987 53.0795 49.358 48.4169 49.6283 49.8301 50.137 52.5923 48.872 49.5511 47.0015 49.5354 48.1226 50.6943 47.6912 52.9293 51.3639 54.2338 50.6034 47.4999 49.0293 51.48 51.3568 50.0972 49.9232 50.0089 49.2616 51.6125 55.2494 48.1524 51.4439 48.6998 47.6477 48.4227 48.7287 50.9031 51.171 50.9279 48.8798 52.5402 53.1996 46.7214 50.7562 50.9706 51.2768 52.3238 49.521 45.9496 51.0373 44.935 46.2937 52.4349 49.2007 46.9534 49.8127 50.2446 49.0242 51.1236 53.1574 53.7659 51.3682 45.2453 51.4287 52.7054 52.2801 50.9518 48.875 47.2091 48.3346 54.0054 50.7087 47.8984
59.4148 48.2374 49.611 55.3351 53.1325 51.62 51.0718 50.4067 50.7152 51.3347 48.7083 54.869 48.4103 52.417 48.9584 54.6308 49.5767 46.975 51.2069 52.008 50.2419 48.6464 49.6658 54.4022 52.923 45.0131 48.4785 52.3553 53.0027 49.4499 49.1499 53.0278 54.2277 53.7576 48.6035 49.9819 49.456 48.2767 51.1266 50.3977 53.1791 49.9042 51.3298 51.3813 55.0882 46.1929 52.8732 49.1312 48.2198 49.7484 53.1214 47.6989 53.0832 53.7619 49.6132 49.9679 46.1027 51.3077 52.953 49.7653 52.6946 56.3182 52.1492 50.103 48.6693 53.933 53.6354 50.2969 48.9466 50.9079 55.0007 46.589 58.1907 50.5636 46.3072 57.2296 49.6275 49.2119 53.8716 51.4852 51.0241 49.1317 48.2284 46.6022 48.9592 54.2853 53.6429 57.2214 53.7545 47.7467 50.2084 54.5813 52.2446 50.7382 50.6779 50.5045 52.7838 52.8353 51.1424 53.2403 56.8093 46.1102 51.5907 47.6723 53.8856 53.53 53.2517 53.8011 43.9207 52.2352 52.371 53.1844 51.8779 50.4896 51.1473 52.1859 53.4212 49.7672 52.6312 50.6227 49.3634 50.8444 54.1309 49.66 49.7138 50.8371 51.4311 51.3068 51.5751 52.6173 51.8901 49.1127 51.7101 51.2813 51.5891 53.0042 47.656 53.4057 48.5677 50.689 52.9313 52.1244 48.4684 52.3507 51.9902 52.7825 51.0156 47.6476 50.7681 54.078 55.2473 50.0868 50.8831 51.063 48.0196 49.8782 57.668 50.4156 55.6396 51.3631 45.5282 48.7554 51.021 52.1399 50.7298 52.8571 51.4256 50.5433 54.0082 47.3116 52.2705 50.129 52.7722 52.1957 49.8922 46.7642 51.9354 45.2392 49.3397 50.7146 51.6939 50.3609 50.1531 48.7724 50.009 54.1183 50.9952 56.3818 50.9513 50.9477 52.8494 53.2819 54.8904 51.2808 47.1129 46.6171 51.9375 54.1122 52.1064 48.7689
58.7849 48.9853 50.727 56.1722 53.2194 53.0056 51.6869 51.5601 51.8846 52.2395 49.7865 56.1551 46.2406 53.2872 49.4129 51.5898 49.0189 49.3003 51.3151 54.2088 51.7332 50.9825 47.6102 54.4 52.9792 47.1249 48.0934 51.5077 53.4258 50.2797 51.1697 51.5146 55.0075 50.6093 49.3091 54.2518 48.8533 48.9463 51.0609 49.4226 55.842 50.37 49.5612 53.3068 57.8736 46.3768 52.047 49.481 48.9878 50.075 57.7031 46.009 52.9278 52.874 53.8178 51.3995 47.6252 52.4292 52.3008 51.2582 52.6287 53.5497 50.6137 49.477 51.045 52.9515 53.9488 50.0081 52.288 54.0692 52.6395 47.9485 54.9427 51.5872 48.3942 55.1754 50.6791 48.6311 50.9461 50.8329 52.0399 48.3838 50.6959 46.7713 50.494 51.0161 56.1537 55.7702 53.3699 48.5742 49.6688 51.9743 50.3483 52.6482 52.641 52.2189 55.7078 52.3609 51.0309 52.3746 55.6635 47.3543 51.8523 48.9982 53.6622 55.3538 51.3006 54.3904 46.4342 50.7784 51.1316 55.228 51.3673 50.5553 51.7332 51.3608 54.0155 49.9243 55.016 50.9306 51.2179 51.6938 54.2986 51.4345 50.9678 48.9384 51.8 52.4657 51.6393 51.7504 52.3761 50.1715 51.0066 50.0805 49.6443 52.6729 48.3802 52.6884 50.0466 49.5468 50.9819 51.2003 50.298 53.9534 53.1586 54.1514 52.7597 47.0777 50.9516 54.5561 54.3956 50.1931 51.8792 51.31 48.4937 54.6675 57.6004 51.247 55.4016 51.6373 50.2733 49.2518 50.356 53.5135 53.1754 52.5895 50.9429 50.9827 51.6593 49.4893 51.0154 51.8166 51.3984 51.519 51.0099 47.2865 53.1386 45.6181 49.3103 50.3637 51.9104 52.1586 49.5064 51.6263 50.9406 52.2114 52.4117 53.4621 49.696 50.1886 53.3893 54.2171 54.2512 47.9175 48.5467 46.8495 50.5436 52.8675 54.3051 50.0784
59.1297 53.8438 54.0206 57.8421 56.4865 55.4396 52.6108 55.238 55.2289 56.8201 55.7855 59.6323 51.7128 57.2598 51.9347 58.2271 54.527 53.8333 53.3077 55.6789 54.4566 54.7889 50.6062 59.3546 56.5288 50.8115 52.1137 53.2048 55.1695 53.9589 52.3462 52.912 57.4227 55.2292 51.4912 54.057 51.6746 52.8391 53.7407 53.0065 56.2268 54.0947 54.5774 57.0652 58.4293 49.8428 55.1368 53.6843 51.5589 55.5251 59.4829 49.4875 51.0934 58.0622 56.8356 52.4098 48.9908 53.2468 56.7098 50.6265 55.9908 60.0327 52.6919 52.8333 54.1747 56.2411 56.4295 54.1867 55.5162 53.7721 59.544 49.3053 58.6039 53.498 49.408 59.1513 53.2362 52.2118 56.3474 52.0854 55.9437 51.2967 53.0556 51.9851 56.0222 56.4319 57.8477 59.6937 59.002 54.5174 54.8011 55.2836 56.4092 53.3235 54.0181 56.204 56.0332 54.0637 53.7723 56.9835 60.7655 51.1259 57.0655 51.8479 57.8999 59.7335 56.0462 58.934 47.7896 56.2594 54.7185 56.7384 54.8634 54.3331 55.4201 56.2431 55.9999 53.2132 57.0289 55.998 51.8449 55.2124 58.1328 53.8677 49.4054 55.8398 54.5967 54.4418 55.1828 55.6041 53.9948 52.3937 56.431 54.2105 54.8303 57.0541 52.3192 56.1708 52.9599 52.521 54.2189 53.4299 53.9264 56.0848 54.8193 59.9678 53.1666 50.9337 53.0935 58.8089 58.5056 53.7532 54.0468 52.8102 53.2514 54.7943 63.4394 53.028 58.8154 50.4551 52.9198 52.0493 55.2911 54.9865 55.7014 56.7727 55.439 56.3861 57.5254 51.3 52.9881 54.6481 55.5695 55.5581 55.4903 50.1168 54.3017 49.1305 53.8166 53.3423 54.3368 55.8172 53.4624 56.1961 53.6661 57.3821 57.0348 59.0333 53.899 51.2996 56.7064 59.5766 60.0761 52.7844 52.5939 52.2453 55.4473 56.3638 55.96 53.8127
51.6861 47.759 45.3109 50.526 52.2278 48.8344 48.0709 49.1568 48.7993 50.2393 48.0733 51.7695 43.8751 48.5983 45.9902 48.8787 49.2329 46.5255 49.7461 49.0166 49.464 46.455 45.4217 54.5246 50.248 43.7874 45.2147 46.7081 50.1578 46.0139 46.2513 47.5153 50.8508 48.1386 44.9453 49.6216 48.9295 47.3105 48.1234 46.4037 50.4557 48.4258 46.1452 48.8913 50.5579 42.7183 49.3557 45.2124 44.916 46.921 52.5303 44.6995 48.7189 48.6933 48.5506 45.4005 43.2859 47.892 49.3215 46.9756 50.232 52.9625 47.1381 45.7009 48.5341 51.6008 50.6279 47.2413 47.3486 49.8352 49.4312 44.1554 52.0781 47.4083 43.3682 53.8704 48.176 45.5259 49.803 44.6678 47.8816 46.988 45.8544 43.625 47.5695 48.3987 49.8272 50.6714 52.7305 49.0425 46.2335 48.0669 48.6171 46.3293 49.6713 46.168 50.2643 48.7228 47.0146 49.5505 53.3429 45.0988 48.2765 45.2301 46.306 51.7254 48.2647 50.8549 43.7402 51.3611 47.8958 50.4911 45.9894 48.336 49.3699 52.6322 48.6593 46.6579 49.2734 49.9096 47.2927 47.9086 51.5823 46.3177 43.7038 49.0994 48.9853 48.3589 48.6661 48.4096 48.1088 44.5177 47.4712 46.9735 49.229 49.4935 44.8381 48.331 47.6434 45.1012 47.5198 48.5189 47.5038 51.9721 50.1377 52.6105 48.7895 46.4932 50.2221 48.9211 50.1223 47.147 48.4118 49.5114 47.3158 50.7577 55.3164 46.9701 50.7212 46.5407 45.448 44.8322 48.4922 46.3235 48.7646 48.701 48.8822 48.5977 50.2731 45.8276 46.9385 48.056 45.579 50.6912 49.1959 45.8949 48.4081 43.4909 45.981 46.5386 47.8474 46.4876 45.5433 49.1519 44.6525 49.2392 50.6612 51.2644 46.3804 44.948 46.9463 51.6014 53.8679 48.3946 47.1691 45.6114 49.107 49.6486 46.7528 49.0348
61.1214 50.0373 54.0496 56.718 56.0839 55.2329 51.0801 54.7499 52.6153 55.9532 53.8364 58.7586 48.7786 56.309 52.2453 56.0504 51.5458 49.9096 53.8435 52.2286 52.617 50.9518 51.9078 57.8475 57.4505 47.5915 48.2064 52.1115 54.8653 51.9171 51.9565 53.8056 55.1534 52.6052 50.1281 53.2522 51.9906 50.9866 55.5353 52.0402 55.2385 50.3118 50.8817 55.3039 57.5239 47.8553 56.1135 51.6462 49.6025 52.0472 55.5183 48.5585 52.1647 57.8388 55.3938 51.5823 49.5396 55.606 58.2439 51.7585 54.1946 58.9423 52.804 51.41 52.8447 57.8266 56.6827 54.5221 52.5133 55.4625 53.8674 50.3308 56.7511 52.6543 48.5915 58.1089 50.8093 52.7866 54.2977 54.3993 54.5659 48.6373 50.9399 48.6136 54.6214 55.3528 56.1261 59.4224 55.8259 52.6405 51.7892 53.8403 56.1816 52.3229 53.5744 54.102 54.4032 54.2781 51.2453 54.934 58.5199 50.29 52.8841 52.9122 54.1813 58.1525 51.7976 57.4354 46.2867 56.8139 54.3939 54.9877 51.6839 52.8294 53.8745 54.6467 55.9104 50.7551 56.3473 55.0324 54.1383 52.215 55.7911 54.7174 50.7786 54.4456 53.3654 50.9975 55.0058 54.145 54.9417 51.7231 54.7953 53.9498 56.6879 55.598 50.57 56.0483 52.0691 53.3287 53.2247 55.732 50.7503 55.5346 52.7788 57.1897 53.6876 52.0235 52.6209 55.2611 56.6787 52.1572 53.1268 54.4498 51.7624 58.1674 61.9777 53.2966 56.1919 54.6067 48.7557 51.8511 54.6524 56.5864 53.224 54.7718 53.6858 54.3395 58.6064 52.4344 53.5581 53.7851 55.5809 58.0737 51.2492 49.9006 54.3154 48.581 51.4571 53.0973 52.5281 52.4995 51.1682 51.5896 51.3054 53.9124 53.4505 59.6298 53.6604 54.9286 55.1039 58.9586 57.1408 56.4957 50.9704 50.6939 54.3488 58.4584 54.1183 51.2338
56.4085 48.2999 49.5571 52.3697 50.6114 48.887 50.034 49.842 47.1201 52.6076 47.8801 54.6483 48.8804 51.6248 47.4489 53.3609 49.2324 49.3608 50.3187 50.8059 47.911 48.4446 46.6512 54.0213 52.9756 43.7159 46.5931 49.3052 51.6386 45.8701 47.764 48.8642 52.8555 52.7398 46.94 50.1321 47.7417 46.3532 49.6113 47.4482 51.8637 49.406 49.9413 52.9814 52.6729 46.2888 49.3751 46.5086 49.6468 49.8517 50.6827 46.5036 52.0403 51.5521 50.7581 48.3848 43.9549 47.2018 50.0595 47.8709 48.9731 54.7899 48.5602 46.9785 47.3814 50.5449 51.5574 49.2101 46.8016 49.4573 49.7534 47.7239 51.4652 46.0224 46.4029 53.2278 47.6127 48.5767 51.8944 50.4613 49.4664 46.1389 46.2382 46.3358 53.1824 51.594 53.3648 53.126 49.746 47.3493 48.9826 50.5497 51.2307 50.396 48.5149 49.2646 52.4217 49.3864 48.8103 52.291 55.4707 47.3296 48.5091 46.249 50.3015 52.0598 48.5523 55.105 44.4902 50.9704 49.334 51.3578 48.9744 48.4953 49.2805 53.4375 52.3877 46.7892 50.0002 50.5933 50.7232 48.9363 51.2733 50.1292 48.203 48.4123 46.4971 48.806 48.2474 48.4851 50.6167 48.7345 48.8948 50.1195 49.8861 50.711 47.091 52.1294 46.1689 50.9676 48.4601 49.1518 47.8318 52.8083 47.7414 51.8089 48.3071 45.5131 49.0067 52.3549 52.8354 50.1195 49.8799 51.2447 49.3792 51.0454 58.209 49.2293 52.5863 49.4822 44.7279 47.3467 50.9412 50.9263 51.1215 52.0579 48.412 50.4399 53.931 48.7698 49.2989 49.3601 50.2585 51.7322 48.2476 47.0504 50.1978 43.1434 45.8234 50.8624 49.1123 49.5891 48.2171 50.0301 49.9929 51.2626 50.974 53.3312 46.0956 47.1192 50.3576 52.6914 51.0845 46.1355 49.1437 44.4963 48.6414 52.6997 50.7919 46.6925
50.6617 46.8949 49.1597 50.3769 50.4783 45.9132 47.1331 47.9265 49.5669 47.456 48.2802 51.2583 44.3929 48.0373 47.6131 48.3264 45.4942 46.8927 46.9053 50.1482 50.0269 45.4349 46.7525 52.0189 47.0941 44.7001 46.6187 45.1732 49.535 46.6083 45.4506 46.5762 50.5477 48.393 45.4375 49.1005 45.2737 47.2651 52.0397 47.8903 50.8943 48.4019 45.0902 48.9321 51.3971 41.9147 46.8192 45.0639 44.4754 45.6785 52.1307 45.7493 47.7656 49.4977 47.6737 43.085 42.5928 46.982 50.5241 45.8588 49.3103 51.8276 43.7378 47.095 46.0788 52.4926 49.3682 46.8153 45.9882 51.6568 47.9181 45.7159 51.207 48.1328 42.7156 51.8692 47.5786 45.7388 49.8335 48.9183 49.5007 43.4741 44.1503 44.2436 48.6249 47.8213 50.9233 52.6213 48.9977 46.717 48.1405 47.4695 47.3187 47.4383 46.7044 48.5762 50.8914 50.4571 47.6401 47.0131 51.9483 43.3455 48.5851 46.3592 49.7461 52.7622 51.6553 52.3761 44.4656 50.1967 48.0609 46.4195 50.6843 46.5 49.6371 51.5008 49.5998 44.1694 49.4206 48.3879 45.5191 47.6218 48.8507 48.1727 47.6756 46.0237 48.858 48.397 48.5482 46.8701 47.6685 46.2772 48.4071 47.9822 48.5176 51.1426 45.109 49.5679 47.0836 45.4548 49.0128 48.5031 47.8442 51.8352 48.2197 49.9891 47.1934 45.9329 47.076 49.7958 51.1606 48.1116 49.5526 49.9553 47.651 50.4929 55.3833 48.7324 49.1944 46.1338 45.3637 47.3358 46.5481 47.1488 48.8152 50.5092 46.2057 49.8231 51.3299 45.0799 45.4911 46.3653 50.8447 47.5056 47.8929 43.6947 47.6854 41.8838 44.7911 47.5351 48.31 45.9657 45.4231 47.5698 46.8149 48.3858 47.9467 50.8465 47.3497 46.4832 50.6009 52.835 51.4412 46.9143 45.9504 45.4801 47.949 49.9336 46.6458 48.7498
60.0849 51.8288 50.6584 54.6167 55.6346 52.4574 52.0861 49.9654 54.1052 54.3992 51.7542 55.9002 50.44 53.5622 51.2349 56.0259 51.9437 48.8311 52.4848 57.2731 52.396 49.2102 50.2414 57.6047 55.0197 48.2293 47.9474 53.5071 54.305 50.0479 51.3185 53.7173 56.2347 55.0111 49.3966 50.0487 48.8172 49.1753 50.927 50.551 55.7967 51.1776 51.5489 56.7885 54.4534 46.9569 52.0133 49.2643 49.568 50.8486 55.2632 49.4105 54.8757 54.2307 54.8342 51.0315 47.4053 52.3551 54.4237 52.7525 54.9873 56.4926 53.9563 50.385 50.8647 55.1969 55.191 51.4299 51.7661 52.725 55.29 46.4349 55.5975 53.3653 48.1551 56.8195 52.4045 49.3872 54.454 52.0048 53.8368 51.3856 49.4365 49.5317 53.6037 53.7594 55.5033 57.9783 56.4755 52.5294 52.9635 54.7912 53.7411 52.9914 54.6799 51.8824 55.3631 54.5363 51.4667 52.8439 56.2844 50.3858 52.0011 50.0546 53.7415 56.6975 53.3013 55.8404 46.0329 51.3468 52.7437 54.9929 51.2071 53.9668 55.8872 55.0619 54.1186 51.2268 52.2699 53.1089 53.5191 51.3985 58.4446 53.0675 50.0097 53.7673 53.53 53.9566 54.0635 54.8144 52.7929 51.8985 51.2342 53.7215 51.521 53.6905 50.437 54.5848 50.8238 51.2121 51.1371 52.9364 50.5912 53.6233 52.4571 55.6656 54.0868 50.4092 51.6375 55.3371 55.3216 51.2552 52.574 54.1863 53.6333 54.3081 60.6981 53.0801 56.0587 51.7927 48.236 50.1684 52.4125 51.9263 53.2899 53.4195 52.0814 51.4487 54.8709 50.3877 50.0922 52.6633 54.7442 55.3397 52.1032 46.708 54.5169 47.7864 49.2568 50.1309 53.1683 51.0959 51.983 54.0754 53.9222 55.0206 54.7207 56.5626 52.448 48.5681 52.2918 54.2058 58.7651 52.8025 50.412 48.8749 51.1297 55.8631 52.9655 51.5712
57.852 48.1059 50.2235 51.9429 54.8828 49.2549 49.314 50.6334 50.5483 52.1406 49.4993 56.7581 48.492 54.0506 48.0058 52.4227 49.7201 49.0141 49.3982 53.8617 48.8904 48.0408 48.9968 55.6398 54.2467 47.0027 47.3176 48.375 53.324 49.4119 48.3731 50.5097 54.491 52.4652 46.5792 50.6692 49.9881 47.7529 51.3287 50.6271 54.6261 48.233 48.1853 50.5762 52.8099 46.6544 51.0266 47.7933 46.7983 50.2964 53.7984 48.289 47.9634 53.0737 51.2691 46.5421 45.5938 50.2946 53.3047 50.7497 53.3016 53.407 47.9765 48.8637 49.9303 53.8933 53.1048 51.1312 48.7816 51.0612 52.6847 47.3852 55.6962 47.1492 47.628 54.4284 51.1966 49.2576 51.9132 51.1359 50.8176 49.4308 50.1024 48.2484 50.0431 53.6813 53.2448 55.3524 53.6825 51.0132 50.0423 51.7135 52.612 49.5585 50.9903 49.4764 49.8577 52.16 50.2848 50.7459 53.551 47.841 52.522 50.6077 52.7091 53.6595 51.5045 52.6789 45.6886 50.9933 50.8101 50.0546 50.8455 47.8515 51.4513 53.4412 51.5325 50.4354 50.7287 51.8661 51.8658 52.4535 54.5169 51.4208 47.7115 50.2103 52.2843 51.446 50.8121 50.5162 51.4193 50.1615 51.1334 49.5278 51.3697 52.7172 45.9008 53.7006 49.2918 50.5897 50.0656 51.8817 45.4166 52.1509 50.5031 56.1989 50.6373 47.0971 50.6374 53.8704 54.7946 49.2066 49.0867 51.0668 51.5339 54.1212 58.4154 52.1859 50.9289 50.4765 48.5264 47.7753 51.7269 51.6693 52.4633 51.7905 51.9768 50.6248 54.3239 45.246 49.3047 48.1856 52.799 51.7637 51.0288 45.5258 52.9622 46.1004 49.3883 51.3864 51.6364 48.4658 49.7734 51.947 50.0039 52.3114 49.9939 55.2228 51.8025 50.2919 52.172 54.6886 55.1753 51.5171 49.3747 47.2344 52.1575 53.7828 52.0474 48.3358
60.4183 53.5326 53.0159 56.2117 54.5713 53.0984 52.7291 54.7631 54.2842 54.8215 51.621 56.0575 48.8588 54.1374 51.3303 55.0581 53.5271 51.6098 52.7515 55.7371 54.4608 50.6213 51.6312 59.7407 56.2923 47.3093 48.8943 53.0406 54.3836 51.7704 51.9451 51.6574 58.6804 55.1261 49.5257 53.2027 50.9387 53.5502 53.4682 52.1536 55.0236 53.8093 52.5618 55.2212 55.979 49.1966 54.9063 49.9309 50.1577 56.1577 57.9185 49.2599 53.7342 54.0738 56.1631 52.4422 47.9629 53.2314 54.5418 52.8517 54.8985 57.7686 52.9955 50.8333 52.5564 54.523 54.3987 52.5278 53.2514 52.9593 56.0065 48.3116 56.4123 50.5082 46.8405 57.977 52.7175 51.2883 55.5288 52.2739 53.5779 51.582 52.159 50.1048 54.1824 53.4875 55.72 57.2875 57.3475 54.2245 51.5643 54.2702 55.077 53.5272 53.3218 52.1793 56.6964 54.0856 53.5286 52.9173 57.9871 51.52 54.8577 52.8271 54.0631 56.6307 54.4145 55.2607 46.3913 54.4408 56.9414 57.9873 51.8689 54.4308 54.9369 55.6402 55.5396 49.466 53.7558 53.9431 53.8385 51.8623 54.2166 53.3665 49.7528 52.7561 52.1162 53.6696 55.511 52.3841 54.2565 53.7041 52.1019 53.3763 53.6687 55.0332 52.6039 53.5071 51.8901 53.0275 52.1292 54.1066 50.8051 53.1747 53.0154 57.3519 54.5102 50.4812 51.7411 55.6225 56.3745 52.9131 53.908 54.0725 52.5338 55.6956 63.26 53.0893 54.9485 52.1515 49.53 51.5703 52.1758 53.7484 54.2821 55.4323 52.5742 53.7168 56.7502 51.0963 52.6662 51.2 54.4807 54.5483 52.3548 50.8855 53.5896 48.4751 51.2567 52.4469 53.8636 51.7001 52.1942 55.491 54.1536 56.9285 56.9939 54.5992 50.7292 49.9466 54.4806 57.0342 59.0755 52.5924 49.9785 49.8594 52.4954 55.4994 54.4172 52.3991
51.8067 46.8243 47.2147 51.0597 50.2704 48.0532 48.188 46.301 46.4572 49.4967 48.6603 51.1124 45.2539 51.0807 44.8573 51.6482 45.6549 45.6098 48.7803 51.7499 48.2326 47.3875 45.0272 50.503 50.7082 42.6316 46.245 45.8226 50.1319 45.8008 48.1389 47.8902 50.2763 48.181 44.3971 46.6726 47.811 45.2741 46.9091 48.8019 49.5384 48.1098 45.8129 49.7813 51.835 40.8997 49.4316 46.0444 46.5289 45.0666 51.4968 41.8339 47.8862 50.0613 50.4167 44.7381 45.4176 48.251 49.3221 48.4629 50.2068 53.4252 48.6954 45.1125 49.9156 49.795 49.3298 46.2006 45.7035 49.6608 48.9822 43.6007 51.9863 46.5351 41.8856 52.6383 46.8863 43.7117 50.5616 47.8489 49.1216 45.9868 42.4312 43.8559 47.3883 48.9533 50.299 51.2045 50.5636 48.7711 49.0198 47.7717 50.4908 47.3049 47.7907 48.4826 50.9216 45.5946 46.2153 48.0447 52.0936 45.0472 48.6089 47.8028 48.6559 50.9588 48.5522 50.6534 43.0548 46.8631 46.5201 49.4421 48.3079 47.712 50.6921 49.1405 48.8629 45.8626 48.567 49.0525 47.1176 48.7156 50.5287 47.8661 45.8366 47.7988 49.4286 50.225 50.4593 49.7296 49.7078 46.6768 46.7493 48.2686 48.4191 48.1353 45.3397 49.9413 47.7163 49.1573 46.3919 47.0193 45.2299 52.5054 46.381 50.3947 47.177 43.9024 46.755 52.6526 49.2152 49.8223 48.1664 47.655 47.8185 49.005 56.0644 47.4006 50.0854 46.8048 43.3222 45.3569 50.0213 48.4536 48.418 51.4729 50.2582 48.1035 50.6888 44.6274 48.3372 49.5167 49.0735 48.6327 47.8027 43.3862 48.9169 43.0222 45.6194 49.0106 47.5507 47.9701 46.8104 49.1759 47.2268 50.0113 48.6088 51.2132 46.9224 47.79 48.3858 52.5361 51.1595 47.7029 45.8866 44.3237 47.4739 51.0161 47.9813 45.8992
53.5652 48.5458 49.0352 51.1257 51.0263 49.4123 49.4843 48.2495 47.1096 51.5896 49.354 52.7705 45.9171 49.0968 45.3233 49.1552 46.3605 45.7058 45.8359 50.7976 49.2807 45.2189 48.2898 51.2921 49.5034 45.7442 45.1744 47.3445 48.3559 47.2901 47.2478 48.3353 52.4988 48.7444 44.5189 48.1791 45.3251 45.4271 48.8977 46.4054 51.5989 47.7297 47.5054 53.1294 50.2519 43.2164 50.7786 45.6536 44.653 48.0203 51.9441 46.3806 47.6088 50.1339 48.7101 49.4628 46.2213 46.7143 49.3887 48.5606 51.003 52.9139 47.0554 46.5821 46.8321 51.091 51.1139 47.4857 46.9303 47.4412 50.0594 44.7289 51.885 48.6333 43.1076 54.8279 49.0166 46.8511 50.672 48.9572 51.4661 44.6715 46.4616 45.4599 51.2758 49.8143 52.9221 52.9691 51.948 48.5112 49.1711 50.8866 49.3133 48.506 46.6048 51.064 50.2435 50.2127 49.4532 48.4092 51.3515 45.9936 51.7641 46.3402 49.1145 52.8763 49.3682 52.1889 41.2853 47.4828 47.9667 51.5716 49.1126 47.2403 51.2018 49.3235 50.4483 47.7587 51.3803 48.6201 49.5454 48.0771 50.795 46.8845 47.1136 49.2966 49.9577 49.2282 47.1107 50.4797 50.6146 44.9419 50.6304 48.109 49.6658 50.1412 48.4418 50.8645 46.7796 48.2617 48.947 48.4534 45.7969 49.6728 48.6549 51.3113 46.8688 44.1017 48.9965 50.3889 53.6644 49.9449 49.4995 48.3172 47.5229 50.4284 57.427 49.9107 53.557 46.3149 45.716 46.9518 47.483 50.7657 51.429 49.9176 49.5453 49.9815 49.9042 46.281 48.3846 48.8795 49.4265 50.6086 48.2518 45.6801 49.2621 43.0902 47.5159 50.8981 48.0079 49.72 47.2868 51.7516 46.7008 51.8298 49.955 50.5164 47.5576 45.7187 48.3446 51.1816 54.3654 49.629 48.2987 45.1803 50.5197 51.1755 52.7104 45.0183
59.411 50.6829 51.7737 55.1047 54.6887 55.9922 52.1433 52.1157 51.7189 50.8792 50.7802 53.6914 48.3821 54.403 48.8458 52.5551 50.9178 50.516 51.2458 53.7417 50.1268 49.1202 50.2651 54.6632 55.707 46.9724 47.4131 51.4223 53.7351 49.4878 48.8458 53.5379 54.2815 53.5148 49.3757 49.8513 50.5696 51.6982 51.3669 53.0645 53.3247 51.7788 49.9954 54.0656 54.0147 47.066 53.9622 49.3356 47.7843 51.1083 55.5568 46.5432 51.9801 53.6009 53.493 47.1438 49.6742 52.7708 56.2428 51.4338 52.2769 56.0983 51.7815 49.4396 52.3695 53.7301 54.4138 50.8705 50.1486 51.8983 53.1702 50.2845 55.6424 48.6497 47.166 56.135 53.2449 50.3691 54.4206 50.3013 54.8874 49.5354 52.5776 48.9833 51.1285 53.7787 55.3034 58.5109 54.8023 51.8996 53.2302 53.7964 53.1375 51.0023 51.7998 51.4996 55.2223 52.5153 51.4949 53.7851 58.0789 47.8997 51.9269 47.9129 52.645 55.2012 53.9194 57.2116 45.6121 54.1436 52.3272 53.1017 52.8389 52.5724 55.2543 55.7489 54.3729 48.4341 55.752 52.2014 50.5864 51.1816 54.808 51.9823 46.4003 51.4767 54.2939 54.9243 52.9546 52.7059 53.1096 52.747 52.372 48.2558 53.6221 54.9652 51.3612 54.1174 50.5496 50.7257 52.1976 50.3411 50.7905 52.555 52.6704 55.5544 51.7336 50.5397 49.8102 54.076 55.0355 50.4019 51.3835 51.7701 50.9488 53.9005 59.5417 51.7733 54.9529 53.6676 47.2748 50.7761 51.0458 52.6302 52.0712 55.6625 52.7867 53.9215 54.2438 49.1735 52.3888 51.3678 53.2966 53.0346 52.9523 49.3791 51.226 47.0967 48.3853 49.8932 52.3561 50.4485 50.8252 52.2477 52.0351 53.2116 52.7878 57.0035 53.217 48.8151 50.9713 55.4982 54.6366 53.0344 47.5636 47.9339 53.2651 54.3668 53.2362 51.0519
53.7187 47.8243 47.8221 49.4542 51.206 46.6059 48.6574 47.925 51.4304 51.9714 47.4215 51.0119 45.9183 49.9872 47.0715 50.9059 49.4706 47.1461 48.5689 51.979 47.4215 44.9572 47.6743 51.6938 50.5266 44.4867 43.2579 47.0174 53.1326 45.7721 44.0489 47.9582 54.0971 51.2377 46.2152 49.0372 47.1317 46.029 48.372 47.0515 52.2267 46.9921 49.0813 50.8431 49.6005 45.2353 47.7866 47.526 46.5128 49.8206 53.7073 44.7574 48.585 47.633 52.3845 45.856 43.6976 48.6212 51.3444 47.4659 49.9764 50.9657 48.1545 44.0916 47.9281 50.5116 48.4866 47.0964 48.6423 48.1816 50.5247 46.3295 52.4122 48.2317 44.4565 52.4718 50.0273 47.3434 51.3152 49.7569 50.0746 46.8086 47.6464 46.9172 51.306 51.7343 53.2609 52.2549 52.7623 48.0131 47.5918 49.2937 50.0307 49.7975 49.5212 45.6667 49.3654 47.0722 49.0115 50.3475 51.1146 44.7878 48.2355 46.9807 49.5726 52.2837 48.999 52.4231 43.7323 49.8697 50.9661 49.4574 48.6713 49.036 50.8161 51.5951 50.124 45.1388 50.4523 49.8229 48.1471 45.5761 51.8348 50.1573 45.995 48.3256 49.1497 49.6528 48.1732 49.2566 49.2453 47.2651 48.2785 46.5752 49.0129 51.5591 45.1458 49.5415 46.5273 49.1533 48.9033 50.9005 47.3075 50.8003 49.5198 53.1875 45.3564 46.6405 45.3936 51.8193 53.1882 48.9611 49.2592 49.7108 47.2853 51.5857 56.5133 49.8653 51.8211 48.9746 46.865 46.251 49.0378 47.1502 49.9656 51.4077 50.2135 50.9752 51.865 45.126 46.7261 46.6184 50.5547 48.2985 45.9559 46.7033 49.2409 44.5298 45.4669 48.7956 50.0637 47.3468 49.4482 49.2111 49.1723 51.4211 49.6453 54.1531 49.998 45.4345 48.9241 49.8205 53.8135 50.1093 46.1849 43.3643 46.9148 51.3095 51.3691 48.0525
58.6804 53.5636 52.813 56.6669 56.1459 52.1909 54.9218 51.796 55.2684 55.3579 54.4687 58.6528 51.3551 56.3984 51.5317 57.2915 55.5465 53.2024 56.527 56.5529 53.8344 50.291 53.1049 61.6341 57.1755 47.6952 51.8811 52.8563 55.9492 50.8324 52.2265 53.8009 57.2365 56.1604 51.5102 54.2107 50.3622 51.059 55.4129 53.0369 55.0505 52.1495 53.0126 58.8683 57.2339 49.9907 55.5885 52.0049 51.8353 55.3656 57.3968 50.8112 56.606 56.285 57.6875 52.4892 50.0973 54.7579 57.4798 53.5263 55.91 58.3971 52.5772 51.2452 54.6287 57.1129 54.5975 56.0865 52.6395 54.4404 58.0056 50.6079 57.6005 52.8325 48.3151 58.5423 54.5369 53.7035 56.1629 53.0613 55.0176 53.0617 50.3276 49.403 55.0708 56.6363 58.4733 59.6612 59.1386 52.7879 55.9108 54.8655 56.3021 55.3511 53.8844 54.6361 56.434 53.4276 54.1728 56.3638 60.456 50.5587 54.9373 52.2216 54.9378 59.2208 55.3035 57.1211 48.3431 57.4979 54.7329 59.3653 54.9295 54.6256 54.8864 58.9169 53.7354 52.2567 56.1099 54.9144 54.598 54.5756 55.8803 54.7589 51.8153 52.8332 53.1703 52.7992 55.7053 56.0225 57.0324 53.8745 56.2456 54.1834 57.0553 56.4245 51.7718 56.058 50.7849 55.024 55.5374 53.8354 52.4609 57.0148 54.4177 59.7063 53.2002 50.4443 51.3922 56.6702 56.1932 54.4285 53.8075 54.7348 53.6315 56.1897 63.5727 51.1672 58.4748 54.8019 49.6215 51.4657 55.9046 53.598 55.681 58.9306 53.7648 54.8821 59.0193 52.696 54.6807 55.171 55.8701 55.0491 53.6307 50.0597 54.5843 47.6755 53.5072 54.6483 53.063 52.8613 53.5025 55.5119 55.3769 56.8545 56.3931 60.3273 55.902 51.5643 55.2223 55.8103 58.4441 54.0206 49.9455 50.8891 53.8848 58.3808 56.7975 53.4435
57.1825 49.8263 50.8 54.9601 52.1122 52.1839 54.1882 52.0634 52.7762 56.0516 52.2453 54.8574 49.4313 52.4376 50.4182 54.4485 52.0897 50.6893 52.1413 56.1864 52.227 51.4253 50.9691 56.6015 54.6334 48.9049 49.2715 50.9699 52.3128 49.1925 51.7153 51.9931 55.1525 53.9917 48.9036 53.2601 49.3731 50.7655 52.9444 51.2885 56.3169 50.8486 51.6951 54.8997 57.1978 44.2071 51.1116 51.8007 50.6338 51.1492 56.886 48.9687 51.5468 51.4816 55.1961 47.3662 48.036 54.829 54.7356 51.4165 55.5942 56.55 51.9916 50.6721 53.3768 55.2498 52.9917 51.7757 50.9758 53.6897 55.2535 49.1081 58.2379 52.0494 45.812 58.6423 49.4532 50.4824 54.5403 50.6987 51.1775 50.8945 49.7875 50.1241 52.8696 54.012 54.5077 52.563 58.9319 52.0966 51.0808 52.0239 52.0138 52.1907 51.8312 53.4157 55.7317 52.4302 50.9713 52.1579 55.0823 46.2523 53.373 49.3502 54.2844 57.0638 52.5631 55.9314 46.2477 51.986 52.057 55.1621 51.6611 52.6924 53.8478 55.8279 53.1083 51.4612 52.9508 53.8536 52.6041 52.2382 54.5691 51.1442 50.2633 51.2843 52.7201 51.4898 52.5941 51.9008 55.0041 50.1415 52.3353 54.2821 54.1294 55.4445 50.4923 52.6956 52.3013 53.4393 52.4649 50.6528 49.3706 54.6822 53.7495 52.7075 51.0938 48.8391 52.0827 55.3571 55.9042 52.9867 54.4655 53.5017 50.6784 53.4617 60.4713 51.5652 54.7363 48.1098 48.3497 49.1089 52.8263 52.8977 51.9531 55.8433 51.0514 54.2449 55.3071 51.1896 49.8518 52.4455 52.2305 52.9567 52.1646 49.2518 54.809 48.5192 50.8687 51.9721 55.1133 50.5518 51.5228 54.7955 54.9558 52.5171 55.6682 57.3211 52.3031 50.2766 54.5995 55.9706 55.7619 51.5298 51.7114 48.7614 53.9391 55.6856 53.6848 50.3713
53.0577 47.1725 49.2633 50.9672 51.2379 49.0835 47.1562 47.5714 47.8138 48.5268 47.8101 52.8403 44.6646 49.3375 45.7516 50.6567 48.7248 47.2489 47.8436 51.382 47.9255 46.9928 46.145 49.7249 50.872 43.5837 42.2847 48.9678 48.9273 46.0438 51.4912 46.5067 51.9292 48.6436 45.2486 48.6314 46.9422 44.7097 48.5195 46.9085 51.5864 45.7429 47.1843 49.7937 51.1004 42.7484 48.2975 47.5874 46.5961 48.0714 51.6846 44.0396 49.5049 51.1981 49.8764 45.8334 44.4135 49.3634 50.2548 48.6693 50.0729 49.574 48.3036 45.779 47.7375 48.2242 49.0916 49.3442 44.5445 47.3473 48.2736 43.6627 51.1701 46.4582 42.9988 50.568 47.4883 48.4291 50.4638 45.6732 48.679 44.4277 48.0148 45.011 48.5373 48.9277 51.4063 51.0565 52.4957 48.2681 47.8144 49.1796 50.4436 47.3788 48.3032 46.8982 51.3883 48.7442 47.3824 49.2557 52.5287 45.491 46.6187 47.0049 46.7031 50.484 48.3627 50.4737 42.8118 48.8413 48.4281 52.0167 48.5518 45.1482 48.7641 51.2331 50.6818 47.293 51.475 47.8577 48.3772 49.6283 51.1577 50.6452 45.6862 47.0735 47.471 47.1206 49.979 49.0735 51.4461 48.0996 48.2126 48.745 49.2524 48.0055 46.3153 50.9535 46.8113 49.222 44.7955 48.2471 45.9734 49.2231 47.578 51.0288 46.9188 46.2835 47.2089 50.3174 51.5774 47.097 47.1567 51.1505 48.9744 48.9762 54.7585 48.1175 51.4367 49.8149 46.1499 50.1125 47.0096 50.1067 49.5226 48.2889 46.3063 47.1177 49.2109 46.2927 47.8309 48.4258 48.4119 49.9647 48.961 45.0814 51.1881 45.7333 42.7475 47.6583 48.4501 47.6421 46.3013 46.6044 49.5516 49.7738 49.7229 53.4638 48.0152 47.0149 48.8462 51.8951 49.9522 45.7293 45.0035 43.6839 47.9711 49.3856 49.1973 47.704
57.2139 50.6592 54.1051 53.6406 54.5458 50.0955 47.6517 51.4988 50.5572 52.0139 49.2829 55.9217 45.8656 52.1665 48.9968 50.7897 50.1364 49.6187 48.8645 53.1208 49.5645 47.0388 48.1083 54.3295 53.0022 45.6523 47.7856 49.3686 53.7705 48.6145 49.5056 51.3633 54.9495 52.8857 49.6298 52.7058 48.0577 47.7628 52.5273 50.3274 52.7463 49.9811 49.4371 55.0135 55.195 45.9499 52.1083 47.9644 46.8247 51.1075 53.843 46.5894 51.3315 50.9898 52.2384 47.8539 48.9028 51.8229 53.1572 50.2506 52.5299 54.2729 51.9927 48.9776 50.2736 52.6774 54.102 51.3434 50.2306 52.2343 51.5256 50.4777 53.7752 44.5874 44.5901 54.7791 50.3497 48.0763 52.5074 51.4483 50.0271 49.0208 48.6368 46.6379 51.1736 52.6267 55.2362 57.4631 53.887 49.1982 53.2303 53.1908 52.1522 49.3903 48.8916 50.4962 53.6926 51.212 48.8388 50.3977 54.3815 48.3655 51.3322 49.3439 52.3046 53.9503 51.958 53.6258 47.7868 51.0314 50.759 53.6489 49.5606 50.8637 55.2419 55.2956 50.2146 47.8448 52.5531 50.4605 51.0334 52.5048 52.9367 51.7861 48.7825 50.3402 51.9367 51.0548 52.198 51.7246 49.1717 49.4467 50.113 49.6461 50.6144 52.6777 49.0367 52.9192 50.3951 51.4998 47.0641 50.7273 49.7682 54.4367 51.7486 54.498 50.0879 47.9312 50.0056 52.3951 53.1623 51.0222 49.2431 50.919 51.1595 54.224 59.1005 51.1857 52.7425 48.0624 47.4412 48.3044 51.9636 51.1591 51.3223 51.4378 49.429 51.9855 54.2524 46.012 51.7318 51.9976 51.9739 52.7609 51.3691 45.9654 52.0164 46.4373 47.3824 51.7615 48.9379 51.3758 51.48 52.3647 49.3434 52.3693 53.3354 55.1185 52.298 49.3513 52.7693 55.221 53.3268 50.1093 48.5286 46.8146 50.8156 53.0086 54.217 49.0106
58.5733 49.2035 46.9211 53.3897 51.7403 47.5988 48.3086 50.8453 49.8662 49.5237 49.206 53.2719 47.3052 50.3877 46.5229 50.1487 49.9149 49.8503 49.6343 50.1532 49.4881 49.7478 46.8448 54.3102 52.7648 43.8322 45.6379 48.313 51.6036 47.4502 48.4708 47.0912 51.8183 47.828 46.6811 49.4925 47.7094 45.9586 49.6645 50.4215 51.555 49.0923 49.5254 52.3475 53.41 45.9149 51.2508 46.5069 46.1648 48.581 53.0248 46.109 50.6716 52.9556 51.3779 46.0094 47.0473 49.4342 52.6957 47.6264 52.4314 52.06 51.1214 48.3174 49.5562 51.9884 52.6133 47.3993 49.8673 49.9864 52.3606 45.7511 52.9239 47.8363 43.0233 54.6885 47.5363 47.3091 53.507 48.5306 48.6047 48.4985 48.0066 46.3139 50.203 51.604 54.3273 53.7793 51.5517 48.0724 45.7692 49.5076 50.2291 49.039 49.7683 50.0046 52.7403 49.9273 46.9959 50.7863 53.0881 45.363 50.3072 47.65 50.4205 52.0756 51.1729 52.3245 42.6145 50.5834 50.5016 52.1342 46.8166 50.6805 52.0358 53.6138 50.0898 46.9516 49.4116 50.3836 48.8936 49.2723 52.876 50.5926 46.0195 49.4171 52.2676 52.0443 51.4883 50.3236 53.2274 48.7654 48.3943 52.4006 51.7938 52.0249 45.4605 51.938 48.0548 49.991 50.1125 51.2924 46.7639 51.1107 51.1044 53.3729 49.3133 47.7444 48.2169 52.2713 52.8687 48.51 49.5999 50.0415 50.6184 52.4684 57.2812 46.4451 52.0013 50.1247 47.6975 47.4582 51.4003 50.0879 51.3394 51.357 50.4533 50.4365 54.8182 47.5512 51.0004 50.2506 49.0088 51.8465 50.2014 46.5293 49.3963 47.611 47.2958 49.9659 48.6132 47.8293 47.2213 49.048 49.8092 52.4954 50.8732 53.7693 49.6875 48.7214 51.1162 52.9931 54.9307 50.0217 45.5374 45.8397 50.4167 53.394 51.0526 52.5773
54.2481 45.6764 47.6414 50.3359 48.7797 46.3586 46.6041 47.719 50.5288 47.8085 47.001 53.5219 45.2076 48.7718 45.653 51.0475 46.9227 47.3068 48.3111 52.0801 45.6664 44.448 45.9859 48.8423 51.2645 42.2187 44.1996 48.9016 49.3591 44.9055 45.6229 45.717 50.1524 50.6093 47.1131 47.9605 46.1528 43.6322 47.2718 47.8599 50.2906 45.6051 48.7045 49.7261 51.5591 41.5123 47.2745 43.9473 45.083 48.2292 51.6578 44.4645 48.4449 48.7679 47.541 43.5384 42.1364 47.7437 50.5518 47.6307 49.7379 51.8463 48.2913 47.9333 46.4891 48.1567 49.0144 46.6459 48.2751 48.8481 51.4177 46.2156 51.095 47.2622 42.9685 51.6775 46.0811 45.9829 51.4747 44.8921 47.5152 46.0248 45.9471 44.6801 49.0166 49.7771 50.2862 52.7721 52.1552 49.5666 47.2516 48.8987 46.7714 46.9083 48.5974 49.5164 51.264 48.7518 44.6861 49.9919 52.8937 45.4308 47.5847 48.5028 47.8062 52.4711 49.3205 50.5324 41.4061 49.4235 48.5262 48.9819 48.2451 46.3626 48.6949 50.7343 50.0421 46.1818 49.2192 48.3818 46.7397 49.6201 52.8199 47.9369 46.3619 45.847 50.3566 48.0288 47.1373 49.1543 48.8594 48.6455 47.2503 48.9981 47.8679 49.5511 44.7323 50.7672 45.4799 47.3014 47.1988 47.9887 43.8066 49.2346 48.6017 51.1345 45.7702 43.9727 44.6142 51.1371 50.7493 47.8055 49.1377 49.5491 47.4277 49.0049 56.4555 49.0946 51.4231 48.7586 46.3421 43.8538 49.4222 49.1372 49.7015 50.7344 47.3234 48.7521 52.1636 45.4214 47.5781 46.6602 50.7297 47.0616 49.7822 43.1844 48.0023 45.7506 43.0949 48.1289 48.6056 44.4822 46.2888 47.9839 47.136 50.6692 49.5707 52.4087 46.2739 45.0147 49.6197 53.3426 51.4174 45.6408 44.4458 44.5414 47.1243 48.8994 49.3659 46.1039
55.4628 47.0676 48.2694 53.3204 49.6861 51.3691 47.2601 51.1013 49.7963 48.2022 49.2208 53.4585 44.2327 48.3159 46.4478 48.8436 47.9685 48.8147 46.6342 50.343 48.6172 45.842 47.2613 50.5827 51.3698 46.2059 45.5978 48.507 49.0184 46.7844 46.5104 47.1685 52.4134 48.5892 44.8584 49.3939 47.8035 45.4285 48.4334 46.3167 51.8508 49.2926 47.5842 51.1848 52.8638 44.2165 51.9225 46.9094 43.8283 48.558 54.1202 45.1433 48.1387 52.7219 47.9799 45.4897 44.8113 47.3665 51.5574 47.6531 48.9115 53.7963 48.6834 48.2317 49.2383 49.7666 51.184 48.6444 48.0244 48.1377 49.6241 46.59 50.3977 50.5233 46.1821 53.2164 48.6306 47.0914 51.6798 48.9838 49.6499 46.577 48.917 42.4156 51.8193 49.6925 52.4896 52.4384 49.4194 48.8543 46.324 49.2102 49.8266 48.4903 50.4137 48.824 51.6947 49.4072 47.6841 48.1176 54.8789 46.8162 47.9029 46.2914 48.8882 52.1254 49.5357 52.9924 41.8946 51.0716 50.0546 50.7465 48.3117 48.0474 51.2087 49.3608 53.8972 46.6573 51.2867 49.2625 48.464 49.4469 52.038 47.5024 44.8469 50.0451 49.8663 50.1975 49.1415 50.1355 49.1899 50.2309 48.1548 48.0623 51.296 51.2624 45.8062 49.6762 47.3552 47.6238 50.2956 46.9502 45.0468 50.0044 49.7388 50.6464 48.2296 48.1132 50.0365 52.0789 53.7194 47.3329 51.0445 50.3853 47.338 52.3794 54.6752 47.9412 52.7139 48.1683 46.5922 47.1516 48.0757 48.5431 47.4606 49.9629 48.5544 47.4914 51.4838 47.4633 50.3229 47.2267 48.9599 51.1712 48.8282 46.7714 47.7262 44.2621 47.2195 49.4801 49.1645 46.0576 46.2916 48.4632 46.384 51.6608 51.4674 54.4049 48.0265 47.9436 50.1026 52.6206 52.9081 50.6417 45.1702 45.1326 49.9014 51.3339 49.1001 49.0215
55.5662 47.0743 50.6344 49.7976 52.4721 47.8089 46.9378 48.4461 48.8547 49.9486 49.4155 54.2381 46.7658 50.5794 47.6864 52.2841 47.5443 49.8804 51.419 50.8937 48.8441 47.1986 44.5273 53.2178 52.2361 41.9132 45.873 48.968 51.3821 46.8779 47.6217 48.4259 54.5237 49.5006 45.9737 49.7712 47.6709 46.5939 48.6734 49.1709 52.6448 47.4903 47.6927 51.4453 51.5776 42.7039 48.9968 47.1375 45.6486 47.7397 54.0269 44.2899 49.1321 51.9913 52.2422 44.0044 42.692 48.976 51.486 47.26 49.6398 52.8664 47.6586 47.7172 50.8741 53.6167 52.2515 48.2378 49.8472 48.3965 50.2354 45.7625 51.5256 48.9141 43.1459 52.0344 47.7551 48.6367 51.1542 46.9679 50.5189 47.2565 48.052 46.1413 51.1171 50.6463 51.5198 55.618 53.1242 48.6648 49.3069 48.861 48.3168 48.4522 49.3122 48.2995 49.8834 48.9039 47.1083 49.8661 52.9892 44.8417 50.4961 47.2026 48.3357 53.018 50.4851 53.7575 43.854 50.652 49.3609 51.0377 49.008 48.0468 51.1093 53.3703 47.5306 48.6936 52.7029 51.3096 50.4723 48.9088 50.4194 51.0998 47.9945 48.7829 50.4039 51.3525 50.2238 49.005 50.1938 44.4694 50.4661 51.8797 51.0495 49.867 44.9545 49.9966 48.3114 49.3273 49.8826 49.5249 45.8673 52.4824 50.2592 52.4284 48.7499 44.1858 47.3391 51.6054 54.1689 50.4277 48.206 50.9353 46.1949 52.0972 58.6649 51.9008 51.7333 46.8589 46.658 47.024 50.9399 47.6268 49.0522 52.9945 48.498 49.3388 51.6165 47.0045 49.3918 47.3614 49.8321 51.9384 50.4197 47.519 50.094 46.9941 46.8384 49.3152 50.1074 49.1323 49.2145 50.1919 48.1868 51.1897 50.4219 52.1243 48.1496 46.6854 52.3588 53.3553 51.2531 50.4438 49.1143 46.1653 47.6176 51.3304 50.9409 46.5514
51.5893 45.5838 46.4991 50.6747 52.032 46.651 48.8187 47.1079 47.7324 49.8755 48.9467 50.0866 43.7592 50.7878 43.4458 50.6861 48.2606 46.0675 49.0719 49.95 45.935 45.7023 46.7664 51.884 49.6888 43.0204 44.4656 46.292 49.4524 45.7679 44.527 48.787 49.7354 46.7219 43.9161 47.7333 45.9792 43.9342 48.4352 46.5328 48.8865 47.0263 48.1248 49.8628 50.9764 42.0172 49.8082 47.2301 44.7245 48.53 48.7931 42.7118 49.2665 49.0614 46.8918 44.6174 44.9534 47.5523 51.1018 45.8072 48.8971 52.4615 48.4766 45.1649 47.2743 50.0571 47.3544 47.7123 44.0485 48.0091 49.1028 43.6069 51.513 47.6264 43.9398 52.1613 48.3695 46.1623 49.9493 47.757 47.7127 46.1793 44.5874 42.9387 46.9683 48.6728 52.8468 51.6126 50.913 46.6544 46.3248 48.4991 50.7961 47.3751 46.744 47.6942 49.9746 49.651 47.3736 48.058 54.3901 43.616 49.3371 46.0488 51.3861 50.0213 49.4173 50.0517 43.2887 48.9331 47.8462 48.3751 48.5412 47.4244 47.7265 50.9607 51.3891 45.3759 49.6644 47.8989 45.8608 47.7599 50.3638 44.4043 45.255 48.6616 48.8272 48.274 49.2675 49.2915 49.6972 46.4038 46.4784 47.9257 46.8088 51.087 46.7628 49.8732 45.9619 49.4465 49.2733 47.0578 45.6974 48.0295 47.361 50.9016 48.3238 44.3311 49.5801 48.7267 50.7499 46.966 47.7758 48.5143 46.7031 48.0225 53.3377 45.1094 51.9526 46.2215 44.3782 44.9819 48.6332 47.8406 47.5201 52.1016 49.531 49.5682 49.1652 47.3782 47.6066 47.6611 48.213 48.9532 47.52 44.3105 48.6218 42.4849 45.6939 48.0548 48.2697 46.6509 46.5474 48.4594 45.8681 51.47 49.97 50.3411 47.2964 46.3333 49.9143 50.64 53.2816 47.8783 44.3438 45.7329 48.1903 50.0208 49.7877 45.7727
56.2404 48.0232 49.9033 53.0523 51.0119 49.2657 50.3957 50.4898 53.4092 52.1905 50.2813 55.6216 48.2608 53.1448 48.7164 52.3681 51.5992 50.0278 51.3862 53.4627 50.2804 47.4564 46.7358 57.7329 51.5689 47.282 47.0731 48.3443 52.3181 48.7203 48.1519 48.9424 54.3705 52.9781 48.8398 50.6617 49.1361 46.7729 50.0985 50.6236 52.8115 49.835 50.7447 51.4932 53.3532 46.6025 52.5245 48.7432 47.6065 48.0768 54.8687 45.6493 48.8292 52.1204 52.1519 46.5328 46.249 50.0967 52.7788 49.4918 50.807 55.2742 47.4785 50.5291 50.091 51.8992 51.9421 50.1451 50.4277 50.6941 52.9146 45.3534 54.2898 50.7429 45.6958 54.5499 49.4252 49.46 53.8116 49.6934 51.905 48.1273 48.8513 48.4159 51.2312 51.3273 52.1303 54.2302 53.3205 52.0039 48.5308 50.9275 50.3809 49.7507 51.163 50.1498 49.99 49.9754 48.6812 49.452 53.4918 47.7654 51.5023 48.3409 50.2365 53.9106 52.2275 52.357 42.5219 50.6447 49.3811 51.1461 52.0073 50.0881 51.5969 52.2697 50.2671 49.0802 50.9656 50.9701 51.3371 50.2254 52.4884 52.9257 48.5752 47.2352 50.1781 50.298 52.1115 52.6099 53.5099 50.3229 53.561 50.7864 51.2158 51.0173 48.4633 49.8921 48.513 49.6931 48.5482 48.9892 47.2841 51.5213 51.926 56.6745 50.7171 48.4465 50.6914 53.9018 53.985 50.9559 51.6362 52.7984 49.2332 52.4898 58.7721 48.6375 53.5433 48.3368 47.3998 47.3891 47.9324 51.2687 51.7399 53.5098 50.6993 50.3884 53.0586 47.0392 49.517 50.9388 51.8352 50.318 52.8929 47.3868 52.0392 45.0523 49.2277 48.8074 50.7037 49.2639 48.9116 49.2198 52.1538 54.3129 53.2021 53.4602 51.1839 46.6869 51.5909 53.931 52.1815 49.1624 47.5389 46.0044 49.3986 55.6103 50.1243 50.0906
61.0449 52.0099 52.9007 57.3245 56.2943 53.6481 52.9846 54.2078 53.1024 54.0026 52.3588 54.492 50.3282 56.6016 49.3034 53.4227 53.5578 50.9079 51.6982 53.6186 55.7353 50.448 53.2317 57.91 54.7104 49.4362 49.8302 51.6761 55.0938 50.9871 52.0732 54.1544 55.9636 55.2281 50.5725 53.9816 52.8513 51.8844 51.4116 53.8797 56.2554 51.1682 51.3546 56.089 58.0401 47.6255 53.2252 50.9908 47.7756 50.5495 57.2611 48.7235 52.4319 55.8978 54.9497 50.4283 49.3324 55.8365 56.5611 54.0241 54.4816 55.4023 53.2106 49.568 53.6307 56.8217 54.9051 52.6983 49.3542 53.031 54.778 47.0323 56.6121 49.9078 46.9457 59.0326 51.4485 52.6472 55.6633 53.4487 55.0438 50.6755 51.4271 49.4064 53.866 52.2872 55.3277 57.7234 56.7986 53.4662 52.0569 51.9421 55.1641 51.2292 53.2987 53.412 55.5278 53.8571 53.6085 52.718 56.3247 49.0821 54.906 51.9993 54.8128 57.6829 54.7331 56.43 47.5517 55.3616 52.847 54.7711 54.051 51.6315 53.1095 55.9987 52.5977 52.3668 57.0083 54.3807 50.8322 51.6495 55.0733 55.4736 49.5084 52.3727 54.1142 55.5667 54.3976 54.1051 54.4057 52.5996 54.3424 52.0181 53.8514 56.6248 52.5551 53.4687 52.5585 53.0226 51.4998 53.0813 52.0016 55.2909 55.1453 57.6796 54.3466 50.4916 51.9346 55.496 54.2649 53.9712 53.378 53.9142 50.3613 53.9058 58.7801 51.4262 56.3412 52.3288 49.9992 52.6051 54.1635 52.2249 53.0178 57.5663 54.3194 53.1743 55.0531 50.4333 53.4586 52.9403 54.5488 53.6168 54.7199 50.9039 54.4302 48.4578 49.3826 50.4273 52.6533 51.1375 50.1583 54.2981 53.5714 54.5797 54.8026 56.4902 53.1833 48.3271 53.8848 56.9529 56.6586 52.4887 50.5053 48.6801 53.2625 57.9407 54.1373 53.4102
54.1046 48.2383 50.793 54.7329 53.3889 49.2313 52.1166 49.5588 49.6717 52.1399 49.7017 53.4204 47.3408 50.5752 48.9565 52.8732 51.5528 49.4148 51.2185 51.5017 50.1417 50.1085 48.5693 55.0236 52.2475 45.9494 46.5335 48.6783 53.8513 47.9045 50.3785 52.5331 54.1617 52.0435 49.1361 49.2017 47.854 48.3678 51.4359 52.305 53.5171 50.0319 50.7988 50.1914 53.474 46.6154 53.835 48.0751 47.8169 51.5512 55.5972 47.5282 49.2291 51.8168 52.4913 48.8885 45.8762 52.6455 54.7235 50.8873 52.6901 55.0562 50.9141 49.0104 52.543 53.8507 50.8693 49.1035 50.5937 51.0581 52.2483 46.4531 56.6233 51.7135 46.1013 55.3494 48.0433 50.514 55.4016 51.0183 52.4612 50.1383 48.8947 46.762 50.9612 50.2973 52.2322 54.0575 55.4236 50.7244 48.9875 50.5056 52.456 49.9955 51.9551 52.2576 52.2366 51.5228 51.2602 52.4817 55.4236 47.1575 52.6781 50.4196 50.9624 55.3009 53.7892 53.4491 45.9718 51.2147 52.7048 53.8959 50.5065 50.2139 52.5802 53.8924 52.6787 50.11 50.8626 51.0682 49.6798 50.4964 53.7872 50.1471 48.1909 50.7225 50.1603 49.8429 52.2964 51.2816 51.0814 49.4643 52.2043 50.9224 50.879 51.1433 48.0515 51.4091 47.8138 48.4744 52.9171 51.6231 47.8669 52.425 50.5766 53.4791 51.4695 46.7322 47.8131 53.6742 53.5198 49.7825 51.6832 50.6883 49.0622 53.5069 57.721 48.7866 51.8036 50.4443 47.3455 49.4801 50.0918 49.9395 52.5819 54.532 51.5255 52.5509 54.4193 49.0247 50.1295 51.0726 52.208 53.1438 51.1541 48.7839 50.6434 46.862 46.9925 51.074 50.3576 49.3149 49.0677 52.1425 48.5643 52.1032 50.4433 54.3603 50.3501 48.8507 51.2881 53.3192 57.0694 52.277 48.2587 49.2881 51.5287 53.3647 53.6976 49.772
52.1778 47.075 45.7662 49.207 49.4471 49.3679 47.7838 47.1905 47.327 48.092 46.9781 51.3702 42.2484 50.6842 45.0201 48.8955 48.498 46.1579 45.9774 51.5471 44.6559 42.8434 44.854 53.2107 49.741 43.8941 44.1906 49.1531 47.6635 44.8264 44.3648 45.2754 48.8072 50.0429 44.6891 46.9825 45.4935 45.3278 45.6941 46.5012 50.3112 46.0391 46.6979 49.3534 50.651 42.9035 47.812 45.3741 44.7485 46.1302 51.5916 43.0059 45.833 48.1112 48.477 45.2847 43.1776 45.3567 49.5555 45.8223 47.2618 51.424 44.3276 44.1158 45.5478 48.7172 48.8518 48.0556 44.6884 48.0606 51.8613 44.6587 49.7727 47.3898 41.759 52.2502 49.0424 45.3315 47.2147 44.4122 46.8247 46.3105 44.6559 44.1291 49.1504 47.4868 47.0236 52.0033 51.1987 46.6322 47.1874 46.9118 46.3834 46.4671 45.0198 45.9606 47.2703 48.1013 46.0314 47.0866 51.6644 45.144 47.3638 44.2129 47.409 52.3802 46.7528 49.9562 42.1625 48.1297 45.8588 46.1862 51.383 47.3142 47.6353 49.8794 48.6566 43.7644 48.9567 48.0957 46.4539 45.2002 48.5442 46.5023 45.2753 47.3182 48.9501 48.9828 46.7632 47.8142 48.3775 47.0429 47.2729 44.5147 46.4862 47.8406 46.3117 51.2816 46.3985 47.9553 46.5823 46.0583 44.5419 48.8896 48.0373 51.0084 47.1323 44.1335 46.8972 50.5371 48.653 47.0495 47.6997 48.8577 46.2223 49.052 55.3188 46.251 49.2061 47.6731 43.5163 43.1005 47.3802 48.726 47.3699 48.6585 48.0611 48.3912 49.5988 44.3327 48.7276 45.8933 49.6256 47.8291 48.0482 44.5356 49.4982 39.8126 46.5043 44.5087 47.3447 47.2737 45.0511 48.4694 47.747 50.5333 50.6403 52.1186 46.3177 44.2628 47.3778 49.9942 50.926 46.5893 43.3618 44.2622 48.0647 48.5653 50.4136 44.9314
55.2456 49.9951 51.2667 54.9782 51.176 50.0622 49.0643 49.1437 49.6912 51.3557 50.5041 54.5038 45.7306 52.3275 46.1163 51.773 49.9394 46.7599 51.9079 53.2316 49.6449 47.8634 48.1976 53.6967 51.7227 46.3219 48.1233 49.9728 53.2938 47.288 50.2972 48.863 53.1747 51.0784 47.5488 50.5693 47.6319 45.2446 51.01 47.9087 52.375 49.0032 49.3509 54.8521 52.9069 46.4204 51.3183 47.0841 47.2011 51.5207 52.4038 46.4776 51.3092 53.1213 51.1729 47.6444 47.6706 50.3045 52.8507 49.884 53.551 53.3649 50.6253 48.6829 49.7723 52.6503 50.6386 50.7729 51.0587 49.8774 50.936 47.3099 50.7892 48.4723 45.699 55.623 48.3812 48.1721 53.7626 50.9227 49.7237 49.4777 46.2086 45.605 49.8977 51.4833 54.0548 54.1462 54.5587 48.1587 49.4782 52.366 52.2573 48.8591 49.846 50.127 52.5136 51.9973 51.2053 52.0089 56.1708 47.512 51.4901 49.6299 49.2872 53.7549 52.499 53.3873 45.5893 51.0023 50.0099 52.7603 49.4829 50.6596 52.1477 52.0959 51.2084 50.4255 50.2598 49.343 49.8856 52.2508 54.2139 49.3841 46.7555 47.2706 50.9959 50.6171 52.1106 51.1696 51.4621 49.4277 51.5389 50.3373 49.9334 54.262 49.0795 52.3974 48.5352 49.8514 49.5108 49.5273 47.5162 53.775 48.9919 54.2706 51.1289 45.4467 51.1286 54.4052 52.889 50.7089 52.04 50.2227 49.7967 49.4879 56.7173 48.8295 51.3591 49.0919 46.87 46.75 50.0178 51.228 52.4385 52.8164 48.1029 49.0266 52.0548 47.5525 50.4474 52.3947 49.9414 51.2755 50.427 47.0411 52.3595 45.528 48.179 48.943 50.7734 48.438 47.0838 49.5048 50.0728 51.0988 50.242 54.9959 48.2691 48.9446 50.5914 53.8274 53.5758 49.7397 45.8755 45.4015 47.9776 56.5304 52.8188 50.268
58.9046 51.2499 48.8854 52.9867 51.6845 50.7226 49.9487 53.1697 52.1244 51.5271 50.2613 54.1395 49.3375 52.4762 48.8687 52.3716 51.6889 50.2761 51.9832 52.1509 51.9374 47.3021 49.509 54.1009 52.2036 48.3189 47.4964 49.6854 53.4851 47.9054 51.2373 51.7954 56.4486 52.5436 47.5513 50.5646 51.1703 50.4147 51.9237 49.5857 53.2702 50.5019 49.0066 52.7734 55.1632 45.2189 51.7379 47.6468 48.1419 50.5739 56.5775 49.7119 53.0685 53.6007 49.7974 47.5132 45.812 48.7114 55.3188 49.5604 52.7256 54.5116 50.1093 49.6251 51.647 55.5626 54.2937 53.1992 52.629 53.1465 54.2375 46.4944 52.5503 49.8566 49.2308 55.7343 52.8992 50.1338 53.0994 49.5885 52.6562 48.5329 48.8009 48.2517 50.9506 52.3134 54.4979 56.0605 53.8926 52.1976 51.8275 53.4683 52.6762 50.9168 53.0586 49.2207 53.3168 50.5899 51.2047 52.6358 55.492 47.5682 53.0745 48.1524 51.5655 54.7381 53.0112 52.8867 46.4179 52.5628 51.8562 52.5138 50.8707 52.928 55.2475 52.3538 51.7226 47.6009 50.8978 52.3517 51.922 49.7977 57.0777 50.9699 46.5468 52.9833 51.0063 51.8417 51.5482 51.8764 50.7277 49.1983 52.8248 50.2459 51.4918 53.6997 49.6281 52.0248 52.0202 49.6424 51.198 51.088 48.4937 52.3641 53.7888 54.7817 52.0091 49.4516 51.4849 53.4029 57.3386 50.6309 51.6245 52.8337 49.8748 54.3233 59.9123 53.838 53.3154 49.5025 47.4188 46.1684 51.8889 52.5591 53.1968 52.7068 51.1586 51.5746 53.1612 50.4548 50.2127 50.5231 51.4845 51.9541 51.3528 48.0035 52.7714 46.6966 48.5565 51.8182 50.3854 49.1171 51.0046 50.8199 52.4313 55.744 51.8524 54.9129 51.7775 48.5184 52.0977 53.8449 54.8783 50.7379 48.6009 48.2245 49.9957 54.7371 52.129 50.0748
55.7217 48.2472 52.472 53.2276 53.0148 54.1698 51.455 49.9428 52.4139 52.9519 50.7352 54.1348 47.2109 50.95 50.3872 53.4634 51.4425 48.8432 50.2546 53.3465 50.9531 48.5343 48.3372 56.8394 54.3418 47.4854 47.4157 50.206 51.6519 47.1456 49.5056 50.0839 53.8996 52.3811 48.2795 49.1902 47.9623 46.0801 50.6518 50.7436 54.9236 48.849 48.6972 56.5207 52.8548 44.8722 52.4614 48.3997 48.8659 48.6148 55.545 47.4037 50.9801 52.6987 52.3418 47.9042 49.3573 53.2541 51.3621 50.3752 52.1054 54.3801 51.6766 48.8836 52.8992 50.7976 52.0067 50.192 51.2795 50.1651 51.1758 46.8775 56.4632 52.6283 46.2861 55.7389 48.5216 48.6194 50.8115 50.817 52.2927 48.4825 48.4839 47.7592 51.2362 51.9399 53.0148 52.6428 55.2948 49.2497 51.6656 50.6574 49.5538 48.6779 51.2183 51.0523 52.6308 51.4945 49.6103 49.8634 56.2289 48.5037 50.4215 49.8335 50.1259 55.3359 51.5425 54.0546 48.7854 52.3142 50.7208 50.6367 50.2667 48.0565 52.9559 54.0545 51.3737 49.8593 52.5572 51.6556 50.8251 51.8398 54.876 52.2288 48.4415 50.1556 51.8436 53.6367 51.6184 53.6341 51.0637 48.8714 50.7272 47.8776 51.2662 54.2919 49.046 52.6227 48.4231 49.8253 46.8636 49.2458 50.1163 53.3437 50.6779 53.4771 51.1552 49.6939 50.3039 55.1097 52.1736 52.4522 51.5269 51.6662 50.4948 51.8143 56.7843 49.1835 51.3709 50.32 49.0641 48.9334 49.132 53.7299 51.1781 51.9701 50.662 51.3811 52.8374 47.1605 51.8158 52.1555 52.7673 53.6697 51.9882 46.8355 52.5835 47.092 46.9911 48.5745 49.9069 50.3798 50.4586 53.2292 50.508 49.6984 52.5617 54.9192 49.8098 47.1963 50.4474 55.6914 55.3708 49.3963 49.0983 48.3121 49.1378 53.7674 52.12 52.2196
57.6517 48.8514 50.3621 55.479 52.3937 52.0683 50.1016 49.6817 51.4606 52.2279 50.6629 55.6328 48.9214 51.3647 50.3201 53.5093 50.6628 48.1497 51.2528 54.3381 49.2716 48.9985 46.8057 56.4545 54.7322 45.7668 47.5712 51.5924 51.4905 47.9409 49.5422 50.2499 53.1263 51.0387 48.098 50.9793 48.6468 48.5364 52.6336 50.6106 53.4493 49.8782 49.2517 53.9462 53.6752 45.9751 52.147 48.7426 47.7876 48.7852 53.3825 46.9001 50.1545 50.1662 51.8046 48.1801 47.9721 49.1353 50.6693 49.2055 50.7369 56.7983 47.8343 47.6868 50.5258 54.0554 52.5142 50.7273 48.3461 51.882 52.3166 48.0561 55.1201 50.8469 47.7956 55.2282 50.4259 48.0383 51.2597 50.6765 52.6338 47.4929 49.0445 45.3952 50.8034 51.825 52.8187 54.6888 52.5245 50.2307 50.6788 52.9271 49.1173 50.3931 49.9169 48.366 51.9342 52.3894 51.1803 51.2656 55.2736 47.8153 51.265 47.8994 52.0453 55.5238 51.2435 53.7613 44.2998 52.0868 50.1223 52.1048 50.7509 49.7514 50.1067 54.3985 51.1796 49.2804 54.6777 50.2889 50.6331 51.1158 53.2366 50.3325 47.3205 49.9056 52.7326 51.6986 50.7013 50.0568 52.3622 50.6522 49.0997 50.0817 51.5872 51.8654 46.5547 52.9534 49.6007 50.0113 49.7945 51.8246 49.7113 52.1851 51.6352 54.3061 50.0943 48.334 52.5025 54.7945 54.541 49.4626 50.0302 52.9278 49.097 53.1366 57.8409 50.2815 52.0317 49.3211 47.938 47.1854 48.8274 54.2794 51.5867 52.0508 51.6716 53.1583 53.3338 47.2806 52.0819 48.5172 50.6167 53.6412 52.3363 48.7074 50.9189 46.4654 46.9369 49.3439 51.5944 50.7538 49.7122 52.9099 49.7799 51.5124 51.1241 55.0601 50.2744 48.6664 50.0851 56.7133 55.7899 49.455 47.1315 45.3314 51.7616 54.3028 52.2137 49.2387
54.5998 48.8528 50.3175 50.4695 50.7693 48.9443 49.0039 49.4542 50.7054 50.8516 48.0782 53.5096 46.2778 50.6471 45.9409 51.6317 49.663 47.2698 47.4238 52.2396 47.9392 45.3359 48.5743 50.646 52.2235 43.2269 45.6078 49.0034 51.1374 45.9604 47.0496 48.145 53.7512 52.5052 46.382 50.3166 47.4347 46.2903 48.8024 49.7919 49.2853 50.2995 47.5957 51.0153 53.598 46.821 52.0789 47.9519 45.1719 50.2473 49.7478 45.2094 49.5284 48.8506 49.7195 46.5545 45.0689 47.2353 50.5874 48.5619 52.0025 53.9832 50.945 48.6804 48.5405 52.0158 50.3589 48.4159 46.7932 48.0108 50.2302 44.7501 52.2574 47.728 41.8974 53.7284 49.6987 47.6204 54.4799 48.7893 50.3338 45.6611 48.331 45.5005 48.3463 52.9981 51.6058 54.4221 51.3941 49.7901 49.2102 51.5969 51.1188 48.0892 46.5132 47.8375 50.3302 47.6675 49.7398 46.1559 52.8852 48.0764 49.3873 49.5056 52.1743 53.5602 50.5804 51.3053 41.9752 47.6223 49.72 49.8675 50.1902 47.8181 51.5684 53.6626 51.3831 46.4634 49.1901 49.5459 49.2393 50.1969 51.3624 48.6811 48.7275 49.3963 49.3132 49.8792 50.277 52.4555 50.3919 50.3443 49.5703 48.6332 48.5218 50.3907 46.2867 53.4215 46.3827 49.2513 49.9286 50.2761 44.3849 51.9965 50.3652 51.5465 46.915 47.6151 48.5619 49.1009 53.5305 49.6658 48.3289 49.1616 49.0817 49.9216 57.5001 47.6532 51.268 46.8652 44.8831 47.1734 49.5343 50.2774 51.5319 51.477 49.0431 50.1638 52.203 46.0026 49.8528 50.0601 50.0619 49.7893 52.1019 46.1719 49.6224 44.6576 45.8595 50.3264 49.994 50.0933 50.2266 50.7415 48.7623 52.099 49.4725 52.2203 50.0141 45.8586 48.6196 50.5949 55.4834 50.035 47.1352 47.0212 48.5279 52.568 51.3836 46.3616
55.1817 47.9241 51.7555 51.8521 53.3526 49.6128 48.19 51.6814 51.4346 50.0386 50.0689 53.8235 47.4158 51.8516 48.644 51.0711 49.2838 47.7452 49.2825 50.1882 48.4921 47.8892 47.8696 52.9322 52.3428 44.2866 45.3036 47.5521 52.568 45.8148 49.6735 48.1316 52.859 49.8466 45.7344 48.9203 49.2547 48.5279 52.3772 49.5029 51.5672 48.1688 49.5264 54.3754 52.6164 42.8854 48.8508 49.132 46.338 50.7594 53.8284 47.4824 49.3649 52.4854 51.7147 48.1083 47.2383 49.3121 52.0487 50.6418 51.2143 54.8822 48.4908 47.0826 51.4162 52.1958 52.6232 49.8892 46.7375 48.498 51.4627 44.9798 53.4195 48.6109 45.175 53.9059 48.9443 48.7249 52.8238 50.7948 52.9267 48.0749 46.269 45.0882 50.7593 52.3355 52.9533 54.4216 50.911 49.7573 47.4544 50.797 50.837 47.7079 48.4107 48.6373 53.3946 50.7177 49.0026 49.2574 54.7542 46.7449 48.2473 47.8681 48.8472 54.1996 49.9406 53.7495 43.7994 52.448 50.8359 50.3944 49.3926 48.1956 49.86 51.291 51.6248 48.1136 53.5377 50.2637 47.8594 49.1834 53.0616 51.8924 47.408 49.2668 50.3541 49.5402 52.2765 49.7488 50.4791 49.4037 48.2432 51.1405 50.6036 52.3313 49.4372 52.519 50.5604 49.5042 47.0951 50.6497 49.8566 52.4011 50.6892 54.108 49.9623 46.2656 50.7914 53.242 51.6021 47.5348 52.145 50.173 48.4455 51.0759 59.1019 49.2193 49.5411 49.2898 45.0475 45.7462 49.419 49.9392 51.3088 51.1548 50.0026 51.7415 50.2436 47.6009 50.904 49.2438 51.1602 51.5402 50.3219 47.1423 50.6175 44.4365 46.1925 49.3949 50.0763 49.0263 48.3553 50.1146 50.4135 48.8071 51.54 55.2212 49.1076 48.9782 48.915 53.6703 52.9467 48.511 47.9126 44.7449 51.9345 52.9564 48.4354 49.0639
56.7294 50.8031 53.3651 56.7169 54.3351 51.5576 52.7622 53.0765 53.5108 53.0894 50.0021 56.2932 48.1871 52.7736 49.6672 53.1437 49.7266 50.2877 53.3975 54.0775 50.8701 48.8119 49.9467 56.6 52.6849 47.1477 50.0953 49.6179 53.3908 47.2002 49.3272 51.4373 56.0517 55.0838 50.4022 54.1359 50.4437 49.5706 52.9832 52.5842 54.8265 51.7281 49.9374 55.247 55.3526 46.7741 52.6277 50.4549 49.58 50.3979 54.7555 47.9351 51.8605 54.2446 54.587 48.6275 47.5218 52.542 55.266 51.6366 52.3224 54.8072 51.496 48.576 52.6471 54.0947 53.1512 51.1301 50.8633 55.6213 52.5669 49.1931 57.221 50.4224 47.8541 56.6003 51.9988 52.1257 54.9913 51.7031 55.6855 48.9439 49.1574 47.2321 54.1904 53.8196 56.7219 57.3057 54.7036 52.4417 51.8722 51.4062 51.9271 51.9829 50.8005 52.6345 54.3825 54.2109 51.9114 54.1235 57.1644 48.6666 50.9104 50.7635 53.4066 56.477 53.2336 58.0147 47.5098 52.9405 53.1015 55.2663 50.9958 53.2852 55.7795 56.7963 52.3294 50.9071 54.6791 50.3432 48.5914 51.0809 55.6531 52.3536 47.4099 50.1331 53.0419 50.1802 51.1031 52.5406 55.5421 49.03 50.8071 50.1793 52.7726 54.7611 49.3114 52.5106 50.2641 52.7627 53.9495 51.8693 50.9207 52.8779 53.1979 56.3228 50.7586 50.5699 50.2502 54.56 56.2143 51.6838 52.2096 51.8385 48.8372 54.886 59.2001 51.507 54.203 51.7251 49.3918 50.5031 53.4168 51.8805 52.5571 54.4018 51.7862 55.0885 55.775 51.0432 51.971 50.9381 53.4433 51.9433 52.6977 48.1241 51.3604 50.4194 49.5176 50.8775 52.7195 50.9546 52.3711 51.6006 52.1957 53.3834 52.9131 56.5015 50.9496 50.8008 52.2573 55.3148 54.9721 52.0839 49.9123 49.6031 52.8196 56.5301 54.6124 52.6823
53.8048 48.1198 49.0056 51.4226 50.9359 48.6955 47.9057 48.0225 48.5159 50.3393 48.4253 52.1183 46.1304 49.6275 46.1059 49.7762 49.0364 47.5899 47.6938 50.1741 47.9345 46.7805 46.1537 53.5967 51.2134 41.6987 44.8636 47.44 50.5675 47.4929 49.8386 47.673 52.2695 48.9619 46.4123 46.3638 45.1937 45.8254 50.0625 47.2994 50.2061 44.5568 47.1374 51.3875 50.9859 44.8894 48.3445 44.369 42.2635 47.3867 53.3042 46.3846 48.339 51.6531 51.7827 46.7187 46.0535 51.1992 51.3134 46.9379 50.5923 50.4371 48.5576 47.0714 48.6668 50.9374 50.9021 49.0081 48.1377 48.3652 49.7394 48.0818 52.5608 47.7999 42.3628 52.8584 47.3459 47.6719 50.9116 48.0418 49.3256 47.2035 47.5114 45.9457 47.457 52.0892 49.1057 54.7728 51.5726 48.6434 48.931 49.4917 48.3752 47.0808 47.3457 48.6039 51.0449 48.8345 49.185 50.4968 53.2221 46.9522 50.7857 49.8515 50.6412 50.3564 49.4474 51.6359 44.8476 51.0783 50.6451 49.857 46.5919 48.1123 49.8569 51.4422 48.6275 47.2705 50.5334 50.0689 48.8819 48.428 51.6437 49.7281 44.66 48.2526 50.2504 50.0783 48.1476 47.9044 50.3 48.6086 49.7404 46.9497 51.4336 50.6792 45.6439 48.4012 45.0112 49.892 47.8628 49.569 47.5116 51.0189 50.1058 52.3688 49.4341 46.408 48.2708 52.8216 48.785 50.8157 47.9177 47.7291 47.365 51.0767 55.3828 47.2048 50.0457 48.6613 45.38 46.3996 49.6041 48.5334 50.9826 49.9748 48.0939 51.1009 52.5142 48.6274 47.4605 47.1055 47.1188 50.7653 49.3819 47.4606 50.2767 45.8418 45.7035 47.9111 50.5728 47.5225 48.3402 49.6589 48.2005 49.5933 49.9629 52.8135 48.0114 44.8757 49.2614 51.6977 53.8377 49.1279 47.1432 45.4362 48.6757 50.9893 51.9912 49.5397
49.5562 45.7982 47.3355 49.3045 51.157 44.6309 46.6155 48.2673 45.803 47.6739 47.4397 48.3941 43.4647 48.4982 44.2839 46.8798 47.1218 46.6298 46.552 48.8664 46.6744 43.5494 41.6936 49.7392 47.367 42.7895 43.5671 44.0754 48.8918 46.5954 45.2772 49.1489 48.6956 48.8845 45.4015 44.6225 45.908 45.1143 47.5369 46.9138 49.4604 47.1139 46.2444 50.3571 47.5513 41.8325 46.1062 45.2407 44.3202 45.8392 51.2346 43.4578 45.7177 46.5624 47.7861 42.5874 43.0046 47.3872 51.0336 46.0675 47.8838 51.9914 46.2139 45.0907 45.704 49.2783 49.2251 46.09 45.8499 46.0844 48.6784 44.1828 48.8445 44.7695 40.1866 50.3102 45.8862 45.9075 50.7749 44.4038 47.4201 43.8371 42.4017 46.2061 48.9696 46.1288 48.6276 53.108 50.3192 48.1122 49.3381 47.2688 47.9305 45.1914 45.2591 47.6949 48.4885 48.8951 44.286 47.9063 51.234 42.6137 49.0927 46.4417 46.8909 52.6218 47.8417 51.271 42.9842 50.0846 47.0134 48.1769 47.8865 45.6601 48.8327 52.4191 47.693 43.3383 46.6522 48.8305 45.0286 47.4841 49.7531 47.4783 42.8893 47.1389 46.9795 48.0181 47.2741 49.48 47.5529 47.297 46.1974 46.6205 45.1326 48.1035 43.7027 48.4593 48.0684 46.3131 44.7006 46.8552 45.5973 49.565 45.4349 51.9352 45.6697 46.1114 44.391 47.826 49.572 46.9246 45.1888 43.8517 45.0796 48.6934 55.8872 45.6795 48.8518 44.3746 44.1552 43.0453 47.9063 46.5301 47.8124 49.652 48.0981 48.9476 48.9136 45.5354 45.4597 46.2942 48.2765 46.1764 46.2561 42.1633 48.3172 42.316 44.7038 44.9786 46.0829 44.7842 44.878 46.9069 46.1173 51.1189 47.5847 49.9238 48.1396 44.381 47.6169 52.0112 52.7389 46.0602 44.9047 43.2335 48.0535 49.9982 47.6447 46.9218
59.594 52.1135 53.0649 56.4298 57.018 52.5501 54.614 53.5994 54.7428 57.5691 54.2825 57.3885 49.3389 57.3884 49.8663 56.2503 53.6012 50.5564 53.2015 57.1562 53.2324 50.0742 52.0628 57.8787 56.372 48.496 51.7675 52.716 55.5946 49.1375 52.4539 52.7972 58.6218 54.6159 49.6251 52.546 50.6123 49.4646 55.0037 53.8547 57.1601 53.7011 50.5996 55.4646 55.5499 45.9367 54.4351 50.8606 49.978 52.6888 57.1057 50.7384 54.8493 53.817 53.7184 50.5323 50.412 54.9398 56.5103 54.1908 58.0438 58.2988 53.5669 48.707 53.2432 56.0249 56.333 54.6596 53.6327 53.6045 55.9589 48.9337 59.811 50.9387 49.5811 59.2591 51.5783 52.2902 55.4246 54.1994 54.2302 52.3578 51.6057 51.3191 54.8696 54.7996 55.7654 58.5846 56.814 54.1146 51.8896 55.8243 56.8936 53.4644 53.5927 56.5298 56.9465 55.5194 51.9605 53.4128 58.9782 48.4935 55.0078 53.4236 55.1761 57.3589 56.4296 56.0227 47.2327 53.6104 53.6529 57.6269 53.6187 53.5385 54.2304 57.3645 55.8568 51.6755 55.2551 54.8683 52.2288 55.2453 58.447 52.5716 50.1563 53.2344 55.3665 54.1528 55.0988 55.3708 54.0337 52.6145 53.3448 56.7608 53.3948 56.1125 51.7794 55.6471 50.7415 52.8428 54.3142 55.9659 51.8675 53.4058 51.1653 56.1517 50.8976 48.5239 52.0189 56.4706 57.3735 52.249 53.1593 53.9623 54.4352 55.3086 62.4922 55.3661 55.9115 53.1394 49.8534 51.5804 56.143 53.6659 55.3557 54.4956 54.0923 55.1904 57.4893 48.8905 53.9853 53.8877 55.6595 56.5586 53.8387 47.981 55.9703 50.8361 51.5347 54.088 54.9789 52.5026 52.4672 53.9701 53.9349 56.1237 57.6248 56.1619 51.7882 52.6092 54.8169 57.8158 60.3966 54.708 51.7892 49.7006 54.8268 55.3311 56.8529 51.9575
